day_number,AN1_50S_WS_Avg,AN2_50N_WS_Avg,AN3_30S_WS_Avg,AN4_10S_WS_Avg,AN1_50S_WS_Std,AN2_50N_WS_Std,AN3_30S_WS_Std,AN4_10S_WS_Std,AN1_50S_WS_3SA_Max,AN2_50N_WS_3SA_Max,AN3_30S_WS_3SA_Max,AN4_10S_WS_3SA_Max,WV1_48N_WD_AVG,WV1_48N_WV_STD,WV2_28N_WD_AVG,WV2_28N_WV_STD,WV3_8N_WD_AVG,WV3_8N_WV_STD,ANx_80_WS_min_Avg,ANx_80_WS_Avg,ANx_80_WS_max_Avg,TRH1_50_TMP_Avg,TRH1_50_RH_Avg,TRH2_10_RH_Avg,BAR1_50_PRES_Avg,BAR2_10_PRES_Avg
1,8.25,8.08,8.08,7.808,0.477,0.465,0.45,0.501,9.19,9.08,9.18,8.87,107.1,2.959,110.3,3.03,125.6,3.894,6.721,8.41,10.09,12.64,91.6,91.2,1015.0,1019.0
2,7.931625,7.739999999999999,7.698541666666666,7.1395625,0.46445833333333336,0.45597916666666666,0.47241666666666665,0.5419791666666667,9.043854166666668,8.864520833333334,8.864125,8.460645833333333,107.11666666666667,3.4412291666666666,110.08749999999999,3.64025,124.57291666666667,4.461791666666667,6.397666666666667,8.206395833333334,10.028520833333333,13.60375,88.45041666666667,90.18124999999999,1010.2916666666666,1014.6458333333334
3,8.645895833333332,8.442166666666667,8.318,7.6840625,0.7203958333333333,0.7367083333333334,0.7146041666666667,0.7693541666666667,10.424625,10.2885,10.164,9.715770833333334,161.43541666666667,4.281979166666667,162.49583333333334,4.4309375,177.58124999999998,5.547249999999999,6.9026875,8.987145833333333,11.089020833333334,13.725,84.18166666666666,85.316875,999.0208333333334,1003.3541666666666
4,4.659020833333334,4.613875,4.5183333333333335,4.090395833333333,0.45877083333333335,0.4530625,0.45227083333333334,0.5125833333333333,5.838020833333334,5.754333333333332,5.6121875,5.26725,160.19166666666666,6.261270833333334,164.46875,6.0177499999999995,179.01041666666666,8.375729166666666,3.4099166666666663,4.9098125,6.559270833333334,12.660416666666668,75.22666666666667,76.96666666666667,998.9375,1003.1041666666666
5,3.9343749999999997,3.9408333333333334,3.697645833333333,3.6446458333333336,0.35560416666666667,0.3350625,0.38177083333333334,0.4449166666666667,4.746083333333334,4.7201875,4.577,4.6641875,157.14643750000002,5.676854166666666,163.04333333333332,6.1542708333333325,177.94208333333333,8.223645833333334,2.5227291666666667,4.0534375,6.089875,12.267916666666666,94.18958333333335,92.5125,986.7916666666666,990.9583333333334
6,6.8060624999999995,6.795270833333333,6.6504166666666675,6.147375,0.494375,0.49922916666666667,0.5054375,0.6888541666666667,8.014395833333333,7.9893125000000005,7.8784375,7.656124999999999,267.6740208333334,4.879041666666667,266.124375,4.607083333333333,243.81008333333332,9.798083333333333,5.3228125,7.1236875,8.945145833333333,12.299791666666666,90.96458333333334,90.60875,985.2291666666666,989.5625
7,5.1426875,5.066166666666667,5.007770833333333,4.658291666666667,0.36362500000000003,0.37325,0.38214583333333335,0.5165000000000001,5.995854166666667,5.9480208333333335,5.9505625,5.822166666666667,163.9625,5.8930625,163.56179166666666,6.428895833333333,166.91247916666666,8.884145833333333,3.7315,5.351354166666667,7.0568333333333335,10.705916666666667,89.30041666666666,88.745625,985.9375,990.2291666666666
8,5.155708333333333,5.165729166666667,4.9980416666666665,4.863875,0.4799166666666667,0.500625,0.46227083333333335,0.4908958333333333,6.303208333333333,6.3625,6.1617291666666665,6.062833333333334,266.675,7.701270833333333,266.44166666666666,7.6645208333333334,259.28375,9.877875,3.806625,5.32675,7.013916666666667,12.516041666666666,80.63208333333334,81.34041666666667,990.2916666666666,994.5833333333334
9,4.269645833333334,4.165958333333333,4.179833333333334,3.6702708333333334,0.2898541666666667,0.30275,0.3139166666666667,0.44910416666666664,4.903708333333333,4.831583333333334,4.8641250000000005,4.673208333333333,224.06035416666668,4.302229166666667,220.51539583333332,4.700958333333333,182.10808333333333,7.870354166666666,3.2456041666666664,4.528125,5.892458333333334,12.346458333333333,88.34937500000001,88.34375,1005.4166666666666,1009.7708333333334
10,3.8610208333333333,3.8017083333333335,3.8296666666666668,3.786583333333333,0.27197916666666666,0.29922916666666666,0.28877083333333337,0.30624999999999997,4.5264375,4.519541666666666,4.514145833333333,4.4770208333333334,201.34583333333333,5.925145833333333,207.32645833333333,5.8693124999999995,225.06875,6.90675,2.7727083333333336,3.9277916666666663,5.286979166666667,12.8225,77.13770833333334,82.88458333333334,1017.0416666666666,1021.3125
11,6.059787234042553,6.058787234042553,5.8836382978723405,5.549765957446809,0.47312765957446806,0.4928297872340426,0.4729574468085106,0.5241489361702129,7.226212765957447,7.249893617021277,7.022765957446809,6.850914893617021,215.63617021276596,4.278829787234042,216.97234042553194,4.521617021276596,238.9340425531915,6.081936170212766,4.748702127659574,6.291297872340425,7.842617021276596,12.90787234042553,80.89340425531914,82.47276595744681,1014.8723404255319,1019.1489361702128
12,7.172666666666667,7.169958333333334,6.8426875,6.190083333333334,0.6642291666666666,0.6686458333333333,0.6455833333333333,0.7383541666666668,8.8805,8.872166666666667,8.534125,8.0480625,215.79166666666666,4.9119166666666665,215.62291666666667,5.0246249999999995,233.5895833333333,6.9742291666666665,5.5453125000000005,7.580291666666667,9.6368125,12.955,84.50395833333333,84.87208333333334,1000.2708333333334,1004.7083333333334
13,5.60775,5.6070625000000005,5.463979166666667,5.2526874999999995,0.47950000000000004,0.5009583333333333,0.47925,0.5610416666666667,6.799145833333333,6.871958333333333,6.605604166666667,6.5406249999999995,260.58160416666664,5.1308750000000005,258.09616666666665,4.952333333333333,266.5037916666667,8.693875,3.9806666666666666,5.806625,7.69025,10.946041666666666,86.79833333333333,87.30895833333334,995.1666666666666,999.4583333333334
14,7.210617021276596,7.171617021276597,7.001914893617021,6.691319148936171,0.7297234042553191,0.7561063829787233,0.6717872340425532,0.6909574468085107,8.947170212765958,8.971170212765957,8.645744680851065,8.436212765957446,227.75531914893617,6.061212765957447,227.4255319148936,6.078127659574467,245.7127659574468,7.40736170212766,5.4401063829787235,7.493765957446809,9.624744680851064,12.370212765957445,80.99723404255319,81.68255319148936,1000.0,1004.2765957446809
15,9.473148936170213,9.127212765957447,9.140382978723405,8.821872340425532,0.8723617021276595,1.0064468085106382,0.847127659574468,0.8478936170212765,11.644319148936171,11.569510638297874,11.370914893617021,11.020893617021276,231.5,4.779702127659574,232.68085106382978,5.114808510638298,252.3553191489362,6.908234042553191,7.245404255319149,9.71559574468085,12.216085106382979,12.450425531914894,72.25255319148935,74.41531914893616,1001.4042553191489,1005.5957446808511
16,7.163458333333334,7.054833333333334,6.905645833333334,6.7043125,0.6373125000000001,0.698,0.6428125,0.65725,8.663166666666667,8.707020833333333,8.46475,8.378166666666667,245.8708333333333,5.132979166666667,244.91666666666666,5.216583333333333,261.6458333333333,6.995145833333333,5.3226249999999995,7.381125,9.476354166666667,12.018333333333333,72.42937500000001,74.970625,1012.9791666666666,1017.3333333333334
17,3.4836458333333336,3.4477708333333332,3.494979166666667,3.3892291666666665,0.27387500000000004,0.2806875,0.277375,0.2828541666666667,4.089645833333333,4.074791666666667,4.089958333333334,4.054291666666667,187.37020833333335,5.671937499999999,177.33,5.6769791666666665,201.149375,5.210958333333333,2.4289375,3.5741666666666667,4.920375,12.533125,78.15020833333334,82.69562499999999,1022.5416666666666,1027.0416666666667
18,4.337479166666667,4.1785000000000005,4.232395833333333,4.036520833333333,0.2791666666666667,0.32283333333333336,0.334,0.34125,4.988479166666667,4.9158333333333335,4.971354166666667,4.849166666666666,189.22270833333334,4.195895833333333,193.41895833333334,4.126895833333333,215.16875000000002,6.387895833333332,2.9915833333333333,4.4571250000000004,6.0027083333333335,10.963645833333333,87.698125,90.58333333333333,1028.4166666666667,1033.0416666666667
19,3.6217916666666667,3.5273958333333333,3.4637083333333334,3.24975,0.35933333333333334,0.3920416666666667,0.35818750000000005,0.3720625,4.4824166666666665,4.443666666666666,4.313916666666667,4.1225625,194.67375,9.127270833333332,192.5979166666667,8.554333333333334,215.50541666666666,9.433,2.504625,3.7648333333333333,5.322729166666666,11.843541666666667,89.31458333333335,90.57333333333334,1030.8958333333333,1035.6458333333333
20,3.6415208333333333,3.588354166666667,3.502541666666666,3.1302083333333335,0.32027083333333334,0.3163958333333333,0.321375,0.33227083333333335,4.421625,4.37525,4.255916666666667,3.9341458333333335,157.28979166666667,6.5021458333333335,160.28062500000001,7.558520833333334,178.26,8.336583333333333,2.4335625,3.849458333333333,5.574895833333334,12.200416666666667,89.07208333333334,92.46875,1031.25,1035.7708333333333
21,3.7985208333333333,3.7366041666666665,3.4737500000000003,3.3232083333333335,0.27897916666666667,0.2686458333333333,0.29941666666666666,0.3108958333333333,4.46575,4.415145833333333,4.2474375,4.0363125,136.238125,5.149729166666667,149.129375,8.153958333333334,173.713125,6.523958333333333,2.7896875,3.8945833333333333,5.9835416666666665,12.254791666666668,85.115,89.049375,1030.6458333333333,1035.1666666666667
22,4.269416666666666,4.200645833333334,4.160770833333333,3.9028958333333335,0.2521875,0.26510416666666664,0.2586458333333333,0.2992916666666667,4.8261666666666665,4.787645833333333,4.7905625,4.6140625,197.72708333333333,3.619291666666667,199.12708333333333,4.213104166666667,219.95833333333334,5.202958333333333,2.9975625000000004,4.4205625,5.9926666666666675,11.412854166666667,86.28416666666668,91.24520833333334,1027.2708333333333,1031.6875
23,4.70836170212766,4.560957446808511,4.780340425531915,4.563382978723404,0.3695744680851064,0.41804255319148936,0.36295744680851066,0.4411489361702128,5.56027659574468,5.4910212765957445,5.614978723404255,5.580723404255319,209.24534042553194,6.02031914893617,217.99729787234043,5.7842553191489365,220.36968085106383,9.147234042553192,3.457340425531915,4.861808510638298,7.311063829787234,11.088723404255319,86.7668085106383,93.01510638297873,1018.8085106382979,1023.2765957446809
24,2.3945833333333333,2.3662083333333332,2.432729166666667,2.4613125,0.3434791666666666,0.3552916666666666,0.3550416666666667,0.3970208333333333,3.2751041666666665,3.251375,3.2953125,3.4896041666666666,189.07916666666665,13.522583333333335,189.65708333333336,13.621520833333333,191.6925,14.528416666666667,1.6130208333333333,2.4485,3.5748541666666664,9.854375,90.45625,89.04458333333334,1009.6041666666666,1014.0833333333334
25,3.206375,3.1422708333333333,3.079083333333333,2.8809791666666666,0.32002083333333337,0.3185,0.321375,0.3603541666666667,3.94975,3.878833333333333,3.8306875,3.7776041666666664,151.71945833333334,8.276020833333334,153.3935,8.751104166666666,168.84458333333333,11.734124999999999,2.3169166666666667,3.3441875000000003,4.594791666666667,10.047083333333333,81.88541666666667,82.02333333333333,1006.625,1011.2291666666666
26,7.623395833333333,7.514187499999999,7.486166666666667,6.992770833333334,0.5829583333333334,0.5810208333333333,0.5806041666666667,0.6546041666666667,9.124645833333334,9.041291666666666,8.986875,8.583145833333333,123.71666666666665,4.824541666666667,125.28750000000001,4.595791666666667,138.2875,5.408916666666666,6.047583333333333,7.902520833333334,9.771916666666668,13.562916666666666,89.70208333333333,89.77083333333333,996.875,1001.3333333333334
27,5.320895833333333,5.262395833333334,5.372062499999999,4.832541666666667,0.45091666666666663,0.4420625,0.4229583333333333,0.43785416666666666,6.459166666666667,6.372604166666666,6.439791666666667,5.896208333333334,121.05125,5.296145833333333,119.31770833333333,4.905729166666666,126.83854166666667,4.9626875,3.7956875,5.6234166666666665,7.602125,15.646666666666667,92.53125,95.27499999999999,990.75,994.9375
28,6.547625,6.616041666666667,6.3748125,5.795208333333334,0.5491458333333333,0.5389791666666667,0.5579583333333333,0.7695416666666667,7.940541666666667,8.012583333333334,7.797854166666667,7.5455625,269.30104166666666,4.876708333333333,267.47020833333335,4.485145833333333,256.9412291666667,10.934416666666666,4.611125,6.946604166666667,9.370458333333334,12.285625000000001,94.86666666666667,94.85625,999.0833333333334,1003.6041666666666
29,4.580291666666667,4.562583333333333,4.280770833333333,4.126166666666667,0.35312499999999997,0.37935416666666666,0.3574583333333334,0.3658333333333333,5.439166666666666,5.462229166666667,5.180208333333334,5.000708333333333,195.55229166666666,5.121729166666666,195.756875,6.117708333333333,211.83020833333333,8.214291666666666,2.9066875,4.723604166666667,6.667270833333333,10.689104166666667,82.04958333333333,84.61395833333333,1012.3958333333334,1016.8541666666666
30,3.4193541666666665,3.343583333333333,3.3354166666666667,3.3179166666666666,0.23445833333333332,0.24864583333333334,0.246,0.25766666666666665,3.9790625,3.9313125,3.9083958333333335,3.9355625,177.65708333333336,4.370541666666667,183.02833333333334,4.759104166666667,203.85125000000002,5.471395833333333,2.2073541666666667,3.4508541666666663,4.9189375,10.909979166666666,85.554375,90.81875000000001,1016.0625,1020.4375
31,3.51375,3.4233541666666665,3.408041666666667,3.2863124999999997,0.27214583333333336,0.27487500000000004,0.2776458333333333,0.28291666666666665,4.1704375,4.078354166666666,4.1060625,4.007854166666667,153.85729166666667,4.7235625,159.20875,4.888395833333333,178.59395833333335,6.571645833333332,2.4608125,3.5918333333333337,4.893645833333333,11.576458333333333,86.336875,88.27229166666666,1016.4166666666666,1020.75
32,4.515375,4.436791666666667,4.3885,4.212458333333333,0.4114166666666667,0.40710416666666666,0.3943541666666666,0.421,5.539687499999999,5.4543541666666675,5.412520833333333,5.262229166666667,115.32895833333333,5.699645833333332,120.91208333333333,6.2718750000000005,139.97916666666666,6.821395833333334,3.3655000000000004,4.633520833333333,6.014208333333333,11.237083333333333,78.06020833333334,79.06666666666666,1014.4166666666666,1018.7708333333334
33,7.267833333333333,7.1716041666666674,7.082416666666667,6.426749999999999,0.5271666666666667,0.5358958333333333,0.568125,0.8577916666666666,8.414979166666667,8.314083333333334,8.348708333333333,8.304770833333334,217.85995833333334,5.108625,217.33804166666667,5.210541666666667,227.36104166666667,11.048625000000001,5.2528958333333335,7.6173125,10.094291666666667,8.7603125,84.25750000000001,86.64979166666666,1015.1041666666666,1019.5208333333334
34,7.000085106382979,6.949978723404255,6.39,5.887021276595744,0.5262765957446809,0.4762127659574468,0.6243191489361702,0.8393617021276596,8.216872340425532,8.011340425531916,7.811276595744681,7.800787234042553,36.45085106382979,4.264148936170213,38.89595744680851,4.693297872340426,57.40212765957447,7.533297872340426,4.730063829787234,7.34068085106383,10.319787234042552,10.769787234042553,73.92787234042554,75.06148936170213,1020.5957446808511,1025.127659574468
35,5.704729166666667,5.594166666666666,5.294291666666667,4.9255,0.4564791666666667,0.41739583333333335,0.4941041666666666,0.7596666666666666,6.777125000000001,6.5718958333333335,6.4768125,6.537583333333334,95.56041666666665,9.955770833333334,95.48083333333334,8.1724375,113.23375,10.429104166666667,3.88975,5.923229166666666,8.485125,10.373333333333333,78.72208333333333,79.908125,1020.4791666666666,1024.8125
36,7.2858936170212765,7.133744680851064,6.759659574468086,6.014382978723404,0.4682127659574468,0.43897872340425537,0.5316595744680851,0.7902553191489362,8.365872340425533,8.142617021276596,8.043574468085106,7.807382978723404,27.05859574468085,3.38431914893617,28.71155319148936,3.6963191489361704,46.473404255319146,6.8958085106382985,5.124723404255319,7.65931914893617,10.462127659574469,11.267659574468086,81.9908510638298,82.06361702127658,1018.8297872340426,1023.063829787234
37,9.717608695652174,9.409369565217391,9.103326086956521,7.9164130434782605,0.5670869565217391,0.5488478260869565,0.7043695652173914,0.9838913043478261,10.957826086956521,10.586739130434783,10.690217391304348,10.036304347826087,21.93891304347826,3.216934782608696,23.43673913043478,3.5648043478260867,41.293260869565216,7.524369565217391,7.3759999999999994,10.233695652173912,13.117173913043478,11.17195652173913,82.00934782608695,82.42086956521739,1019.6304347826087,1023.8478260869565
38,9.957395833333333,9.674229166666667,9.7229375,8.135479166666666,0.5918125,0.5804791666666667,0.6881666666666667,0.9511666666666666,11.234375,10.929166666666667,11.184166666666668,10.389291666666667,13.859729166666668,3.2885416666666667,14.6133125,3.642416666666667,31.027083333333334,6.323645833333334,7.829208333333334,10.678791666666667,13.530833333333334,11.137291666666668,80.61541666666666,80.693125,1017.6875,1021.7291666666666
39,7.227666666666667,7.012208333333334,6.73675,5.827437499999999,0.4349791666666667,0.4242916666666667,0.49100000000000005,0.7306041666666667,8.230104166666667,8.005583333333332,7.890083333333333,7.529729166666667,20.117916666666666,3.301604166666667,21.05825,3.5728125,37.87979166666667,6.615895833333333,5.474208333333333,7.629333333333334,9.807729166666666,11.363750000000001,88.73541666666667,88.16875,1017.3125,1021.8125
40,3.960770833333333,3.8586666666666667,3.758729166666667,3.4718125,0.257625,0.2588958333333333,0.29110416666666666,0.43925,4.5675,4.466541666666667,4.4500416666666665,4.406562500000001,127.61285416666668,4.6332708333333334,134.998125,5.013770833333333,114.09927083333334,7.347958333333334,2.7451666666666665,4.109458333333333,5.562729166666667,11.016666666666666,88.96166666666666,88.42083333333333,1019.5833333333334,1024.2708333333333
41,5.772541666666666,5.7277708333333335,5.515229166666667,5.325479166666667,0.46249999999999997,0.5099166666666667,0.4528125,0.48214583333333333,6.926312500000001,6.924416666666667,6.657145833333334,6.509583333333333,238.22083333333333,4.8566666666666665,236.98541666666668,4.975895833333333,253.7145833333333,7.253770833333333,4.179708333333333,5.942625,7.733979166666667,10.149333333333333,80.41916666666667,82.215625,1017.2916666666666,1021.7083333333334
42,10.057812499999999,9.785916666666667,9.667916666666667,8.894354166666666,0.8451875000000001,0.9110833333333334,0.8159166666666667,0.8820833333333334,12.211458333333333,12.016625,11.813145833333332,11.152375,221.91666666666666,4.261541666666667,222.61666666666667,4.589208333333334,242.62708333333333,5.847666666666666,8.083041666666666,10.505770833333333,12.943333333333333,13.823749999999999,86.570625,86.90541666666667,1003.375,1007.6875
43,9.702729166666666,9.711145833333333,9.424479166666666,9.2056875,1.1361666666666668,1.2167083333333333,1.1213125,1.1094166666666667,12.580854166666667,12.72275,12.230937500000001,12.085770833333333,249.4729166666667,7.0456875,249.3083333333333,7.103416666666667,264.74791666666664,9.161083333333332,7.258125,10.014791666666666,12.888979166666667,12.228333333333333,67.52291666666666,70.379375,1004.9791666666666,1009.2083333333334
44,7.462659574468085,7.484319148936169,6.956617021276596,6.2105319148936164,0.7594468085106384,0.727872340425532,0.726936170212766,0.8348723404255318,9.298659574468084,9.263957446808512,8.81036170212766,8.198212765957447,202.84468085106386,5.584872340425531,206.77659574468086,5.818106382978724,228.17659574468084,8.067148936170213,5.457574468085107,7.903765957446808,10.580191489361702,9.919170212765957,78.02404255319149,79.91191489361702,1009.4468085106383,1013.8936170212766
45,8.918270833333333,8.951875,8.438125,7.746979166666667,0.8667083333333333,0.8903333333333333,0.8528333333333333,0.8995833333333333,11.206874999999998,11.231250000000001,10.6625,10.143145833333334,224.39791666666667,4.868291666666667,224.11249999999998,5.057916666666666,239.63125,7.825645833333333,6.5638749999999995,9.399729166666667,12.291041666666667,10.165145833333334,79.66229166666666,80.84083333333334,1003.5833333333334,1008.2083333333334
46,7.434595744680851,7.403276595744681,6.901553191489361,6.264340425531914,0.722,0.7294255319148937,0.6817446808510639,0.712,9.186531914893617,9.14331914893617,8.649765957446808,8.088829787234042,205.31276595744683,5.132936170212766,205.57021276595742,5.524851063829788,224.24468085106383,7.0889999999999995,5.352106382978723,7.8142978723404255,10.366127659574467,8.378808510638299,81.04489361702127,81.65893617021275,1014.1702127659574,1018.7446808510638
47,6.8115,6.773770833333334,6.6083125,5.947520833333333,0.6965625000000001,0.6843750000000001,0.68525,0.7647916666666666,8.646729166666667,8.557208333333334,8.378187500000001,7.9320208333333335,148.03541666666666,6.361833333333333,148.28958333333333,6.179979166666667,161.10208333333333,7.736999999999999,5.155166666666667,7.198270833333333,9.362125,10.222791666666668,80.14791666666666,80.55166666666666,1008.2083333333334,1012.8541666666666
48,4.558595744680851,4.472957446808511,4.487829787234043,4.089872340425532,0.4158936170212766,0.4112553191489362,0.4051276595744681,0.40214893617021275,5.5836595744680855,5.492829787234043,5.497510638297872,5.098489361702128,113.28085106382979,6.9505319148936175,112.79,6.795255319148937,126.97127659574467,6.413489361702127,3.4965744680851065,4.771893617021276,6.140553191489362,12.034893617021277,94.63404255319149,94.37659574468084,1004.2765957446809,1008.8510638297872
49,5.42875,5.334583333333334,5.346395833333333,4.892270833333334,0.39891666666666664,0.3911458333333333,0.3963541666666666,0.44910416666666664,6.376604166666667,6.265833333333333,6.3172500000000005,5.959479166666667,124.74333333333334,4.382458333333333,126.51625,4.378791666666667,141.42291666666668,5.447791666666667,4.169041666666667,5.6663125,7.273291666666666,11.748958333333334,96.81666666666666,97.01666666666667,999.375,1003.9583333333334
50,6.235166666666667,6.2193958333333335,5.826708333333333,5.027395833333333,0.8007291666666667,0.7873333333333333,0.7717499999999999,0.8004375,8.255854166666667,8.231583333333333,7.8449375,7.205854166666668,170.20250000000001,7.583104166666666,163.32279166666666,8.0175625,171.6475,8.986145833333333,4.542666666666666,6.697125,9.03725,11.316875000000001,89.97541666666666,90.28958333333333,1001.9583333333334,1006.3541666666666
51,6.280170212765958,6.264617021276596,5.758914893617021,4.824106382978724,0.6962553191489361,0.6724042553191489,0.6702978723404256,0.6936808510638298,8.135659574468084,8.086042553191488,7.499893617021277,6.656574468085106,171.27872340425532,6.073765957446808,171.2340425531915,6.118638297872341,185.28297872340423,7.63172340425532,4.718765957446808,6.7871702127659574,8.955680851063828,13.529148936170213,90.89148936170211,90.81489361702128,1007.936170212766,1012.3829787234042
52,5.9864375,5.908270833333333,5.589583333333334,4.919833333333333,0.464375,0.5057291666666667,0.44483333333333336,0.467,7.169250000000001,7.176020833333333,6.7751875,6.110666666666667,212.18958333333333,5.259166666666666,215.16875000000002,5.5594375000000005,235.82708333333335,6.810333333333333,4.55575,6.356958333333334,8.19525,13.081458333333332,88.28833333333334,89.55416666666667,1014.1041666666666,1018.5625
53,4.570374999999999,4.4969375000000005,4.438729166666667,4.072875,0.32685416666666667,0.3559583333333334,0.3350208333333333,0.37533333333333335,5.343604166666666,5.333,5.210875000000001,4.960020833333333,216.6291666666667,4.53175,218.7875,5.001625,238.0875,6.1461875,3.326208333333333,4.784916666666667,6.640833333333333,12.57625,93.53625,95.438125,1020.3541666666666,1025.0416666666667
54,5.1384375,5.002916666666667,5.177875,5.244604166666667,0.33764583333333337,0.3845416666666666,0.341625,0.4033333333333333,5.96425,5.9220625,5.9727500000000004,6.1849375,225.25,4.659833333333333,226.98749999999998,4.644458333333334,248.64583333333334,6.1111875,4.004833333333333,5.1631875,6.38825,8.683291666666667,99.47708333333333,99.3,1016.1458333333334,1020.6458333333334
55,3.6837708333333334,3.5970625,3.7394166666666666,3.8065833333333337,0.3467291666666667,0.385,0.3565,0.4077291666666667,4.496875,4.506395833333333,4.593208333333333,4.7915,214.93375,7.777541666666667,216.698125,7.734999999999999,234.96729166666668,9.233958333333334,2.7053125,3.708375,4.778833333333333,7.5161875,98.67291666666667,97.55416666666667,1009.1666666666666,1013.6875
56,2.241354166666667,2.1844791666666667,2.1567083333333334,2.0833125,0.2607083333333333,0.2859583333333333,0.24897916666666667,0.27779166666666666,2.8653333333333335,2.8518749999999997,2.7494375000000004,2.7392291666666666,185.93252083333334,8.710875,194.40166666666667,8.5846875,196.09729166666668,9.595604166666666,1.5923541666666665,2.308479166666667,3.2770833333333336,10.104375,97.825,96.23541666666667,1005.875,1010.625
57,3.748958333333333,3.72325,3.3474375,2.7443958333333334,0.4215,0.424375,0.4003541666666666,0.4068333333333333,4.798520833333334,4.781687499999999,4.339625,3.7079791666666666,177.30625,6.813541666666667,174.06875,8.074520833333333,185.5666666666667,8.727479166666667,2.6535625,4.0698541666666666,5.671125,12.138541666666667,96.16041666666666,96.62083333333334,1002.5208333333334,1007.1875
58,8.360604166666667,8.381124999999999,7.8603125,6.929020833333333,0.8339791666666666,0.8125416666666667,0.8059166666666666,0.84125,10.467583333333334,10.384500000000001,9.935979166666668,9.120958333333332,209.63750000000002,4.6254375,210.57708333333335,4.945354166666667,230.62708333333333,6.333416666666667,6.6418541666666675,8.889041666666666,11.165312499999999,14.089791666666668,88.59375,88.77916666666665,1001.3958333333334,1005.7916666666666
59,6.6818124999999995,6.6181875,6.3066875,5.757979166666666,0.6774583333333334,0.7046875,0.63625,0.6544791666666666,8.439583333333333,8.3715625,7.9629166666666675,7.472,207.04854166666667,5.735499999999999,206.43770833333335,5.908854166666667,221.50625,7.604666666666667,5.013354166666667,7.026604166666666,9.122,11.461666666666666,88.46875,88.85625,1004.625,1009.0833333333334
60,9.548354166666666,9.512291666666666,8.883916666666666,7.7547291666666665,1.1136875,1.1109791666666666,1.0771458333333335,1.0885208333333334,12.467416666666667,12.388520833333333,11.645312500000001,10.596479166666667,197.88333333333333,6.148625,197.1875,6.178416666666667,211.71041666666667,8.069916666666666,7.017833333333333,10.20675,13.515958333333332,10.846041666666666,84.01666666666667,84.835,1006.3125,1010.9375
61,14.445708333333334,14.106458333333334,13.927375,13.033812500000002,1.5342500000000001,1.6153333333333333,1.4906666666666668,1.5719375,18.514791666666667,18.304166666666667,17.749937499999998,17.13083333333333,220.57291666666666,5.3695625,221.3479166666667,5.682729166666667,241.22083333333333,7.234770833333333,11.2435,14.996979166666668,18.79104166666667,12.955416666666666,78.97125,79.59604166666666,1000.4166666666666,1004.4375
62,14.113958333333334,13.5625,13.6775,12.937541666666666,1.4257083333333334,1.5829583333333332,1.3649791666666669,1.37425,17.879791666666666,17.612083333333334,17.261666666666667,16.567708333333332,229.07708333333335,4.572916666666667,230.56458333333333,4.865645833333333,252.6625,6.157020833333333,11.116854166666668,14.559791666666667,18.023125,15.903333333333334,82.62145833333334,82.95625,1003.5833333333334,1007.6666666666666
63,10.959326086956523,10.783521739130435,10.538630434782608,9.83054347826087,0.9307608695652173,0.9713695652173913,0.8859130434782609,0.9375217391304347,13.504565217391304,13.325869565217392,12.928695652173914,12.341673913043477,217.50434782608698,4.398543478260869,218.6195652173913,4.737065217391304,239.43260869565216,5.916130434782609,8.70941304347826,11.402608695652173,14.105869565217391,13.577173913043477,85.13304347826087,85.60369565217391,1005.3695652173913,1009.7826086956521
64,11.872479166666666,11.851437500000001,11.1875,9.952,1.2272708333333333,1.2152916666666667,1.2261666666666666,1.26,15.162916666666668,15.001041666666666,14.476458333333333,13.291833333333335,204.07708333333335,5.4640208333333335,204.25,5.755583333333333,222.3375,7.257187500000001,9.055458333333334,12.589208333333334,16.199375,11.5575,77.14583333333333,77.72354166666666,1004.5833333333334,1009.1458333333334
65,12.463958333333332,11.904583333333333,12.088229166666666,11.725458333333334,1.1935416666666667,1.3388125000000002,1.1409583333333333,1.1670625,15.646041666666667,15.337916666666667,15.216458333333334,14.991041666666668,227.7875,5.028875,228.7541666666667,5.3134375,249.025,7.0307916666666666,9.487854166666667,12.728958333333333,15.988958333333334,7.028958333333333,77.55624999999999,79.16958333333334,1002.9791666666666,1007.2083333333334
66,7.811833333333333,7.657895833333334,7.5273125,7.244458333333333,0.7308958333333333,0.7744375,0.7010625,0.7067708333333332,9.787,9.687979166666667,9.407833333333334,9.069770833333333,194.8708333333333,5.21525,195.48333333333335,5.469,214.11666666666667,6.584208333333334,5.8061875,8.029291666666667,10.320187500000001,7.391875,82.97395833333333,83.34,1005.75,1010.25
67,12.644617021276597,12.216999999999999,12.112829787234043,11.27331914893617,1.149808510638298,1.2563829787234042,1.1060212765957447,1.1380212765957447,15.762553191489362,15.542361702127659,15.146851063829788,14.338212765957445,227.85744680851062,4.511723404255319,231.98723404255318,4.704553191489362,247.64255319148938,6.06527659574468,9.97468085106383,13.129744680851063,16.361042553191492,14.459574468085107,85.56340425531916,85.96851063829787,992.5957446808511,996.7872340425532
68,12.482042553191489,12.06708510638298,12.090340425531915,11.45868085106383,1.381127659574468,1.4714468085106382,1.3330212765957448,1.4036170212765957,16.082340425531914,15.845744680851064,15.552744680851065,15.084957446808511,224.03191489361703,5.770553191489362,224.73829787234044,5.946765957446808,244.09148936170212,7.849106382978723,9.552468085106383,12.899446808510639,16.31659574468085,9.722127659574468,72.53489361702127,73.9959574468085,993.063829787234,997.2978723404256
69,8.8494375,8.686,8.469520833333332,7.948270833333333,0.8241666666666667,0.8927708333333334,0.8143958333333333,0.8257499999999999,11.059645833333335,10.986062500000001,10.6815,10.0555625,216.0895833333333,5.4351666666666665,216.38333333333333,5.406958333333333,234.16666666666666,6.9980625,6.743604166666667,9.192916666666667,11.697145833333332,8.885125,82.32645833333333,83.04979166666666,988.1458333333334,992.7083333333334
70,11.8696875,11.473145833333334,11.3465,10.631645833333334,1.19625,1.3099791666666667,1.1793125,1.2285416666666666,15.125770833333334,14.938375,14.4174375,13.9221875,224.9729166666667,5.490770833333333,225.42291666666665,5.460770833333334,244.9333333333333,7.428875000000001,8.961708333333332,12.311583333333333,15.698958333333332,9.506354166666666,79.78229166666667,81.01125,992.2083333333334,996.5
71,10.259437499999999,9.877916666666666,9.957729166666667,9.795020833333334,0.989,1.1588541666666667,0.9385208333333334,0.9609375,12.958541666666667,12.881458333333333,12.47125,12.4475,244.1916666666667,5.0058125,244.35,5.1306875,261.46458333333334,7.4638124999999995,7.4986875,10.468104166666667,13.473541666666668,8.943145833333334,72.72291666666666,74.91166666666668,997.875,1002.3333333333334
72,9.139416666666667,8.934604166666666,8.914208333333333,8.893604166666666,0.8807499999999999,0.9940000000000001,0.8464999999999999,0.8403958333333333,11.489770833333333,11.498,11.243875000000001,11.171479166666666,253.49791666666667,5.4749375,252.35833333333335,5.443104166666667,268.16875,8.134,6.647770833333333,9.313104166666667,12.034354166666667,5.864916666666667,77.40270833333334,79.16541666666667,995.25,999.7708333333334
73,14.7894375,14.799395833333334,14.486958333333334,13.189562500000001,1.3946666666666667,1.3908541666666665,1.4035833333333334,1.6824166666666667,18.130104166666666,18.074291666666667,17.801729166666664,17.122520833333333,271.13947916666666,7.020333333333333,276.74379166666665,6.718208333333333,260.4929583333333,11.587125,11.4029375,15.578270833333333,19.804104166666665,3.0803125,74.04354166666667,76.73770833333333,1001.2708333333334,1005.8125
74,6.5689166666666665,6.460083333333333,6.4131875,5.948041666666668,0.6477291666666667,0.6565833333333334,0.6838125,0.8111666666666667,8.274583333333334,8.158041666666668,8.163208333333333,7.921916666666667,210.29635416666667,7.340229166666667,207.66685416666667,7.1784791666666665,184.6789375,10.621375,4.659375,6.8506875,9.12825,3.696645833333333,82.99249999999999,84.00104166666667,1009.125,1013.7916666666666
75,9.250354166666666,9.279020833333334,8.960916666666668,8.455375,0.7812291666666668,0.7522083333333334,0.7466041666666667,0.8692500000000001,11.260687500000001,11.208874999999999,10.889958333333333,10.565041666666668,213.67499999999998,4.575479166666667,214.6625,4.981645833333333,235.37291666666667,6.665229166666666,7.1855625,9.611749999999999,12.0534375,4.415729166666667,86.72270833333333,86.82083333333333,1010.4375,1015.2291666666666
76,8.534625,8.2740625,8.014583333333333,7.731166666666667,0.6440208333333334,0.7928541666666667,0.6156458333333333,0.5883958333333333,10.18,10.1673125,9.689895833333333,9.299104166666666,247.08333333333334,3.9635833333333337,246.06875,4.254041666666667,262.18125000000003,6.617020833333334,5.985854166666667,8.778645833333334,11.627291666666666,7.200145833333333,82.30333333333333,84.87895833333333,999.1041666666666,1003.7916666666666
77,7.529458333333333,7.7065625,6.880583333333334,6.4380625,0.6122916666666667,0.6086458333333333,0.5772083333333333,0.5134583333333333,9.192104166666667,9.334999999999999,8.489395833333333,7.8308125,279.55,4.722375,274.66875,4.785166666666666,281.55833333333334,7.0410625,4.904916666666667,7.9326875,11.073583333333334,7.057125,77.90895833333333,81.451875,1003.1041666666666,1007.8333333333334
78,7.104375,7.083020833333333,6.695104166666667,6.0265625,0.4657708333333333,0.4875,0.4867083333333333,0.48685416666666664,8.302895833333332,8.3305,7.974208333333333,7.258125,231.11666666666667,4.849125,228.30208333333334,4.3066458333333335,246.89791666666667,5.472020833333333,5.5065,7.495625,9.528791666666667,9.046333333333333,88.24791666666665,90.71249999999999,1008.8541666666666,1013.5625
79,11.085645833333333,11.191416666666667,10.679958333333333,9.98475,1.0763125,1.0597708333333333,1.0315833333333333,1.0518333333333334,13.843541666666667,13.836666666666666,13.33875,12.725833333333334,234.3083333333333,4.869833333333333,234.83541666666667,5.1344375,253.47708333333333,7.123958333333333,8.6645,11.582729166666667,14.543125000000002,9.760625,83.35000000000001,83.934375,996.1875,1000.9791666666666
80,12.218333333333334,12.013125,11.718333333333334,11.041208333333332,1.1556458333333335,1.1978333333333333,1.0808541666666667,1.181,15.195208333333333,15.085416666666667,14.564583333333333,14.073541666666666,222.03958333333333,4.746020833333334,222.73541666666665,5.1271458333333335,242.35833333333335,6.9007708333333335,9.289479166666666,12.664166666666667,16.076875,5.6754999999999995,80.11645833333334,81.33958333333334,992.7291666666666,997.2291666666666
81,13.514270833333333,13.488770833333334,13.022479166666665,12.655791666666666,1.4166875,1.4708333333333332,1.3553541666666666,1.3608541666666667,17.353958333333335,17.332916666666666,16.6975,16.387916666666666,244.16666666666666,5.0189375,244.4958333333333,5.060020833333334,261.27916666666664,7.1146875,10.081979166666667,13.936229166666665,17.835,7.152104166666667,77.33833333333332,79.10666666666667,989.5,994.0416666666666
82,6.9753541666666665,6.964395833333334,6.621104166666666,6.3401250000000005,0.5993541666666666,0.615,0.5715,0.6120625000000001,8.494125,8.4765625,8.143875,7.922687499999999,216.686875,5.0150625,216.02958333333333,5.2415625,225.33091666666667,7.215229166666667,4.949645833333333,7.214208333333333,9.560145833333333,4.523791666666667,83.08333333333333,83.96,1002.2708333333334,1007.0208333333334
83,8.408895833333334,8.2838125,7.959395833333333,7.4379375,0.7402291666666666,0.7742291666666666,0.6899583333333333,0.6883541666666666,10.452229166666667,10.350375,9.864583333333334,9.301583333333333,211.74791666666667,5.498562499999999,212.46041666666667,5.434354166666666,232.46041666666667,6.543479166666667,6.480250000000001,8.73425,11.100166666666667,8.126916666666666,84.38541666666667,85.99541666666666,1008.4166666666666,1013.1458333333334
84,10.672104166666665,10.738208333333333,10.270145833333332,9.61675,1.0369583333333334,1.0082916666666668,0.9914375,1.0389791666666668,13.532541666666667,13.469083333333332,13.056895833333334,12.370104166666666,228.23958333333334,5.450854166666667,227.62708333333333,5.4626875,244.1875,6.325020833333333,8.309958333333332,11.125895833333333,13.977854166666667,10.951520833333333,78.25750000000001,79.6575,1006.7083333333334,1011.3125
85,6.108395833333334,6.120895833333333,5.764958333333333,5.198458333333334,0.7358958333333333,0.7261041666666667,0.7342708333333333,0.7198333333333333,8.017083333333334,7.9450625,7.663354166666667,7.047104166666667,189.55208333333334,8.863,199.1916666666667,8.419541666666667,226.95000000000002,8.949708333333334,4.5868125,6.4682708333333325,9.131541666666667,8.104395833333333,87.95229166666667,91.39999999999999,1005.5208333333334,1010.3958333333334
86,14.393729166666667,14.279708333333334,13.790791666666665,12.852937500000001,1.4428124999999998,1.455875,1.390875,1.4504583333333334,18.233833333333333,18.132125,17.4325,16.627958333333336,224.33333333333334,6.139770833333333,225.24791666666667,5.390291666666666,245.74375,6.957916666666667,11.2008125,14.982833333333334,18.808854166666666,9.2324375,76.26854166666666,77.62729166666666,1005.2291666666666,1009.5833333333334
87,23.350416666666664,23.504166666666666,22.550833333333333,21.022708333333334,2.39425,2.2864583333333335,2.3620208333333332,2.3911458333333333,29.550416666666667,29.420208333333335,28.712708333333335,27.361666666666665,218.01041666666666,4.93425,219.59166666666667,5.380875,241.26666666666665,6.693124999999999,18.559166666666666,24.327083333333334,30.124166666666667,11.89125,78.48083333333334,78.76125,991.9375,995.2083333333334
88,11.425145833333334,11.463208333333334,10.976166666666666,10.285333333333334,1.0508958333333334,1.0519791666666667,1.0304166666666668,1.076125,14.274833333333333,14.20725,13.805729166666666,13.130416666666667,229.54583333333335,5.144895833333334,231.04166666666666,4.9155,250.69791666666666,6.789104166666667,8.900625,11.918125000000002,14.963166666666666,9.661208333333333,76.16395833333333,79.08333333333333,1001.0208333333334,1005.5416666666666
89,7.203625,7.1926041666666665,6.6430625,5.7223749999999995,0.8290416666666666,0.8118541666666667,0.8175833333333333,0.8227916666666667,9.276583333333333,9.184,8.687416666666666,7.808812499999999,164.13958333333332,6.120145833333333,170.37291666666667,6.670958333333334,193.38958333333335,8.051958333333333,5.3091875,7.719791666666667,10.407833333333334,9.9849375,83.559375,85.80895833333334,1012.5833333333334,1017.3333333333334
90,10.889979166666668,10.890979166666668,10.281979166666668,9.185666666666666,1.2007916666666667,1.1813125,1.1752708333333333,1.2174791666666667,14.10125,13.967500000000001,13.356250000000001,12.367770833333333,205.27291666666667,5.601354166666667,205.475,5.848916666666667,222.44583333333333,7.662979166666666,8.24875,11.554583333333333,14.944375,10.178875,80.81479166666666,81.49666666666667,1007.0208333333334,1011.8125
91,13.911617021276596,13.974063829787234,13.22804255319149,11.82927659574468,1.4689361702127661,1.4034255319148936,1.4376382978723405,1.5841914893617024,17.891382978723403,17.787595744680853,17.001574468085106,15.931808510638296,204.55531914893618,5.311574468085107,204.88085106382977,5.590765957446809,223.5148936170213,7.482404255319149,10.734957446808512,14.736489361702128,18.781063829787236,8.519702127659574,75.82659574468084,76.57170212765958,1013.6808510638298,1018.468085106383
92,11.254166666666668,11.0350625,10.77875,10.103625,0.9818958333333333,1.053625,0.934125,1.0055416666666666,13.850208333333335,13.735208333333333,13.136458333333332,12.643749999999999,220.26458333333335,4.899979166666667,221.33541666666667,4.695125,241.86041666666665,6.106895833333333,8.77525,11.678541666666668,14.602916666666665,7.851166666666667,79.61145833333333,80.92770833333334,1008.2708333333334,1012.9791666666666
93,9.732520833333334,9.193520833333332,9.357708333333333,9.111229166666666,0.9947291666666667,1.1320833333333333,0.9448958333333333,0.9363125,12.398604166666667,12.173395833333332,11.846979166666666,11.813416666666667,234.82083333333333,5.593541666666667,235.23541666666665,5.7489375,254.19791666666666,7.473291666666667,7.1167291666666666,9.921125,12.812020833333333,5.465083333333333,77.72583333333334,79.38770833333334,1006.7291666666666,1011.2708333333334
94,7.721666666666667,7.599166666666666,7.324229166666666,6.792104166666667,0.6886875,0.7217708333333334,0.6978541666666667,0.7827083333333333,9.308020833333334,9.232687499999999,8.9733125,8.750229166666667,176.87104166666666,5.788333333333333,177.68395833333332,5.956645833333333,179.97375,7.786854166666667,5.585395833333333,8.068708333333333,10.720041666666667,4.5172083333333335,87.92875,88.41458333333333,1006.9583333333334,1011.7083333333334
95,3.5632083333333333,3.5030208333333337,3.3980208333333333,3.3396041666666663,0.3773958333333334,0.4076875,0.3670833333333334,0.34622916666666664,4.45,4.4500416666666665,4.260458333333333,4.165583333333333,202.93125,7.905583333333333,205.48333333333335,6.768458333333334,227.33333333333334,6.1090625,2.2797291666666664,3.6439583333333334,5.3823125,3.8828541666666667,92.65416666666665,93.88333333333333,1011.4166666666666,1016.4375
96,3.3636458333333334,3.2933125000000003,3.1202916666666667,2.747520833333333,0.27079166666666665,0.29591666666666666,0.27010416666666665,0.27868750000000003,3.9880208333333336,3.949666666666667,3.7254583333333335,3.386791666666667,208.11772916666666,5.786375,227.6309375,5.168,213.0493541666667,6.3031250000000005,2.5046666666666666,3.5593333333333335,4.7253541666666665,6.5931875,96.98333333333333,97.58749999999999,1008.2291666666666,1013.125
97,5.974916666666666,5.890458333333334,5.803979166666667,5.3978125,0.44106249999999997,0.42752083333333335,0.42425,0.4481458333333333,7.188041666666667,7.050458333333334,6.941375,6.5688125,107.20729166666666,4.399354166666667,110.48104166666667,4.414166666666667,125.715625,4.811125,4.780291666666667,6.202437499999999,7.680666666666667,8.425749999999999,95.61874999999999,95.09375,1009.375,1014.25
98,9.158770833333334,8.886354166666667,8.693333333333333,7.857645833333333,0.9375,0.9877291666666667,0.9005416666666667,0.9264583333333333,11.595770833333333,11.424083333333334,10.976083333333333,10.255270833333332,201.68958333333333,6.229937499999999,201.975,5.757708333333333,218.51874999999998,7.142375,7.0970625,9.648708333333333,12.281791666666665,12.562916666666666,89.38958333333333,89.21249999999999,998.375,1003.0625
99,11.122541666666665,11.131854166666665,10.5304375,9.329479166666667,1.0991875,1.073875,1.0402291666666665,1.1499166666666667,14.051229166666666,13.9795625,13.299291666666667,12.399520833333334,208.47708333333333,4.9184375000000005,209.15416666666667,5.212583333333334,228.62708333333333,6.700708333333334,8.780958333333333,11.8161875,14.885604166666667,13.311041666666666,82.65145833333334,82.98208333333334,1000.2708333333334,1004.8958333333334
100,11.020562499999999,11.080125,10.528166666666666,9.575520833333334,1.0474166666666667,1.0093958333333333,1.000125,1.1153125,13.964166666666666,13.832500000000001,13.226041666666667,12.481458333333334,209.90416666666667,4.9586875,210.68958333333333,5.402916666666666,230.35,6.785395833333333,8.667854166666666,11.606458333333334,14.57625,12.039166666666667,83.61354166666666,83.61083333333333,1002.8125,1007.4583333333334
101,12.1791875,12.213520833333334,11.398562499999999,9.674208333333334,1.5300208333333334,1.4782708333333332,1.4939166666666666,1.5578958333333333,16.379166666666666,16.281666666666666,15.560416666666667,14.079791666666667,194.28958333333333,6.414104166666667,194.52916666666667,6.6633125,211.65833333333333,8.823645833333334,9.242125,13.141604166666667,17.17020833333333,14.816041666666665,83.56229166666667,83.06895833333333,995.25,999.8541666666666
102,13.171458333333334,13.236458333333333,12.584166666666667,11.380416666666667,1.3658958333333333,1.3117083333333335,1.3192916666666668,1.4284583333333334,16.822708333333335,16.681250000000002,16.048750000000002,15.141666666666666,205.58333333333334,5.398625,206.27291666666667,5.608458333333334,225.47083333333333,7.2357499999999995,10.244458333333332,13.902708333333335,17.592291666666664,11.015625,76.78458333333333,77.27854166666667,993.375,997.875
103,11.793229166666668,11.652104166666668,11.280875,10.369416666666668,1.2141666666666666,1.2430625,1.1516666666666666,1.249125,15.104583333333332,14.963333333333333,14.305416666666666,13.558750000000002,215.33541666666667,5.746354166666666,215.84375,5.2626875,234.48333333333335,7.150604166666667,9.039791666666666,12.3648125,15.719791666666666,8.250166666666667,78.88625,79.7325,996.875,1001.5833333333334
104,12.052145833333334,12.0086875,11.481625000000001,10.292395833333332,1.2523333333333333,1.2407916666666667,1.1944791666666668,1.3072083333333333,15.524583333333334,15.395833333333334,14.667333333333334,13.854312499999999,210.94375,5.911270833333333,211.73333333333335,5.246854166666666,231.4958333333333,6.9045625,9.499812499999999,12.743541666666667,16.012708333333332,10.901041666666666,80.886875,81.42958333333333,994.4375,999.0833333333334
105,13.290416666666667,13.238750000000001,12.6760625,11.634291666666668,1.3196041666666667,1.3434166666666665,1.288625,1.3051041666666667,16.789166666666667,16.684583333333332,15.970416666666667,15.252708333333333,209.23125000000002,5.536291666666667,209.7125,5.3101666666666665,228.5895833333333,6.665479166666667,10.267479166666666,13.9375,17.678541666666668,8.052333333333333,75.51875,76.60520833333334,1000.8125,1005.1041666666666
106,15.518749999999999,15.388125,14.814791666666666,13.368125,1.7503958333333334,1.7619583333333333,1.7290208333333332,1.789875,19.926875,19.785,19.297708333333333,18.0275,207.29166666666666,5.448979166666667,208.025,5.553333333333334,226.93125,7.234458333333333,12.054166666666667,16.36,20.72854166666667,8.232770833333333,75.30854166666667,76.05479166666667,994.4583333333334,999.1041666666666
107,7.657145833333334,7.6210625,7.347666666666666,6.9795625,0.7078125000000001,0.6914166666666667,0.6951875,0.7330416666666667,9.562833333333334,9.438875000000001,9.177604166666667,8.8988125,175.67208333333335,7.591875000000001,177.95041666666668,6.863666666666667,197.51458333333335,8.018208333333334,5.809625,7.915895833333334,10.173791666666666,5.5752500000000005,89.939375,89.56041666666665,1005.7083333333334,1010.2291666666666
108,7.4611875,7.332375,7.057708333333333,6.4365625,0.6983541666666667,0.73625,0.6788958333333334,0.7473333333333333,9.248520833333332,9.220583333333332,8.8203125,8.3054375,212.07520833333334,6.623958333333333,212.4991666666667,6.394541666666666,231.6291666666667,8.2111875,5.633916666666667,7.8268958333333325,10.148249999999999,9.4281875,93.3575,93.46354166666667,999.7083333333334,1004.5208333333334
109,7.221770833333333,7.088979166666667,6.8224374999999995,6.340625,0.5470625,0.6103125,0.5550833333333333,0.5617708333333333,8.562520833333332,8.520854166666666,8.216416666666666,7.787624999999999,200.10625000000002,5.1125,201.62708333333333,5.140354166666667,220.5895833333333,7.230166666666666,5.564916666666666,7.507416666666667,9.574520833333333,7.2965625,81.35145833333333,83.69270833333333,1008.875,1013.4791666666666
110,6.660916666666666,6.6533750000000005,6.1753125,5.31,1.1064791666666667,1.1035000000000001,1.0532708333333334,1.0181458333333333,9.692124999999999,9.645520833333334,8.981604166666667,8.026312500000001,164.43541666666667,11.145874999999998,166.29375000000002,11.830270833333335,174.5091666666667,13.375541666666665,4.695020833333333,7.193541666666667,10.244416666666666,10.948541666666666,81.49583333333334,81.94208333333333,1006.7708333333334,1011.5
111,11.2710625,11.290125000000002,10.541083333333333,9.027,1.3745416666666666,1.3345833333333335,1.3591458333333335,1.45375,14.885416666666666,14.853125,14.10375,12.902916666666668,182.7875,6.1035625,182.67708333333334,6.272458333333333,197.9125,8.217041666666667,8.3971875,12.138125,16.01395833333333,10.2575,78.63895833333333,78.443125,1003.8333333333334,1008.4375
112,14.8860625,14.915395833333333,13.964875,11.978916666666665,2.060354166666667,1.9875833333333333,2.0279166666666666,2.0117708333333333,20.086270833333334,19.9333125,19.25047916666667,17.256083333333333,177.275,7.818291666666667,178.4125,8.169291666666666,196.61875,9.9448125,11.0340625,16.0129375,21.1786875,11.142395833333333,80.63354166666666,80.13520833333334,993.25,998.2083333333334
113,9.843833333333334,9.812,9.472687500000001,8.809791666666667,1.0490625,1.0425416666666667,1.0220416666666667,1.1154791666666666,12.601750000000001,12.468229166666667,12.178604166666666,11.714333333333334,219.0979166666667,6.908333333333334,219.17916666666667,5.949145833333334,236.91666666666666,7.8470625,7.5482708333333335,10.2895625,13.067458333333333,6.538479166666666,81.71854166666667,81.78958333333334,995.8333333333334,1000.4791666666666
114,7.897652173913044,7.814239130434783,7.527630434782609,6.9708695652173915,0.7039565217391304,0.6997173913043477,0.6814130434782608,0.7080434782608696,9.718847826086957,9.605782608695652,9.337826086956522,8.866326086956521,158.35434782608695,6.517782608695652,160.0782608695652,5.576086956521739,175.79347826086956,6.786499999999999,6.0670217391304355,8.220065217391305,10.399152173913043,5.100695652173913,74.88978260869565,77.16565217391305,1009.4130434782609,1014.2608695652174
115,11.786104166666666,11.5111875,11.4829375,10.714041666666667,0.8265833333333333,0.8153333333333334,0.8398125,0.9438958333333334,13.874791666666667,13.538958333333333,13.667916666666668,13.136249999999999,109.89583333333333,3.4512291666666663,113.04583333333333,3.6349375,127.13958333333333,4.655145833333333,9.68175,12.1608125,14.643333333333333,7.957562500000001,94.49374999999999,93.55,994.7708333333334,999.5
116,11.010562499999999,10.757729166666666,10.773166666666667,9.960729166666667,0.8083958333333333,0.7919583333333334,0.8081875,0.93575,13.170499999999999,12.902791666666667,12.888854166666667,12.374416666666667,116.83541666666667,4.210395833333333,119.22916666666667,4.31575,128.89166666666668,7.2597708333333335,8.987458333333334,11.418666666666667,13.891208333333333,7.542166666666667,93.70416666666667,93.62708333333335,982.75,987.25
117,9.376041666666667,9.1455,9.285520833333333,8.964625,0.7602083333333334,0.7381041666666667,0.7622708333333333,0.8342083333333333,11.223770833333333,10.954770833333333,11.126062500000002,10.943395833333334,107.53750000000001,4.365395833333333,110.97708333333333,4.421020833333333,122.28333333333335,5.7970625,7.648083333333333,9.54825,11.4951875,7.367312500000001,94.60833333333333,93.90625,975.0625,979.7291666666666
118,11.303127659574468,10.998851063829788,11.21563829787234,10.652702127659575,0.8599574468085106,0.8380000000000001,0.874468085106383,1.0031489361702128,13.391212765957446,13.05768085106383,13.322021276595745,12.996255319148935,94.90489361702127,4.022148936170213,98.74255319148935,3.890489361702128,114.39148936170211,4.779191489361702,9.177021276595745,11.581659574468084,13.991617021276596,7.598212765957446,97.17446808510638,96.12553191489361,978.7446808510638,983.4255319148937
119,11.708916666666667,11.402416666666667,11.665895833333332,11.171625,0.7586666666666666,0.73425,0.7786666666666666,0.9435833333333333,13.526395833333334,13.141895833333335,13.538520833333335,13.386104166666668,106.77708333333334,3.4096041666666665,110.28125,3.5328125,124.16250000000001,4.9521875,9.651958333333333,11.961687499999998,14.274583333333332,6.551958333333334,96.13333333333333,95.1125,988.0,992.5416666666666
120,9.138541666666667,9.2224375,8.858916666666667,8.419166666666667,1.0147291666666667,1.0047291666666667,1.004125,1.0345833333333332,11.9290625,11.961625,11.543416666666667,11.222520833333334,188.01666666666665,6.1193333333333335,188.5041666666667,6.1690625,198.59583333333333,9.120729166666667,6.6915625,9.531354166666667,12.477145833333333,6.009875,85.50125000000001,86.07541666666667,978.3125,982.9375
121,6.236416666666667,6.203270833333334,5.831520833333333,5.309541666666667,0.6935625,0.6977916666666667,0.6478333333333334,0.6776041666666667,8.062541666666666,8.027229166666666,7.535020833333333,7.018416666666667,213.57916666666665,7.3694375,215.23958333333334,6.6003541666666665,235.36875,8.867145833333334,4.418479166666667,6.5676041666666665,8.807520833333333,4.562395833333333,84.84145833333334,85.83,986.8125,991.5833333333334
122,5.578666666666667,5.536270833333333,5.252375,4.703166666666667,0.6162083333333334,0.6120416666666667,0.5885833333333333,0.6140625000000001,7.225874999999999,7.14375,6.724708333333333,6.2540625,165.26041666666666,8.44125,167.09166666666667,8.450020833333333,181.00833333333333,8.751979166666667,4.174229166666667,5.899875000000001,7.845020833333333,6.384604166666667,91.70625,91.38125000000001,979.6041666666666,984.4166666666666
123,11.901229166666667,11.952666666666666,11.320791666666667,10.187333333333333,1.39975,1.3454375,1.3449166666666665,1.4298125,15.439166666666667,15.301041666666668,14.717708333333334,13.832083333333335,200.1625,5.793458333333334,200.49166666666667,6.18375,218.51666666666665,7.994958333333333,9.016625,12.592916666666667,16.265833333333333,5.598916666666667,81.88666666666667,81.96062500000001,968.3333333333334,973.0208333333334
124,4.839083333333334,4.759666666666667,4.648270833333333,4.431625,0.4875,0.5106666666666667,0.4713541666666667,0.4947708333333333,6.023791666666667,5.9640625,5.802145833333333,5.628916666666666,219.1916666666667,7.3181666666666665,219.5979166666667,6.469124999999999,230.31625,8.824395833333332,3.494729166666667,5.007916666666667,6.6184166666666675,2.224625,94.97708333333333,94.93333333333334,974.6458333333334,979.3541666666666
125,6.6671875,6.689208333333333,6.365770833333333,6.094916666666666,0.6025416666666666,0.6095416666666666,0.5855625,0.6520416666666667,8.158270833333333,8.181541666666666,7.828666666666667,7.579854166666667,268.0594791666667,6.020041666666667,265.75539583333335,6.208916666666667,263.29572916666666,10.067625,4.5904375,6.917770833333333,9.372291666666667,4.369645833333333,91.79583333333333,91.66250000000001,986.3125,990.9791666666666
126,6.292208333333334,6.297291666666666,5.905666666666666,5.4919166666666674,0.6462083333333334,0.6601458333333333,0.5976875,0.6201666666666666,7.935708333333333,7.934416666666667,7.450020833333333,7.106354166666667,215.46875,6.294708333333333,214.15625,5.861645833333333,228.43125,7.969520833333333,4.341708333333333,6.598708333333334,8.941229166666668,3.6010625,85.25979166666667,85.63166666666666,1000.8541666666666,1005.6875
127,12.222666666666667,12.312770833333333,11.954479166666667,10.8963125,1.1113958333333334,1.1152291666666667,1.109625,1.4033958333333334,14.964125000000001,15.020208333333334,14.709979166666665,14.176895833333333,296.86875000000003,5.463416666666667,295.21666666666664,5.4856041666666675,308.4166666666667,11.748375000000001,9.247145833333333,12.906645833333334,16.61402083333333,2.481,86.30354166666666,86.50583333333333,997.2708333333334,1002.25
128,7.90425,8.021645833333332,7.710229166666667,7.764500000000001,0.888375,0.8969999999999999,0.8128125,0.7906458333333334,10.349104166666667,10.515104166666667,9.864145833333334,9.790020833333333,283.85625,6.472604166666667,280.86875,6.3180000000000005,292.3520833333333,9.0728125,5.383666666666667,8.1053125,10.973437500000001,2.6503125,77.23458333333333,78.434375,1011.5416666666666,1016.3333333333334
129,5.198723404255319,5.177659574468085,5.155425531914894,5.2899361702127665,0.49110638297872344,0.5211063829787235,0.4712978723404255,0.4987872340425532,6.4661914893617025,6.534574468085107,6.387914893617021,6.547872340425532,263.9574468085106,6.159510638297872,261.9851063829787,6.282595744680851,276.8595744680851,9.598936170212765,3.6387659574468083,5.2498297872340425,6.929936170212766,1.9822765957446808,79.76297872340426,80.66851063829787,1021.063829787234,1025.9787234042553
130,4.8038125,4.755020833333333,4.495479166666667,4.1010625,0.5889166666666666,0.59225,0.5773333333333334,0.597375,6.297541666666667,6.2601458333333335,5.983520833333333,5.633770833333333,207.32916666666665,6.637854166666667,209.4104166666667,6.478437499999999,229.36875,9.095416666666667,3.2993958333333335,5.059520833333333,7.070104166666667,1.2788333333333333,85.40604166666667,86.66125,1017.3958333333334,1022.3333333333334
131,6.071416666666667,5.991833333333333,5.796083333333333,5.3806666666666665,0.6176041666666666,0.6462708333333333,0.5882083333333333,0.6230416666666666,7.671708333333334,7.573229166666667,7.325375,6.96925,210.15,5.087541666666667,211.23958333333334,5.309166666666667,230.04583333333335,7.467624999999999,4.424125,6.342604166666667,8.306604166666666,2.3753541666666664,90.91666666666667,89.91250000000001,1007.3125,1012.2083333333334
132,2.883851063829787,2.788425531914894,3.020723404255319,3.1337234042553193,0.2904893617021277,0.32761702127659575,0.2572127659574468,0.2847021276595745,3.6054893617021277,3.576489361702128,3.6400212765957445,3.7983829787234042,233.38791489361702,7.595042553191489,229.022914893617,6.789893617021277,238.0532340425532,8.050617021276596,1.95531914893617,2.8889787234042554,3.9829999999999997,3.452808510638298,93.55531914893618,93.06319148936171,1009.531914893617,1014.4468085106383
133,3.015708333333333,2.947104166666667,3.0737083333333337,3.1218541666666666,0.28014583333333337,0.313125,0.27614583333333337,0.2793541666666667,3.6688958333333335,3.6724374999999996,3.6997916666666666,3.7617083333333334,236.04083333333332,7.623312500000001,234.88729166666667,7.270666666666667,229.86216666666667,7.871125,2.0508125,3.0456041666666667,4.212625,3.2475625000000004,88.98958333333333,89.56875000000001,1012.5625,1017.4791666666666
134,4.673020833333333,4.671604166666667,4.2690624999999995,3.7116249999999997,0.5781458333333334,0.5694166666666667,0.5599791666666667,0.570125,6.168833333333333,6.175333333333334,5.736645833333333,5.21375,189.39374999999998,6.712791666666667,195.14166666666665,7.1385625,217.92291666666665,8.4955,3.231520833333333,4.999395833333334,7.150604166666667,3.0053125,89.64166666666667,91.50416666666666,1011.125,1016.0208333333334
135,10.135354166666668,10.158604166666667,9.3876875,8.03,1.1489375,1.1166458333333333,1.1362083333333333,1.1731041666666666,13.17125,13.045208333333333,12.369479166666666,11.219791666666666,197.79375000000002,5.779770833333333,197.93958333333333,5.898833333333333,215.61249999999998,7.47175,7.588458333333333,10.901395833333334,14.310208333333334,7.204875,87.06354166666667,87.05,1003.0625,1008.0833333333334
136,9.283083333333334,9.196145833333334,8.687020833333333,7.6870416666666666,0.7652916666666667,0.7759166666666667,0.7381041666666667,0.7844166666666667,11.328249999999999,11.18875,10.606645833333333,9.687708333333333,209.2458333333333,5.058083333333333,209.55208333333334,5.002479166666666,228.07708333333335,6.386937499999999,7.353791666666667,9.8391875,12.361458333333333,8.804458333333333,81.55458333333333,82.95291666666667,1014.625,1019.5208333333334
137,11.197375000000001,11.191145833333332,10.664395833333334,9.6770625,0.940125,0.9496875,0.8780416666666667,0.9086666666666666,13.708958333333333,13.64125,12.988958333333334,12.129375000000001,215.00833333333333,4.027375,216.52291666666667,4.4435,237.5979166666667,5.5734375,9.064270833333333,11.778333333333334,14.503541666666665,12.285625000000001,88.46458333333334,88.56875000000001,1011.3541666666666,1016.0833333333334
138,11.2834375,11.320729166666666,10.564270833333333,9.1905,1.234625,1.1945208333333333,1.1831041666666666,1.22925,14.482208333333332,14.403020833333334,13.748583333333334,12.432125,204.7875,5.2754375,205.1291666666667,5.5320833333333335,222.42083333333335,7.3494375000000005,8.60575,12.075479166666668,15.627375,11.7528125,79.33583333333333,79.79145833333332,1004.5833333333334,1009.2916666666666
139,15.170791666666666,15.019520833333333,14.429416666666667,12.807645833333334,1.6803541666666666,1.6697916666666668,1.6536875,1.731625,19.865,19.576875,19.1175,17.69325,206.04583333333335,5.594124999999999,206.37291666666667,5.944708333333334,224.54166666666666,7.827166666666667,11.7509375,16.088958333333334,20.5075,9.728791666666668,79.21062500000001,79.50666666666667,994.8958333333334,999.625
140,12.346416666666668,12.318624999999999,11.907854166666667,11.215375,1.35325,1.399125,1.2852916666666667,1.2938541666666665,15.906333333333334,15.889583333333334,15.374354166666668,14.655083333333332,226.83333333333334,5.532520833333333,226.58333333333334,5.689875,242.3708333333333,7.220520833333333,9.506291666666668,12.859375,16.261583333333334,9.87575,80.80624999999999,81.55916666666667,990.6458333333334,995.1875
141,11.590208333333335,11.4196875,11.098020833333335,10.349104166666667,1.1734166666666666,1.1914791666666666,1.1185416666666665,1.1886458333333334,14.743125,14.552083333333334,13.986041666666667,13.368958333333333,216.3125,5.117520833333333,217.01874999999998,5.546625,236.83124999999998,7.131937499999999,8.890291666666666,12.068125,15.292916666666665,6.487312500000001,79.38875,80.23666666666666,1004.8125,1009.6666666666666
142,17.544791666666665,17.122083333333332,17.012916666666666,16.059791666666666,1.9022291666666666,2.0195833333333333,1.8918958333333336,1.9017708333333332,22.480208333333334,22.297083333333333,21.874375,21.100625,228.22916666666666,5.217104166666666,229.45624999999998,5.539625,250.76874999999998,7.227145833333334,13.885895833333334,18.141666666666666,22.41604166666667,10.029083333333334,68.79041666666667,70.78166666666667,994.6458333333334,998.7916666666666
143,13.4978125,12.742854166666667,13.208333333333334,13.020104166666668,1.3774583333333332,1.5886458333333333,1.3450416666666667,1.3099375,17.349375,17.10020833333333,16.995208333333334,16.707291666666666,242.8791666666667,5.04675,243.61666666666667,5.3111041666666665,261.875,7.604041666666667,10.169645833333334,13.716187499999998,17.297291666666666,4.475020833333333,65.43166666666666,68.8225,993.0,997.375
144,7.269630434782609,7.17,6.98395652173913,6.821739130434783,0.6178260869565217,0.6458695652173914,0.6016304347826087,0.5977173913043479,8.854869565217392,8.78713043478261,8.523152173913044,8.368826086956522,211.04782608695655,4.999347826086956,212.08478260869563,5.48704347826087,231.21304347826086,7.226413043478261,5.4,7.428282608695652,9.51704347826087,4.37654347826087,86.60152173913043,86.75934782608695,995.304347826087,999.9130434782609
145,18.604791666666667,17.504375,18.043812499999998,17.0940625,2.0140833333333332,2.2716041666666666,2.0111666666666665,2.033145833333333,24.02145833333333,23.430833333333336,23.484791666666666,22.796666666666667,233.22708333333333,4.956375,234.23541666666665,5.283479166666667,255.27291666666667,6.9675625,14.612333333333332,19.125625,23.664583333333336,10.4996875,71.13250000000001,73.215,993.2083333333334,997.125
146,15.531666666666666,14.630208333333334,15.16625,14.851041666666667,1.6493958333333332,1.8602083333333335,1.6080625,1.6092083333333334,19.93875,19.529166666666665,19.487291666666668,19.296666666666667,246.0666666666667,4.985083333333333,246.7458333333333,5.177770833333333,263.925,7.883604166666667,11.685562500000001,15.835208333333334,20.024583333333332,6.129270833333333,65.785,68.688125,996.4583333333334,1000.5833333333334
147,8.088208333333332,7.99825,7.787875,7.616812499999999,0.7699791666666665,0.8412291666666666,0.7483333333333334,0.7478333333333333,10.130145833333334,10.116354166666667,9.754416666666666,9.559541666666666,259.40000000000003,5.223645833333333,257.8625,5.417208333333334,272.83750000000003,7.288645833333334,5.866854166666666,8.311083333333334,10.823270833333334,4.436541666666667,72.57979166666667,74.77583333333334,1009.25,1014.0416666666666
148,7.865520833333334,7.929083333333334,7.552645833333333,7.101791666666667,0.7254375,0.7423958333333333,0.6967083333333334,0.7204166666666666,9.791,9.824895833333334,9.371833333333333,8.889541666666666,241.8395833333333,4.6695625000000005,241.18958333333333,4.808520833333334,257.36041666666665,6.178604166666666,6.010416666666667,8.225166666666667,10.46375,7.9664166666666665,81.84333333333333,82.84354166666667,1011.9166666666666,1016.9791666666666
149,12.328333333333333,12.277708333333335,11.856875,10.9516875,1.2517916666666666,1.2310208333333332,1.2256666666666667,1.2921041666666666,15.539375,15.42125,15.124375,14.38125,214.2458333333333,5.003125,215.27916666666667,5.378479166666666,235.625,6.686229166666667,9.686291666666667,12.892083333333334,16.125416666666666,9.503708333333334,79.663125,79.83395833333334,1001.1458333333334,1006.6875
150,7.689208333333333,7.688166666666667,7.2156666666666665,6.375333333333334,0.8009375,0.7849375,0.7594583333333333,0.8262083333333333,9.895354166666666,9.7910625,9.327083333333333,8.512500000000001,181.49375,5.619958333333333,180.9625,5.736979166666667,195.85416666666666,6.9683125,5.837979166666667,8.175083333333333,10.5665,6.678791666666666,87.15645833333333,87.33708333333334,983.625,988.5208333333334
151,13.334791666666668,13.385625,12.701875,11.302979166666667,1.4937916666666666,1.4278333333333333,1.4381041666666665,1.5821458333333334,17.297916666666666,17.157083333333333,16.440625,15.3725,203.04166666666666,5.312479166666667,203.6520833333333,5.731166666666667,222.53333333333333,7.577104166666667,10.365,14.149583333333332,17.981041666666666,5.979541666666666,79.501875,79.83145833333333,973.0208333333334,977.7916666666666
152,10.908833333333334,10.713375,10.530625,9.9446875,1.1030625,1.1739166666666667,1.0434166666666667,1.0517291666666666,13.946666666666667,13.831458333333332,13.470604166666666,12.822125,226.14791666666667,4.7705625,226.90833333333333,5.1599375,246.26666666666665,6.791875,8.434708333333333,11.315541666666666,14.217291666666668,6.5906875000000005,82.25916666666667,82.82833333333333,966.375,970.9791666666666
153,10.716791666666666,10.368104166666667,10.419291666666666,10.142416666666668,0.8720833333333333,0.9813541666666666,0.8575624999999999,0.8777708333333334,12.973270833333332,12.872083333333334,12.661520833333334,12.403791666666665,234.5875,4.125791666666667,234.9729166666667,4.377083333333333,254.61458333333334,6.161874999999999,8.248729166666667,10.9609375,13.683333333333332,5.1654583333333335,78.58125,79.66520833333333,973.4791666666666,977.8333333333334
154,7.52875,7.5814375,7.330541666666666,7.228770833333333,0.6533333333333333,0.6900624999999999,0.6292916666666667,0.64275,9.295854166666667,9.439958333333333,9.0338125,8.996062499999999,275.6770833333333,5.464541666666666,273.20416666666665,5.489166666666667,286.03749999999997,7.979770833333333,5.501145833333333,7.756104166666667,10.054666666666668,4.553604166666667,75.605,77.52708333333334,986.8541666666666,991.5
155,6.538979166666667,6.239916666666667,6.325291666666666,6.185312499999999,0.4884583333333334,0.593375,0.4955416666666667,0.51575,7.704291666666666,7.593354166666667,7.469708333333333,7.468229166666667,236.19791666666666,4.2711250000000005,235.07916666666665,4.43075,254.82083333333333,6.334125,4.803,6.661874999999999,8.561458333333333,3.8320833333333333,79.25208333333333,81.85125000000001,993.8541666666666,998.4375
156,2.814083333333333,2.7514374999999998,2.6898541666666667,2.5896041666666667,0.25466666666666665,0.2509375,0.3083125,0.32579166666666665,3.404583333333333,3.3303541666666665,3.4170416666666665,3.398375,120.39458333333334,5.791604166666667,117.58977083333333,5.897083333333334,152.21625,7.6913124999999996,1.9616875,2.8868958333333334,4.382625,4.190041666666667,82.50979166666666,84.26062499999999,990.6875,995.4166666666666
157,7.1184166666666675,7.195437500000001,6.7725,6.404895833333334,0.8082916666666667,0.777875,0.8693124999999999,0.8850208333333334,9.1254375,9.0975,8.857895833333332,8.6340625,89.09604166666666,6.347458333333333,92.6975,6.491104166666666,108.82937500000001,7.478770833333333,4.991458333333333,7.491062500000001,10.465666666666666,3.8180833333333335,87.66833333333334,87.73145833333332,985.6458333333334,990.5
158,8.2275625,8.389375,7.827166666666667,6.96425,0.9121666666666667,0.8189583333333333,0.9375833333333333,1.1106875,10.302666666666667,10.241458333333332,9.9709375,9.625416666666666,93.72018750000001,7.069020833333333,87.72233333333334,7.740666666666667,67.11247916666666,10.645958333333335,5.99975,8.902833333333334,12.169937500000001,3.3338125,76.121875,77.10979166666667,995.4375,1000.0625
159,9.849083333333333,9.868041666666667,9.633229166666666,8.674395833333334,0.8684791666666666,0.8639791666666667,0.8841666666666667,1.2107708333333334,11.925125,11.936645833333332,11.673499999999999,11.419895833333333,288.89341666666667,6.137833333333333,287.00370833333335,5.896041666666666,286.2428958333333,11.2145625,7.479729166666666,10.421479166666666,13.391166666666665,2.409125,83.20541666666666,83.78229166666667,1019.875,1024.625
160,10.434520833333334,10.456541666666666,9.775458333333333,8.418375,1.2296666666666667,1.1801458333333332,1.194875,1.3208958333333334,13.651895833333334,13.501208333333333,12.862770833333334,11.720770833333333,195.88958333333335,5.472770833333333,196.8125,5.891875,215.43541666666667,7.893291666666666,7.798354166666666,11.200041666666666,14.712645833333333,3.2443125,72.01645833333333,73.31770833333333,1019.7916666666666,1024.8541666666667
161,8.7661875,8.803812500000001,8.267833333333334,7.345541666666667,0.9409375,0.9145833333333333,0.94475,0.9964791666666667,11.238270833333333,11.2130625,10.729687499999999,9.98625,229.82916666666665,5.668458333333334,228.44375,5.728083333333333,242.13125,7.804395833333333,6.4420625,9.342062499999999,12.332104166666667,4.070479166666667,89.76708333333333,89.186875,1004.9375,1009.8958333333334
162,6.210125000000001,6.156874999999999,5.9303125,5.7022916666666665,0.5209583333333333,0.5686041666666667,0.5133958333333334,0.5347916666666667,7.5266875,7.545104166666667,7.200125,7.038291666666667,238.57500000000002,4.985708333333333,236.70208333333335,5.1888125,252.83124999999998,6.865291666666667,4.4919375,6.418208333333333,8.431354166666667,3.6325416666666666,79.37916666666666,81.03270833333333,1004.6458333333334,1009.5208333333334
163,10.784583333333332,10.810354166666668,10.196416666666666,8.953958333333334,1.1605208333333332,1.129,1.1225833333333333,1.2703333333333333,13.752083333333333,13.717500000000001,13.081083333333334,12.190229166666667,203.98125000000002,5.0891875,204.0583333333333,5.43725,222.30416666666667,7.553375,8.343937500000001,11.501270833333335,14.693333333333333,5.4158125,85.00729166666666,84.763125,999.7708333333334,1004.625
164,11.000659574468084,10.527489361702127,10.689361702127659,10.372340425531915,1.2108510638297871,1.3691914893617023,1.166191489361702,1.1661489361702126,14.280638297872342,14.133829787234042,13.745957446808509,13.49404255319149,242.5148936170213,5.257276595744681,243.15319148936172,5.397617021276596,261.3872340425532,7.185212765957447,8.28236170212766,11.277276595744683,14.309148936170212,7.468617021276596,74.78531914893617,76.51085106382978,992.6808510638298,997.1914893617021
165,8.433395833333334,8.443125,8.080958333333333,7.764895833333333,0.898,0.9420416666666668,0.8356041666666667,0.8139583333333333,10.853895833333333,10.906770833333333,10.372541666666667,9.973625,253.36249999999998,4.847729166666666,253.2770833333333,4.98675,267.9479166666667,6.748645833333334,6.176729166666667,8.758166666666666,11.394854166666667,8.074791666666666,80.83041666666666,81.84666666666666,993.0208333333334,997.6875
166,8.45725,8.4661875,8.181333333333333,7.987749999999999,0.789375,0.8445,0.7519374999999999,0.7423541666666668,10.500958333333333,10.603583333333333,10.1371875,9.903770833333335,256.65416666666664,5.239583333333333,254.77291666666667,5.260729166666667,268.7270833333333,7.157270833333333,6.241666666666667,8.727645833333334,11.271145833333334,5.197541666666667,75.16333333333334,77.171875,998.0625,1002.7916666666666
167,7.098729166666666,7.140687499999999,6.925,6.4751666666666665,0.5235208333333333,0.5263125,0.5207916666666667,0.7229791666666667,8.43975,8.462270833333333,8.267333333333333,8.063520833333333,314.0083333333333,5.319041666666666,310.67291666666665,4.980604166666667,255.680375,9.9431875,5.2515,7.426395833333333,9.6733125,3.7654791666666667,72.67979166666667,75.80916666666667,1009.7708333333334,1014.625
168,4.297416666666667,4.266625,4.298770833333333,4.179875,0.3842916666666667,0.40189583333333334,0.36243749999999997,0.4749583333333333,5.282770833333333,5.2818958333333335,5.257333333333333,5.3383125,228.63402083333335,6.441520833333333,226.7576875,6.457979166666667,213.41439583333332,9.735999999999999,2.9929791666666667,4.437833333333333,5.959499999999999,1.9078541666666666,77.713125,78.37645833333333,1010.6458333333334,1015.5833333333334
169,5.504541666666667,5.6055,5.329375,5.324541666666667,0.5335,0.538625,0.5134583333333333,0.5171666666666667,6.895145833333333,6.9606875,6.687625,6.6308541666666665,280.8354166666667,6.339270833333334,277.40625,6.212125,288.10833333333335,9.7216875,3.672791666666667,5.6613125,7.757291666666667,2.3998958333333333,62.97354166666667,66.73958333333333,1008.2708333333334,1013.2083333333334
170,3.7320208333333333,3.716625,3.591041666666667,3.3984791666666667,0.37554166666666666,0.3743125,0.3729375,0.40170833333333333,4.628833333333334,4.632333333333333,4.5249999999999995,4.3656875,182.68125,6.581395833333333,184.92708333333334,6.639770833333333,201.85625000000002,8.368729166666666,2.6629583333333335,3.880770833333333,5.19475,3.4871041666666667,63.58958333333334,64.72645833333333,1003.2916666666666,1008.2083333333334
171,4.150791666666667,4.0691250000000005,3.8872083333333336,3.396125,0.36525,0.35022916666666665,0.41835416666666664,0.5481874999999999,4.972708333333333,4.863770833333334,4.8069375,4.622583333333334,119.79370833333333,6.886,114.63791666666667,9.046708333333333,109.46552083333334,10.403333333333334,3.0062916666666664,4.405479166666667,6.0490208333333335,4.262583333333334,72.35041666666667,73.51666666666667,1008.5416666666666,1013.3958333333334
172,5.434583333333333,5.325291666666667,5.208958333333333,4.625375,0.3758333333333333,0.36837499999999995,0.41260416666666666,0.6057916666666666,6.346541666666667,6.2300625,6.203416666666667,6.010208333333334,148.88160416666668,6.688,150.116875,6.136770833333333,85.12814583333333,8.835666666666667,4.0555625,5.7288125,7.615104166666666,4.407104166666667,81.31729166666666,81.71291666666666,1018.1041666666666,1023.0
173,7.013354166666667,7.019375,6.6348125,5.848416666666666,0.7010416666666667,0.6815625000000001,0.7084375,0.7877708333333334,8.730708333333334,8.685208333333334,8.274333333333333,7.8205,200.9333333333333,7.643666666666667,201.79791666666665,5.365458333333333,221.31458333333333,7.131187499999999,5.225604166666667,7.46575,9.819729166666667,3.2573333333333334,83.06083333333333,83.29770833333333,1017.0208333333334,1022.0
174,11.869416666666666,11.898916666666667,11.384145833333333,10.507770833333334,1.23875,1.2458125,1.2165625,1.2993333333333335,15.0454375,15.024375,14.585583333333334,13.9365,228.27291666666667,5.1680625000000004,228.4,5.300104166666666,245.16875000000002,7.2988125,9.149416666666667,12.482541666666668,15.853958333333333,7.919333333333333,82.57187499999999,83.05166666666666,993.6458333333334,998.3541666666666
175,9.031333333333334,8.977729166666666,8.738958333333334,8.327145833333333,0.9233541666666666,0.9489583333333332,0.9018125,0.9828958333333334,11.302770833333334,11.285541666666667,11.016770833333332,10.7445,247.0725,5.4872499999999995,246.53875000000002,5.501145833333333,262.569375,8.5846875,6.953937499999999,9.359708333333334,11.796645833333335,3.9683958333333336,78.16270833333333,79.27270833333334,985.1041666666666,989.8125
176,6.648958333333333,6.573541666666666,6.4959999999999996,6.160854166666667,0.5330833333333334,0.5598541666666667,0.5368333333333334,0.6602083333333334,7.914000000000001,7.849458333333334,7.704999999999999,7.597666666666666,207.15595833333336,5.656020833333333,206.35277083333335,5.264208333333333,212.99552083333333,7.988229166666667,5.100645833333333,6.881895833333334,8.691270833333332,4.150083333333334,82.74666666666667,83.46104166666667,993.875,998.6875
177,12.551812499999999,12.554916666666665,11.306083333333333,10.420645833333333,1.0985625,0.9751458333333334,1.1856458333333333,1.4290208333333334,15.287999999999998,14.890041666666667,14.162791666666665,13.967666666666666,62.43416666666667,4.081916666666666,65.39166666666667,4.345104166666666,82.99479166666667,7.086749999999999,8.4728125,13.2415625,19.259166666666665,4.7235000000000005,87.74791666666665,87.95416666666667,985.1875,989.7708333333334
178,10.9264375,10.710458333333333,10.465375,8.9584375,0.8330625,0.8111666666666667,0.890875,1.1922291666666667,12.726041666666667,12.493958333333333,12.47875,11.617708333333333,133.34210416666667,5.758166666666667,132.8815625,6.205875,103.23495833333334,10.432166666666665,8.651145833333333,11.635208333333333,14.627916666666666,4.896645833333333,80.81979166666666,81.39416666666666,996.2708333333334,1000.8541666666666
179,7.183583333333334,7.2375625,7.047770833333334,6.735541666666666,0.6117083333333334,0.6059791666666666,0.6046666666666667,0.7563333333333334,8.6895625,8.7351875,8.531416666666667,8.4816875,306.13625,5.818833333333333,310.9563125,5.7516875,262.998,10.872041666666666,5.3624374999999995,7.455625,9.588458333333334,2.291208333333333,81.39666666666666,82.07291666666667,998.5,1003.3125
180,9.102395833333334,9.153770833333333,8.986479166666667,8.047062500000001,0.7044166666666666,0.7038958333333333,0.7099583333333334,1.048125,10.767249999999999,10.819479166666667,10.705229166666667,10.422041666666667,317.3229166666667,4.722583333333334,314.89166666666665,4.375479166666667,312.2125625,12.4799375,6.961041666666667,9.6690625,12.393104166666667,2.7853125,77.61916666666666,79.80208333333333,1003.1458333333334,1007.9791666666666
181,7.015645833333334,7.04625,6.6980625,6.105645833333334,0.5700625,0.5573958333333333,0.5609791666666667,0.65075,8.474291666666668,8.488958333333334,8.118083333333333,7.692291666666667,207.16666666666666,4.378520833333334,207.5354166666667,4.748270833333334,226.7854166666667,6.461312500000001,5.490270833333334,7.382187500000001,9.28675,3.8103125,83.28166666666667,83.88583333333334,1001.1875,1006.0416666666666
182,8.0228125,7.892166666666667,7.594791666666667,6.5378125,0.6029791666666667,0.5724375,0.6476875,0.9318749999999999,9.372854166666666,9.1953125,9.113791666666666,8.6049375,172.1591875,7.8574166666666665,179.78697916666667,7.8573125,75.33335416666667,10.923875,6.149416666666667,8.537,11.116270833333333,4.701208333333334,94.80416666666667,93.94375000000001,995.4791666666666,1000.5416666666666
183,4.2474375,4.213375,4.0869375,3.4475833333333337,0.27297916666666666,0.2537291666666667,0.28058333333333335,0.49020833333333336,4.891291666666667,4.835083333333333,4.767645833333334,4.502229166666667,206.11875,3.969625,206.6604166666667,4.008604166666667,146.58135416666667,8.444104166666667,2.8965833333333335,4.583770833333333,6.532666666666667,5.282770833333333,90.84708333333333,92.02291666666667,1014.25,1019.1875
184,4.959041666666667,4.9203125000000005,4.608875,3.9180833333333336,0.4844583333333334,0.49204166666666665,0.4956666666666667,0.5321666666666667,6.125708333333333,6.099083333333334,5.778770833333333,5.199229166666666,200.11458333333334,5.861229166666667,201.6625,6.766041666666666,219.54791666666665,9.794979166666666,3.7350625,5.338895833333333,7.0385,6.515229166666667,82.17104166666667,82.97395833333333,1020.4791666666666,1025.4791666666667
185,6.2242291666666665,6.2545,5.919416666666667,5.166604166666667,0.43302083333333335,0.42672916666666666,0.42668750000000005,0.4725,7.308791666666667,7.324354166666667,6.990770833333333,6.307125,210.84583333333333,4.142229166666667,212.0895833333333,4.019604166666666,232.2458333333333,5.241104166666667,5.1298125,6.645583333333334,8.1691875,8.254166666666666,79.75375,80.94395833333333,1021.625,1026.5625
186,3.317833333333333,3.2017708333333332,3.3741458333333334,2.950583333333333,0.21645833333333334,0.2421458333333333,0.229,0.2770416666666667,3.8019374999999997,3.7433333333333336,3.8901041666666667,3.5807083333333334,182.32379166666666,4.694770833333333,190.78979166666667,5.183875,214.26041666666666,6.892,2.277875,3.5390625,5.1685625,7.567270833333333,87.751875,93.15833333333335,1028.9166666666667,1033.8333333333333
187,3.1532291666666663,3.17275,2.866270833333333,2.6950833333333333,0.2667083333333333,0.25227083333333333,0.30135416666666665,0.33964583333333337,3.7984791666666666,3.7823958333333336,3.6241458333333334,3.5276875000000003,135.87916666666666,4.532312500000001,134.70666666666668,4.9540625,155.12958333333333,6.6202499999999995,1.967625,3.3196875,5.097041666666667,4.4764375,94.40416666666665,94.84583333333335,1030.7083333333333,1035.7291666666667
188,6.658604166666667,6.4941458333333335,6.2010625,5.210416666666666,0.43724999999999997,0.4227916666666667,0.4773958333333333,0.7366874999999999,7.643541666666667,7.448687499999999,7.3198541666666666,6.831395833333333,92.85691666666666,4.031208333333333,85.65497916666668,4.256541666666666,79.63335416666666,9.805979166666667,4.928458333333333,7.105291666666666,9.302458333333334,5.092708333333333,99.3125,98.93124999999999,1028.1666666666667,1033.0416666666667
189,5.960895833333333,5.796875,5.6550625,4.928354166666667,0.35641666666666666,0.34060416666666665,0.41679166666666667,0.6607083333333333,6.7665625,6.573145833333334,6.5916041666666665,6.341583333333333,71.01516666666667,4.735708333333333,71.63677083333333,5.046270833333334,36.199416666666664,8.47925,4.5590625000000005,6.2898958333333335,8.043708333333333,4.878,98.53333333333335,97.51875,1028.5416666666667,1033.5208333333333
190,3.7723541666666667,3.7427083333333333,3.6810416666666668,3.2590416666666666,0.3740833333333333,0.35425,0.3880416666666667,0.5603333333333333,4.670166666666667,4.6040833333333335,4.635416666666667,4.527541666666667,131.80433333333335,7.687437500000001,132.45195833333332,7.9388958333333335,73.963125,11.647395833333334,2.732875,4.021395833333333,5.44575,3.8109375,94.76666666666667,92.50833333333333,1025.9583333333333,1030.9791666666667
191,7.1634166666666665,7.0261875,6.9905,5.9518958333333325,0.5610625,0.5502083333333333,0.5934375,0.8607916666666666,8.4718125,8.298562500000001,8.375895833333333,7.8883125000000005,215.95618750000003,7.136729166666666,237.87362499999998,7.188666666666666,35.16622916666667,9.782458333333333,5.716875000000001,7.659083333333334,9.60675,5.1029583333333335,92.95020833333332,91.95458333333333,1022.5833333333334,1027.5208333333333
192,7.1798125,7.0404583333333335,6.979833333333333,5.947166666666667,0.5154166666666667,0.5085000000000001,0.5494375,0.77425,8.364333333333333,8.209249999999999,8.261770833333333,7.684708333333333,182.05675,5.903270833333333,188.63254166666664,6.617083333333333,60.67845833333333,8.8443125,5.8062499999999995,7.6715625,9.542625,5.651083333333333,86.34729166666666,86.14916666666666,1022.4791666666666,1027.3333333333333
193,4.013041666666667,3.9939583333333335,3.6951249999999995,3.3314375,0.2870416666666667,0.29958333333333337,0.26445833333333335,0.2788333333333333,4.7156666666666665,4.744416666666667,4.378020833333333,3.9747916666666665,262.1062708333333,4.0367291666666665,264.79016666666666,4.487583333333333,257.23510416666664,6.2838125,2.7934791666666663,4.238875,5.8453333333333335,7.268166666666667,76.50812499999999,81.705,1019.0,1023.875
194,5.5925,5.586375,5.427645833333333,5.136354166666666,0.5320625,0.5888333333333333,0.5184583333333334,0.5266458333333334,7.000708333333333,7.065124999999999,6.770395833333333,6.576791666666666,268.02708333333334,5.999,265.74375000000003,5.7956458333333325,257.150875,7.639,4.123270833333334,5.844416666666667,7.6401666666666666,7.833770833333333,74.30958333333334,77.40916666666666,1013.9791666666666,1018.8541666666666
195,3.564083333333333,3.5070416666666664,3.455229166666667,3.2503958333333336,0.35479166666666667,0.38554166666666667,0.3271041666666667,0.3328125,4.412145833333333,4.40875,4.288979166666667,4.0454375,247.38541666666666,8.6575625,223.00902083333335,9.843458333333333,226.35458333333335,9.952833333333333,2.6906458333333334,3.7166041666666665,4.9871875,7.623229166666667,79.43625,81.30020833333333,1010.4791666666666,1015.1458333333334
196,4.928270833333333,4.749625,4.795520833333334,4.434,0.35379166666666667,0.40595833333333337,0.37212500000000004,0.4076041666666667,5.795166666666667,5.749083333333334,5.690104166666667,5.433166666666668,243.08333333333334,4.63275,241.89583333333334,4.676270833333334,258.60625,6.100124999999999,3.8827916666666664,5.1494583333333335,6.459,7.105395833333334,78.14333333333333,80.95708333333333,1008.0416666666666,1012.8333333333334
197,8.397333333333334,8.47,8.021958333333332,7.3079375,0.7988125,0.7755624999999999,0.7772708333333332,0.8554375,10.446770833333334,10.441958333333334,10.053395833333333,9.464958333333334,218.0625,4.872895833333334,217.78958333333333,5.22475,234.65625,7.024,6.536645833333334,8.863125,11.217083333333333,7.595958333333333,82.895,83.31895833333333,1000.0833333333334,1004.8333333333334
198,7.437395833333333,7.471895833333334,7.047625,6.494833333333333,0.8090833333333333,0.8337916666666666,0.7883333333333334,0.7701458333333333,9.5863125,9.611208333333334,9.162604166666666,8.525562500000001,234.33333333333334,7.0891875,233.29999999999998,7.538708333333333,247.56458333333333,9.373375000000001,5.509416666666667,7.8362083333333326,10.318979166666667,8.767541666666666,67.755,69.27145833333334,1002.6875,1007.5833333333334
199,13.447916666666666,13.472708333333335,12.725208333333333,11.074541666666667,1.6571875,1.6149791666666669,1.6358333333333333,1.7096041666666666,17.760833333333334,17.690416666666668,16.931458333333335,15.552291666666667,193.06875,6.027020833333334,193.33333333333334,6.315270833333333,210.36458333333334,8.177291666666667,10.178125,14.392708333333333,18.7075,9.367583333333334,75.14625,74.66604166666666,987.5416666666666,992.3333333333334
200,13.34875,13.389583333333334,12.694895833333334,10.998270833333335,1.4067708333333335,1.344625,1.3736041666666667,1.573125,17.033125000000002,16.959791666666664,16.347916666666666,14.927083333333334,198.52083333333334,5.2509375,198.9020833333333,5.587604166666666,217.39583333333334,7.795520833333334,10.553416666666667,14.298541666666667,18.085833333333333,6.8352916666666665,75.62833333333333,76.20791666666666,983.3541666666666,988.0208333333334
201,9.671750000000001,9.662,9.402604166666666,8.752604166666666,0.8322916666666668,0.8574791666666667,0.8537708333333334,1.0101041666666666,11.764479166666666,11.7693125,11.467541666666667,11.168541666666668,225.64214583333333,5.539687499999999,232.79429166666668,5.762520833333333,217.4076041666667,8.785208333333333,7.472895833333333,10.119166666666667,12.7886875,6.1895625,80.77354166666667,81.55520833333334,977.0208333333334,981.5
202,6.7205625,6.698729166666666,6.469270833333333,6.042000000000001,0.6811666666666666,0.7014583333333334,0.6915625,0.7194791666666666,8.336604166666666,8.334999999999999,8.118375,7.759250000000001,212.7458333333333,5.5834375,212.82291666666666,6.052125,231.60833333333335,7.546354166666667,5.243708333333333,7.006770833333333,8.8379375,5.522875,81.450625,82.02979166666667,990.25,994.9583333333334
203,5.786416666666667,5.789750000000001,5.528583333333334,5.321041666666667,0.5433958333333334,0.57675,0.5386875,0.5490833333333334,7.02825,7.078270833333334,6.826979166666667,6.666625,252.01458333333335,6.202916666666667,250.92499999999998,6.7311875,266.4479166666667,7.889145833333333,4.313229166666667,5.984541666666666,7.736666666666667,5.674083333333333,77.90166666666667,80.24520833333334,997.8125,1002.5833333333334
204,4.2781875000000005,4.143895833333334,4.3315,4.122791666666667,0.30804166666666666,0.32435416666666667,0.31497916666666664,0.3687291666666667,5.044895833333333,4.9734791666666665,5.096979166666666,5.026333333333333,168.12229166666665,7.8435,167.0425,5.5876875,183.97083333333333,6.237666666666667,2.983083333333333,4.413333333333333,5.984166666666667,5.401,85.94291666666668,89.08916666666666,1008.7291666666666,1013.6875
205,9.230625,9.245979166666666,8.613625,7.374604166666667,1.0419791666666667,1.012125,1.0516041666666667,1.109125,11.943333333333333,11.928458333333333,11.335645833333333,10.224083333333333,196.09583333333333,5.4065208333333326,198.26458333333335,5.7954791666666665,217.52916666666667,7.6593124999999995,6.8979583333333325,9.9206875,13.1571875,6.8362083333333326,74.98416666666667,76.336875,1006.375,1011.3333333333334
206,7.04236170212766,7.038489361702127,6.664914893617021,5.674,0.734595744680851,0.709063829787234,0.7308085106382979,0.8398510638297872,8.844723404255319,8.784893617021277,8.437702127659575,7.720872340425531,177.7340425531915,5.945510638297873,177.39148936170213,5.926340425531915,192.61276595744678,7.628829787234043,5.419106382978724,7.585595744680852,9.800765957446808,8.652042553191489,85.17808510638298,85.67340425531916,1002.7021276595744,1007.5744680851063
207,4.393958333333333,4.355416666666667,4.42725,4.11625,0.4651458333333333,0.47189583333333335,0.47812499999999997,0.5150208333333334,5.484458333333333,5.469916666666666,5.510479166666666,5.347083333333334,154.47354166666665,7.3026875,154.26416666666668,7.057604166666667,167.69583333333335,7.485520833333333,3.10675,4.598458333333333,6.167416666666667,8.45725,77.73916666666666,80.28020833333333,997.875,1002.75
208,5.405354166666666,5.257583333333334,5.4504375,4.999729166666667,0.4294166666666666,0.44741666666666663,0.4187708333333333,0.47245833333333337,6.476479166666667,6.336312500000001,6.485291666666666,6.097520833333333,148.95000000000002,4.8670625,148.80208333333334,4.168,162.27083333333334,4.739083333333333,4.005770833333333,5.656312499999999,7.477145833333334,8.731145833333334,87.27916666666665,89.54,993.5416666666666,998.2291666666666
209,7.635166666666667,7.631645833333334,7.370979166666667,7.0040000000000004,0.6701666666666667,0.7084375,0.6447291666666667,0.6767083333333334,9.354604166666666,9.392395833333333,9.0438125,8.700479166666666,242.41875000000002,4.590916666666667,242.20416666666665,4.683104166666666,258.0520833333333,6.567479166666666,5.996541666666666,7.943979166666666,9.903270833333332,8.196,83.34458333333333,84.38791666666667,995.7916666666666,1000.4791666666666
210,11.357708333333333,10.882291666666667,11.0678125,10.677437500000002,1.2030833333333333,1.3954791666666668,1.1773333333333333,1.2352083333333332,14.273333333333333,14.194583333333334,13.98375,13.801104166666667,230.1916666666667,5.174916666666666,230.54583333333335,5.351645833333333,248.15,7.610729166666666,8.708270833333334,11.666270833333334,14.651041666666666,6.764854166666667,77.73541666666667,78.81479166666666,991.1875,995.625
211,5.7595625,5.7015416666666665,5.539145833333333,5.187770833333333,0.4740625,0.5098333333333334,0.45889583333333334,0.5109583333333333,6.9515416666666665,6.96275,6.687645833333334,6.4428125,265.651875,8.3121875,256.9909166666667,8.4564375,270.56,9.2664375,4.483625,6.001416666666667,7.676916666666667,6.948083333333333,79.08562500000001,81.038125,997.6666666666666,1002.2708333333334
212,4.77775,4.711833333333334,4.5570208333333335,4.145875,0.451875,0.49318750000000006,0.4565416666666667,0.4905625,5.839083333333334,5.826770833333334,5.638104166666667,5.2985625,240.36666666666667,6.770645833333333,239.25833333333333,6.518979166666667,255.54166666666666,8.857125,3.7540208333333336,5.023520833333333,6.393666666666667,8.077270833333333,79.163125,81.17208333333333,1001.6875,1006.3958333333334
213,4.79425,4.762166666666666,4.631,4.283333333333333,0.4261875,0.40929166666666666,0.43254166666666666,0.4937708333333333,5.878687500000001,5.834395833333333,5.697229166666666,5.516666666666667,151.03947916666667,4.954041666666667,152.79533333333333,5.081604166666667,169.1275,6.700354166666667,3.6145208333333336,5.016687500000001,6.518979166666667,6.466833333333334,86.40145833333332,86.30833333333334,993.5625,998.3333333333334
214,5.815229166666666,5.6888125,5.8026875,5.614520833333334,0.4545625,0.47402083333333334,0.4682916666666667,0.568375,6.972729166666666,6.859999999999999,6.9483125,6.939104166666667,150.639375,5.556666666666666,153.22291666666666,5.6375625000000005,171.8375,6.809583333333333,4.40725,5.9455,7.516229166666666,5.595854166666666,82.63041666666668,83.03875000000001,1002.5,1007.3958333333334
215,7.802395833333333,7.894333333333333,6.889916666666667,6.780895833333333,0.7219583333333334,0.6280208333333334,0.7848958333333332,0.8111666666666667,9.814854166666667,9.661666666666667,8.927229166666667,8.759770833333333,66.80916666666667,4.757708333333333,69.28729166666666,4.560645833333333,86.86770833333333,5.182625,4.602083333333334,8.076833333333333,13.444583333333334,7.013520833333334,92.51666666666667,91.425,1005.7291666666666,1010.3541666666666
216,5.209020833333334,5.165,4.7019375000000005,4.598416666666666,0.443875,0.4100625,0.47479166666666667,0.5345,6.3805000000000005,6.268916666666667,5.956875,5.916895833333334,113.6725,4.911791666666667,114.53708333333333,4.819999999999999,129.88833333333335,6.3176041666666665,3.2012916666666666,5.326395833333334,8.460729166666667,6.911333333333334,98.69791666666667,97.99791666666665,999.0625,1003.7916666666666
217,4.4665681818181815,4.522068181818182,4.299363636363636,3.9120454545454546,0.3905909090909091,0.3877727272727273,0.38290909090909087,0.5175227272727273,5.44775,5.487477272727273,5.255340909090909,5.0965454545454545,304.02500000000003,5.416863636363637,301.92954545454546,5.077681818181818,281.65075,10.332659090909091,3.219181818181818,4.737363636363636,6.291386363636364,6.783022727272726,97.67727272727274,96.45454545454545,1001.25,1006.0454545454545
218,6.777416666666667,6.7844375,6.651958333333333,6.039020833333333,0.4991041666666667,0.4980625,0.5437083333333333,0.79325,7.9316666666666675,7.920541666666666,7.8850625,7.71925,254.0779375,5.0256875,252.6945625,4.696770833333333,236.78883333333332,12.027583333333332,5.213875,7.141166666666667,9.089625,5.912937499999999,95.27083333333333,93.68958333333335,1004.3958333333334,1009.0625
219,5.528125,5.409208333333333,5.432208333333333,4.807541666666666,0.4770833333333333,0.46839583333333334,0.52625,0.6851458333333333,6.644395833333333,6.478458333333333,6.6489375,6.376604166666667,153.17612499999998,8.6165,154.54772916666667,9.1403125,142.585375,11.004791666666668,4.205,5.850104166666667,7.5620416666666666,4.841729166666666,89.27583333333332,88.15291666666667,995.9791666666666,1000.8958333333334
220,10.143270833333334,10.116104166666666,10.020625,8.8685,0.9178958333333332,0.9155625000000001,0.9253958333333333,1.3905625,12.190708333333333,12.185625,12.141270833333332,11.707541666666666,303.99093750000003,6.502270833333333,302.2572916666667,6.53,256.4139166666667,15.202770833333332,7.936416666666666,10.7723125,13.623958333333334,3.7751875,82.9675,83.030625,998.7083333333334,1003.2708333333334
221,6.924270833333334,6.944020833333333,6.7519583333333335,6.664916666666667,0.748625,0.7840625,0.7072083333333333,0.7825625,8.748541666666666,8.893083333333333,8.525916666666665,8.531062499999999,264.44166666666666,6.4908125000000005,262.53333333333336,6.336145833333333,275.2625,8.516875,4.9675416666666665,7.1237916666666665,9.404375,6.1248125,69.62104166666667,72.04520833333333,1006.5833333333334,1011.3541666666666
222,10.360208333333334,10.529520833333335,10.117854166666666,9.836541666666667,1.066,1.0919791666666667,1.0387291666666667,1.0665,12.971895833333333,13.210479166666666,12.839895833333335,12.679895833333333,252.26666666666665,5.544791666666666,251.6875,5.5889999999999995,265.85625,7.3500625,8.004375,10.749145833333335,13.530208333333334,9.1343125,66.24979166666667,68.84479166666667,1009.125,1013.875
223,4.524770833333333,4.4245,4.429541666666666,4.3109166666666665,0.3567708333333333,0.3725833333333333,0.36902083333333335,0.42460416666666667,5.392270833333334,5.332708333333334,5.3715625,5.315145833333333,172.9922916666667,5.786791666666667,171.28854166666667,5.767375,171.58847916666664,6.769395833333333,3.138145833333333,4.629666666666666,6.354916666666667,6.5205625000000005,71.686875,74.11854166666667,1021.4791666666666,1026.3541666666667
224,4.571583333333334,4.4701875,4.718229166666666,4.383395833333333,0.3810625,0.4270416666666667,0.378875,0.458875,5.428229166666667,5.419333333333333,5.575020833333333,5.3275625,193.83166666666668,5.761895833333333,195.5979166666667,5.5715,220.00833333333333,7.418895833333333,2.866645833333333,4.784583333333333,7.417958333333334,8.759437499999999,69.52374999999999,80.80875,1023.75,1028.625
225,5.713541666666667,5.566770833333333,5.3991875,4.7666458333333335,0.3414791666666667,0.35018750000000004,0.3848125,0.5280833333333333,6.4852083333333335,6.3589375,6.294041666666666,5.9744375000000005,122.02943749999999,4.6568958333333335,124.30654166666666,4.449583333333334,143.851875,6.783979166666666,4.192333333333333,6.017854166666667,8.550104166666666,7.989916666666667,67.84291666666667,78.70520833333333,1020.7083333333334,1025.5625
226,5.502833333333334,5.360458333333334,5.140291666666667,4.466479166666667,0.402625,0.38581249999999995,0.4670625,0.7103125,6.455645833333333,6.278125,6.232937499999999,6.0047500000000005,59.6275,4.6978125,60.81641666666667,4.9613958333333334,48.5548125,9.8560625,4.052770833333333,5.8141875,7.614229166666667,6.290166666666667,79.871875,78.58541666666666,1018.7083333333334,1023.2708333333334
227,7.776645833333333,7.713958333333333,7.6862916666666665,6.772520833333334,0.6416875000000001,0.6313125,0.6727708333333333,1.1299583333333334,9.261750000000001,9.1651875,9.261520833333334,9.027,296.7945833333333,7.592729166666667,302.9769375,7.675416666666667,189.78239583333334,13.799833333333334,6.0542083333333325,8.262479166666667,10.490833333333333,4.9233125,73.06375,73.765,1015.375,1019.875
228,6.431458333333333,6.446625,6.358583333333333,5.8674583333333326,0.6091458333333334,0.5998958333333334,0.6132708333333333,0.8941458333333333,8.012541666666666,7.9778125,7.889479166666667,7.786520833333333,267.7763958333333,6.512166666666666,266.89720833333337,6.7088125000000005,199.7750625,9.735354166666665,4.830666666666667,6.757750000000001,8.7461875,4.8203125,67.37583333333333,68.325625,1012.5208333333334,1017.1041666666666
229,10.8474375,10.87825,10.605395833333334,9.412333333333333,1.0021666666666667,1.0071875,1.0093125,1.4068125,13.210895833333334,13.209354166666666,13.035854166666667,12.3680625,309.4916666666667,5.883666666666667,307.76875,5.775083333333334,275.65295833333334,12.896020833333333,8.1543125,11.542604166666665,14.965770833333332,5.086041666666667,70.90791666666667,73.58125,1002.2708333333334,1006.7291666666666
230,12.174999999999999,12.220625,12.007916666666667,11.120145833333334,1.00675,0.9929166666666666,1.0291041666666667,1.3980833333333333,14.617083333333333,14.6475,14.50625,14.115208333333333,318.46208333333334,6.011541666666666,316.57416666666666,5.360666666666667,300.2781458333333,13.4069375,9.6176875,12.742916666666666,15.878124999999999,3.1538749999999998,87.95437500000001,87.344375,1001.3125,1006.0
231,7.933395833333333,7.925416666666667,7.861395833333333,7.5018125,0.6354375,0.6416041666666666,0.6476458333333334,0.8077708333333334,9.376333333333333,9.391499999999999,9.37075,9.30275,229.16662499999998,5.410354166666667,228.3016458333333,5.174125,243.94770833333334,9.151708333333334,6.1106041666666675,8.217270833333332,10.337520833333334,3.447875,84.71625,84.01104166666666,1005.3541666666666,1009.9791666666666
232,6.831416666666667,6.848333333333334,6.668520833333333,6.373708333333333,0.7314791666666666,0.7338749999999999,0.7281041666666667,0.7744375,8.691833333333333,8.7010625,8.514020833333333,8.335791666666667,204.475,6.623166666666666,205.36458333333334,6.709979166666667,224.86458333333334,8.558729166666668,5.102374999999999,7.079083333333333,9.11025,3.697625,80.06041666666667,79.97833333333334,1000.6458333333334,1005.5833333333334
233,9.5398125,9.635854166666666,9.327291666666666,9.035958333333333,1.0079375,1.0075625,0.9977291666666667,1.0925208333333334,11.9590625,12.063708333333333,11.7950625,11.748604166666667,267.5729166666667,5.831604166666666,266.97291666666666,5.858791666666666,282.6479166666667,9.905020833333333,7.236104166666666,9.851083333333333,12.5033125,3.6999999999999997,83.95729166666666,84.10583333333334,996.3541666666666,1001.25
234,4.463666666666667,4.4169583333333335,4.306479166666667,4.1619166666666665,0.49356249999999996,0.5175208333333333,0.4679166666666667,0.5097708333333334,5.651958333333333,5.622916666666666,5.4448541666666666,5.381270833333333,189.19354166666668,8.792916666666667,187.55416666666667,8.224770833333332,202.98000000000002,9.377145833333334,3.0495625,4.613041666666667,6.405291666666667,6.162291666666667,72.44875,75.25937499999999,1012.125,1017.0
235,9.9173125,9.957166666666668,9.333145833333333,8.075583333333332,1.0165,0.9830625,0.9800208333333332,1.122625,12.5408125,12.426895833333333,11.8645625,10.79125,199.38333333333333,5.084479166666667,199.53958333333333,5.481791666666666,217.61875,7.621833333333334,7.671458333333334,10.625708333333334,13.6075,8.379666666666667,82.48416666666667,82.6675,1014.25,1019.0833333333334
236,11.250645833333332,11.1195625,10.807375,9.945791666666667,1.2000625,1.2369999999999999,1.1716875,1.2528333333333332,14.380833333333333,14.306062500000001,13.857999999999999,13.302645833333335,224.20624999999998,5.289083333333333,224.40833333333333,5.412916666666667,241.47708333333333,7.6053749999999996,8.6755625,11.8143125,14.994166666666667,11.064916666666667,72.87,74.53291666666667,1006.0833333333334,1010.7916666666666
237,8.457708333333334,8.364979166666666,8.253395833333334,7.930625,0.741,0.8284791666666668,0.7514375000000001,0.8123541666666667,10.339854166666667,10.437541666666666,10.173583333333333,10.030125,241.79166666666666,5.053791666666666,241.58333333333334,4.978979166666667,258.71875,6.8416875,6.712020833333334,8.756270833333334,10.817437499999999,9.2704375,65.01583333333333,68.90833333333333,1014.2291666666666,1018.875
238,7.336312499999999,7.3386458333333335,6.9699583333333335,6.138583333333333,0.7503958333333333,0.7462708333333333,0.7672708333333333,0.8389791666666667,9.1563125,9.148333333333333,8.821020833333334,8.143395833333333,205.52916666666667,6.451104166666667,205.65416666666667,6.863666666666667,223.83124999999998,8.901083333333334,5.847,7.802083333333333,9.796895833333332,11.295833333333334,62.272083333333335,64.090625,1015.7708333333334,1020.4791666666666
239,5.9108125,5.889541666666666,5.625520833333333,4.8668125,0.7104374999999999,0.7194791666666668,0.7204375000000001,0.7490208333333334,7.65975,7.629708333333333,7.478291666666667,6.768625,185.44791666666666,8.929645833333334,184.49520833333335,8.9515625,201.36875,10.739520833333332,4.537229166666667,6.347270833333333,8.893604166666668,13.326666666666666,60.042291666666664,65.93604166666667,1011.5,1016.0833333333334
240,3.6214255319148934,3.5368085106382976,3.514404255319149,2.947872340425532,0.3136595744680851,0.3023404255319149,0.3438723404255319,0.40848936170212763,4.358510638297872,4.236702127659575,4.321170212765957,3.893425531914893,103.88795744680851,6.2076170212765955,122.94563829787234,6.583212765957446,96.44536170212766,10.624978723404256,2.6442978723404256,3.908489361702128,5.723680851063829,9.81531914893617,78.72574468085107,83.36936170212766,1006.7872340425532,1011.6170212765958
241,6.7997499999999995,6.717312499999999,6.609312500000001,5.2995833333333335,0.41408333333333336,0.41110416666666666,0.4519166666666667,0.9013541666666667,7.680479166666667,7.5973749999999995,7.579083333333333,7.12,265.84195833333337,4.278666666666667,264.4180833333333,4.050645833333333,218.36977083333332,13.470583333333332,5.324895833333334,7.430708333333333,9.546416666666667,7.413875,100.0,100.0,1004.2916666666666,1008.8541666666666
242,4.208708333333333,4.131270833333333,4.2370624999999995,3.9037291666666665,0.2914791666666667,0.2844375,0.32179166666666664,0.45491666666666664,4.9301875,4.821604166666667,4.9961875000000004,4.9435,157.07829166666667,5.3937083333333335,157.53658333333334,5.460916666666667,150.58770833333332,9.008375,2.608541666666667,4.402020833333333,6.4153125,8.796520833333334,95.38395833333334,97.15625,1004.375,1008.9166666666666
243,6.274333333333334,6.180791666666667,6.077354166666667,5.1674375,0.44333333333333336,0.39399999999999996,0.47489583333333335,0.6103125,7.391229166666666,7.22025,7.198,6.665333333333333,66.59466666666667,4.524875,77.50739583333333,4.644770833333333,71.49029166666666,6.19475,3.7297499999999997,6.7675833333333335,10.3036875,10.212916666666667,90.59854166666666,93.16250000000001,1007.5,1012.0625
244,7.5536875,7.356270833333333,7.251124999999999,5.687395833333333,0.331125,0.3116875,0.36141666666666666,0.5715,8.346041666666666,8.1265,8.111812500000001,6.974104166666667,20.7096875,3.624541666666667,73.72108333333334,5.056666666666667,22.764,7.500916666666666,5.724625,8.2940625,10.896208333333334,9.87875,95.49583333333334,96.40833333333335,1005.75,1010.4166666666666
245,7.515687499999999,7.223291666666667,7.3725625,5.8726875000000005,0.288375,0.27360416666666665,0.31283333333333335,0.5270208333333334,8.240041666666666,7.9141875,8.116562499999999,7.095291666666667,25.771041666666665,3.5468541666666664,35.23227083333333,4.141729166666667,20.809541666666664,5.453833333333333,5.490166666666667,8.195583333333333,10.90625,10.375833333333334,92.89166666666667,93.38958333333333,1003.0,1007.75
246,11.056041666666667,10.841875,10.420833333333333,8.014916666666666,0.5982291666666667,0.5783541666666666,0.6876875,1.3745625,12.311875,12.054791666666667,11.890625,10.756875,319.1345416666667,5.540833333333333,317.84925,5.204041666666667,114.521125,15.406812500000001,9.01525,12.155208333333334,15.301041666666668,8.858125,99.3875,98.28750000000001,1004.125,1008.4791666666666
247,9.86125,9.581791666666666,9.5244375,8.055145833333333,0.6871458333333332,0.6662916666666666,0.7831458333333333,1.0046041666666667,11.395625,11.051458333333334,11.28375,10.3338125,40.9774375,4.934229166666666,56.45197916666667,5.475208333333334,35.225812499999996,8.042250000000001,7.845395833333334,10.528541666666667,13.217500000000001,7.740145833333333,83.28104166666667,83.10708333333334,1009.375,1013.8541666666666
248,7.890979166666667,7.773541666666667,7.7556666666666665,6.501166666666666,0.639,0.6217291666666667,0.6809166666666666,1.0840625,9.338375000000001,9.169354166666666,9.254875,8.725375,221.00454166666668,7.859041666666666,220.2811875,7.896604166666666,122.694375,13.686666666666667,6.0717083333333335,8.504,10.97425,7.068583333333333,68.78,69.24729166666667,1014.375,1018.7916666666666
249,3.2341458333333333,3.1719375,3.2299375,3.0734999999999997,0.2704583333333333,0.2730416666666667,0.29039583333333335,0.37445833333333334,3.9174583333333337,3.8868125,3.9480833333333334,3.9330208333333334,168.89208333333332,5.9775,168.48875,5.874104166666666,176.87770833333335,8.382166666666667,2.2165208333333335,3.352854166666667,4.625020833333333,7.8190625,71.79520833333333,71.51020833333334,1015.4375,1019.9583333333334
250,4.409083333333333,4.258104166666667,4.347020833333334,4.281791666666667,0.31795833333333334,0.34979166666666667,0.3371458333333333,0.4322083333333333,5.208354166666667,5.130208333333333,5.158520833333333,5.2306875,141.88979166666667,5.215708333333333,144.34479166666668,5.2703750000000005,163.260625,8.129770833333334,3.1624583333333334,4.484041666666667,5.902916666666666,9.035874999999999,76.7025,77.29291666666667,1013.25,1017.8333333333334
251,5.520979166666667,5.421375,5.401104166666666,5.1358958333333335,0.5388958333333334,0.5827916666666667,0.5477291666666667,0.5906875,6.8397499999999996,6.779604166666666,6.7794375,6.565270833333333,225.76666666666665,6.184520833333333,226.11041666666665,6.4286875,246.63958333333335,7.6890833333333335,4.3299375,5.710979166666667,7.192458333333334,12.566250000000002,70.41458333333334,72.36291666666666,1005.1666666666666,1009.7291666666666
252,4.448104166666666,4.441333333333334,4.2863125,3.846166666666667,0.48077083333333337,0.4679583333333333,0.4772083333333333,0.5672916666666666,5.6905,5.6875,5.498125000000001,5.182479166666667,196.69583333333333,6.478416666666667,190.663125,8.836104166666667,175.20329166666667,7.291250000000001,3.343916666666667,4.715375,6.312833333333334,12.486666666666666,81.77625,84.55499999999999,995.8333333333334,1000.25
253,7.27525,7.266708333333334,7.0510625000000005,6.246166666666666,0.6774999999999999,0.6557708333333333,0.6705625,0.9273333333333333,8.963458333333334,8.920041666666666,8.746666666666666,8.273395833333334,222.37212499999998,5.560875,223.40585416666667,5.789437499999999,212.3864583333333,9.8864375,5.742979166666667,7.724687500000001,9.791125,11.263958333333333,88.38708333333334,87.87333333333333,1001.1875,1005.75
254,7.9943124999999995,7.8174375000000005,7.701291666666666,7.081583333333334,0.808375,0.8591458333333333,0.8187708333333333,0.8314791666666667,9.988729166666667,9.889979166666667,9.7589375,9.300916666666668,218.72708333333333,5.831666666666667,219.3395833333333,5.961125,237.98125000000002,7.130208333333333,6.317895833333334,8.36725,10.450354166666667,13.207500000000001,73.59791666666666,75.62333333333333,1001.875,1006.2916666666666
255,7.638229166666666,7.5994166666666665,7.291666666666667,6.4907916666666665,0.8350416666666667,0.8447708333333334,0.8036041666666667,0.8808958333333333,9.700645833333333,9.714895833333333,9.355,8.801916666666667,208.88750000000002,6.383479166666667,208.90625,6.7898125,225.50208333333333,8.224354166666666,5.9916875,8.106583333333333,10.277666666666667,13.887500000000001,81.48229166666667,82.23583333333333,995.8541666666666,1000.4791666666666
256,4.694604166666667,4.660229166666666,4.5135625,4.1395,0.3806666666666667,0.3758333333333333,0.3930208333333333,0.4203958333333333,5.5895,5.591229166666667,5.405083333333334,5.155583333333333,183.67458333333335,5.980125,177.6701875,6.0306875,194.47375,7.2080416666666665,3.4569166666666664,4.932333333333333,6.478645833333334,11.784374999999999,79.81083333333333,84.720625,999.7291666666666,1004.4375
257,4.0303125,3.9648125000000003,3.8658750000000004,3.4798541666666662,0.34189583333333334,0.33916666666666667,0.3645416666666667,0.4838125,4.844458333333333,4.781083333333333,4.73225,4.6102083333333335,134.8900625,6.013791666666666,140.69529166666666,6.421166666666667,127.24537500000001,10.373395833333333,2.8101041666666666,4.255020833333333,5.835583333333333,9.4925,90.86874999999999,88.55,1012.25,1016.9166666666666
258,6.403104166666666,6.2566041666666665,6.359312500000001,5.523833333333333,0.4794375,0.4735416666666667,0.501,0.7113333333333333,7.484999999999999,7.316979166666666,7.477270833333333,7.143916666666667,157.983375,7.702354166666667,157.18347916666667,7.664729166666667,102.2039375,9.386416666666667,4.909395833333334,6.817125,8.824833333333332,8.853125,86.58520833333334,85.66166666666668,1017.625,1022.1666666666666
259,12.097499999999998,11.840625000000001,11.756666666666668,10.0033125,0.8047291666666667,0.7805208333333332,0.8896666666666667,1.26625,13.804583333333333,13.495,13.667916666666665,12.689583333333333,195.89008333333334,8.842812499999999,202.98968749999997,8.958875,23.0918125,10.5599375,9.858020833333333,12.911458333333334,15.96625,8.830208333333333,87.29291666666667,86.739375,1012.9375,1017.375
260,5.792854166666667,5.756833333333333,5.1774375,4.750583333333333,0.39537500000000003,0.3391041666666667,0.467125,0.5927916666666667,6.710916666666667,6.565604166666667,6.231916666666667,6.1863125,50.38339583333334,3.7551875,52.440583333333336,4.096395833333333,69.90479166666667,6.9065208333333326,3.6861041666666665,6.0784375,9.011083333333334,9.589791666666667,98.51458333333333,97.39999999999999,1010.0,1014.625
261,3.5158958333333334,3.445145833333333,3.4021041666666663,3.304479166666667,0.271625,0.26,0.3243958333333333,0.37958333333333333,4.191958333333333,4.0721875,4.158833333333333,4.184020833333333,78.43374999999999,4.616020833333333,88.75833333333333,4.734854166666667,100.90479166666667,5.935979166666667,2.4358541666666667,3.594583333333333,5.014833333333333,9.819166666666666,93.55624999999999,91.28958333333333,1012.6458333333334,1017.2916666666666
262,3.4241875,3.3962916666666665,3.2891875,3.2231666666666663,0.2806458333333333,0.25825000000000004,0.3565416666666667,0.3780833333333333,4.101604166666667,4.0141875,4.092020833333334,4.097458333333333,79.59854166666666,4.304916666666666,82.80604166666667,4.497875,99.97583333333334,5.482104166666667,2.2389375,3.516125,5.1472500000000005,10.269791666666666,91.61666666666667,90.63125000000001,1011.1041666666666,1015.7291666666666
263,4.9419375,4.860458333333333,4.862729166666667,3.9315208333333334,0.4279583333333334,0.41802083333333334,0.4594583333333333,0.8119791666666667,5.9786874999999995,5.891958333333334,5.926958333333332,5.648520833333333,167.106625,6.4457708333333334,167.18977083333334,7.232541666666666,115.97252083333332,12.937708333333333,3.5653333333333332,5.3983125,7.270145833333333,9.512708333333334,95.75416666666666,92.9875,1010.7083333333334,1015.3541666666666
264,11.241979166666667,11.189229166666665,10.909395833333333,8.333270833333334,0.7063541666666667,0.6927708333333333,0.7561874999999999,1.716,12.765354166666667,12.712958333333333,12.606812499999998,11.686229166666665,338.48333333333335,4.707541666666667,336.875,3.5305,349.8520833333334,21.226666666666667,8.690791666666668,12.487729166666666,16.2933125,9.571458333333334,98.12708333333335,96.8875,1013.8958333333334,1018.375
265,16.435624999999998,16.277708333333333,15.9,11.410625000000001,1.18025,1.1524791666666667,1.2765416666666667,2.5033333333333334,18.853958333333335,18.67625,18.617083333333333,16.5525,342.13124999999997,4.048666666666667,341.26666666666665,3.779958333333333,317.104625,22.945833333333336,12.303958333333334,18.537291666666665,24.779791666666668,9.0,99.27291666666667,97.77083333333333,1016.0833333333334,1020.5
266,14.228541666666667,14.029791666666666,13.750208333333333,10.401458333333332,0.9606458333333333,0.9407291666666667,1.0274791666666667,1.9621458333333333,16.364375,16.11,16.043958333333332,14.502291666666666,310.117,6.433604166666666,324.2228333333333,5.711333333333333,173.3108125,19.223291666666665,11.001666666666667,15.794375,20.597291666666667,9.016875,97.61458333333333,96.87916666666666,1020.4375,1025.1041666666667
267,10.047520833333333,9.872645833333333,9.858895833333333,8.286416666666666,0.7139375,0.6964166666666666,0.7631666666666667,1.3579583333333334,11.646833333333333,11.415354166666667,11.552916666666667,10.951895833333333,329.35168749999997,9.01275,328.65697916666664,8.947645833333334,65.6291875,14.018833333333333,7.994791666666667,10.794270833333334,13.602916666666667,8.450958333333334,89.71458333333334,88.37708333333335,1018.3541666666666,1022.625
268,6.8066666666666675,6.74975,6.653041666666667,5.5490208333333335,0.5453333333333333,0.5435625000000001,0.5427083333333333,0.956125,8.094666666666667,8.018812500000001,7.981875,7.552229166666667,334.18064583333336,6.298791666666666,333.13906249999997,5.93875,235.07466666666667,14.374625,5.255604166666667,7.370208333333333,9.4999375,9.246666666666666,95.35208333333333,93.80833333333334,1012.6041666666666,1017.1458333333334
269,7.9943333333333335,7.9266250000000005,7.756770833333333,6.1167291666666666,0.5230208333333334,0.5159375,0.5544583333333334,1.1638125,9.169875,9.083770833333334,9.0246875,8.465854166666666,329.4180833333333,5.0638958333333335,328.28429166666666,4.3844375,214.4396875,16.545895833333333,6.1613125,8.795645833333333,11.439604166666667,9.5675,99.59791666666666,98.10833333333333,1013.6666666666666,1018.2708333333334
270,3.76775,3.7503541666666664,3.5795208333333335,3.1824999999999997,0.43135416666666665,0.3952291666666667,0.47241666666666665,0.6128958333333333,4.742541666666667,4.660895833333334,4.677604166666667,4.6133750000000004,146.0029375,7.377291666666667,147.20110416666668,8.035958333333333,73.62741666666666,11.658208333333334,2.5149166666666667,4.014083333333333,5.815416666666667,8.703333333333333,93.51875,90.25833333333333,1016.7291666666666,1021.4583333333334
271,3.02725,3.022395833333333,2.8497291666666666,2.7541458333333337,0.29691666666666666,0.26614583333333336,0.3595625,0.4005208333333334,3.7540208333333336,3.6801666666666666,3.660770833333333,3.7506875,77.76902083333333,5.379958333333334,81.436125,6.129979166666666,103.58125,6.614916666666667,1.8395208333333333,3.1433750000000003,4.965125,9.672291666666666,97.17708333333333,94.55833333333334,1016.375,1020.9791666666666
272,2.4324583333333334,2.39025,2.4385,2.176791666666667,0.21541666666666667,0.20262500000000003,0.2376041666666667,0.28910416666666666,2.9013333333333335,2.8215416666666666,2.9716458333333335,2.8413749999999998,122.407375,5.48525,124.4831875,5.327895833333334,129.611375,6.674333333333333,1.4879791666666666,2.599270833333333,4.254145833333333,12.6975,89.5475,92.35000000000001,1016.3541666666666,1021.125
273,3.8233541666666664,3.7382291666666667,3.6843749999999997,3.1531875,0.3280625,0.30927083333333333,0.34870833333333334,0.5065208333333333,4.615708333333333,4.4933749999999995,4.5229375,4.331729166666666,37.485145833333334,5.621208333333333,59.1865625,6.142416666666667,67.52604166666667,10.472708333333333,2.6456874999999997,4.0906666666666665,5.7173750000000005,11.001041666666666,95.28125,92.71458333333334,1019.25,1024.0208333333333
274,3.3533333333333335,3.3066666666666666,3.345916666666666,3.2484583333333332,0.35541666666666666,0.3348541666666667,0.36812500000000004,0.45668749999999997,4.224020833333333,4.141041666666667,4.252375,4.3542708333333335,111.90291666666667,8.195187500000001,112.9775,9.44475,113.4036875,11.5445625,2.28625,3.45525,4.9359166666666665,10.410416666666666,93.59791666666666,91.29166666666667,1015.1666666666666,1019.75
275,2.7412500000000004,2.69875,2.5912916666666668,2.4482500000000003,0.23379166666666665,0.21320833333333333,0.2876458333333333,0.3742916666666667,3.2908958333333334,3.219208333333333,3.2710416666666666,3.3061666666666665,86.89952083333333,4.966916666666667,96.68966666666667,5.9663125,92.848125,7.5310625,1.7310416666666668,2.8418125,4.2940625,11.265,98.84791666666666,98.11874999999999,1007.0208333333334,1011.5416666666666
276,4.332520833333334,4.244208333333334,4.2272083333333335,3.9944375,0.3051041666666667,0.289,0.3817916666666667,0.4706875,5.1233125,4.986375,5.123958333333333,5.134,76.28541666666666,4.158354166666666,80.05749999999999,4.331875,97.98270833333333,4.976354166666667,2.9111875,4.479208333333333,6.340333333333334,10.262083333333333,99.52291666666667,97.86874999999999,1004.4375,1009.1458333333334
277,3.219041666666667,3.1513541666666662,3.1250208333333336,3.0852500000000003,0.20783333333333334,0.19483333333333333,0.24975,0.33068749999999997,3.7123333333333335,3.6015625,3.747291666666667,3.8765,71.46166666666666,3.1184583333333333,74.80916666666667,3.292354166666667,92.21854166666667,4.755958333333333,1.8553958333333334,3.269,5.082145833333334,11.285208333333332,100.0,99.95833333333333,999.7916666666666,1004.3958333333334
278,4.838416666666666,5.000291666666667,4.485083333333333,4.097208333333334,0.35112499999999996,0.2921666666666667,0.3941666666666667,0.48039583333333336,5.716583333333333,5.6941041666666665,5.42925,5.2823125,65.91614583333333,3.6462916666666665,67.0376875,3.6884374999999996,54.014375,5.955520833333334,3.3235208333333333,5.243104166666667,7.600770833333333,11.61625,100.0,99.82916666666667,995.25,999.8125
279,4.269416666666666,4.178895833333333,4.34575,4.107395833333333,0.2577291666666667,0.24683333333333335,0.2899583333333333,0.4626875,4.917854166666666,4.778708333333333,5.045895833333334,5.1186875,123.94695833333333,4.083291666666667,126.05925,4.042895833333334,127.87927083333334,7.21125,2.8926041666666666,4.4147083333333335,6.1221875,12.009166666666667,92.73520833333333,93.46875,989.5625,994.125
280,5.308104166666666,5.212416666666667,5.1859375000000005,4.491895833333333,0.3351041666666667,0.3194791666666667,0.37433333333333335,0.6131458333333334,6.102354166666667,5.974729166666666,6.0164583333333335,5.7859375,140.33954166666666,4.898395833333333,140.61195833333332,4.735854166666667,66.19745833333333,7.807312499999999,4.032,5.6616875,7.400375,12.004583333333334,99.02083333333333,97.56666666666666,990.4375,995.125
281,8.471229166666665,8.407916666666667,8.295645833333333,6.559583333333333,0.42733333333333334,0.4183958333333333,0.5034375,1.2471458333333334,9.374062499999999,9.280520833333332,9.338604166666666,8.859875,281.79291666666666,4.070166666666666,281.01979166666666,3.413770833333333,287.604375,17.47489583333333,6.22325,9.3079375,12.433479166666666,10.961458333333333,99.65208333333334,98.97500000000001,995.8958333333334,1000.6666666666666
282,9.4886875,9.514958333333334,9.35875,8.175479166666667,0.7238333333333333,0.7202708333333333,0.7566666666666667,1.3048541666666666,11.181083333333333,11.2401875,11.134645833333332,10.8314375,327.10625,5.410916666666666,325.88124999999997,4.6602500000000004,339.6645833333333,17.165166666666668,7.4310624999999995,10.141333333333334,12.863,10.790833333333333,93.13958333333333,91.87708333333335,1001.8125,1006.5625
283,8.2316875,8.177875,8.070875,6.810416666666666,0.5845416666666666,0.57725,0.6338333333333334,1.1294583333333332,9.497395833333334,9.4308125,9.421645833333335,9.051729166666666,209.39908333333332,7.0484583333333335,217.08062500000003,6.9556875,193.94554166666668,16.387645833333334,6.404541666666667,8.865104166666667,11.402645833333333,9.955416666666666,83.34729166666666,82.16895833333334,1012.6875,1017.3333333333334
284,6.212125,6.204270833333333,5.8654375,5.14025,0.7390833333333333,0.7272916666666666,0.7513125,0.791875,7.975270833333333,7.966145833333333,7.669125,7.144583333333333,199.76041666666666,7.538875,198.17083333333335,7.833833333333334,213.0979166666667,9.617458333333333,4.5835625,6.638958333333334,8.865520833333333,14.257916666666667,82.30604166666667,81.51979166666666,1010.9166666666666,1015.625
285,8.229770833333333,8.289166666666667,7.949729166666667,7.461979166666667,0.7502291666666667,0.7683333333333334,0.7337291666666667,0.7641458333333334,10.1075,10.174479166666666,9.8059375,9.44875,242.9125,4.829479166666666,242.93541666666667,4.949270833333333,259.46875,6.0826875,6.580520833333334,8.609083333333333,10.651583333333333,16.6975,74.79333333333334,76.75125,1001.6666666666666,1006.1875
286,5.542833333333333,5.434541666666667,5.375125000000001,4.9993541666666665,0.5300208333333333,0.562375,0.5368958333333333,0.5367708333333333,6.749187500000001,6.750958333333333,6.612791666666666,6.239583333333333,218.27083333333334,7.010854166666667,218.57916666666665,6.736958333333334,238.40833333333333,7.325708333333334,4.411104166666667,5.7831875,7.263958333333334,16.104166666666668,69.385,73.06666666666666,1007.5,1011.9791666666666
287,5.746291666666667,5.745479166666667,5.439583333333334,4.675333333333334,0.574375,0.5883125,0.5665416666666666,0.5828958333333333,7.1574583333333335,7.181875000000001,6.8595625,6.119812499999999,214.54583333333335,5.896625,213.47708333333333,6.152270833333334,228.7875,7.3339375,4.579916666666667,6.1766041666666665,7.808062499999999,17.106666666666666,69.95770833333333,72.3025,1009.2916666666666,1013.9375
288,4.7066875,4.516625,4.847770833333334,4.4886875,0.3520625,0.3824375,0.3344375,0.38695833333333335,5.501916666666666,5.3925833333333335,5.617604166666666,5.331875,182.0,4.246708333333333,176.64458333333334,4.467125,194.514375,6.0832291666666665,3.314666666666667,4.907583333333333,6.689916666666666,15.884583333333333,72.22833333333334,80.861875,1008.9166666666666,1013.5833333333334
289,5.6161875,5.469333333333334,5.4582291666666665,5.0259375,0.4970833333333333,0.5451458333333333,0.5068333333333334,0.5311666666666667,6.776062499999999,6.7945625000000005,6.678916666666667,6.325604166666667,230.625,5.262145833333333,231.36249999999998,5.189583333333333,252.39583333333334,6.454979166666667,4.5367500000000005,5.8725625,7.320916666666666,15.500416666666666,71.371875,74.421875,1007.3541666666666,1011.8125
290,3.9114583333333335,3.8535625000000002,3.7841458333333335,3.4413750000000003,0.2959791666666667,0.298,0.33216666666666667,0.4540208333333333,4.6210625,4.5618125,4.5640624999999995,4.486208333333333,169.38833333333335,4.849375,171.85114583333333,5.404395833333333,175.096,10.177166666666666,2.8089999999999997,4.118854166666667,5.541541666666666,12.175208333333332,89.22291666666666,88.88083333333333,1009.3541666666666,1013.8541666666666
291,6.310666666666666,6.225625,6.274208333333333,6.077145833333333,0.5681041666666666,0.5941875,0.55275,0.6406875,7.667395833333334,7.669416666666667,7.607583333333333,7.583645833333333,232.42479166666666,5.6619375000000005,233.279375,5.310854166666666,250.13812499999997,7.420854166666667,4.794,6.4978541666666665,8.4344375,13.826458333333333,86.30479166666667,86.60520833333334,1007.0,1011.5
292,7.583312500000001,7.647416666666667,7.444354166666667,7.358854166666667,0.7689374999999999,0.8119583333333332,0.7498958333333333,0.7601458333333334,9.554791666666667,9.729125,9.3944375,9.410479166666667,257.5208333333333,5.968875,256.95208333333335,5.786041666666667,270.5520833333333,8.151145833333333,5.743354166666666,7.821479166666666,9.932,14.388958333333333,69.38270833333333,71.95729166666666,1007.2291666666666,1011.8541666666666
293,3.722729166666667,3.7098125,3.5822708333333337,3.363729166666667,0.40297916666666667,0.41152083333333334,0.39675,0.41410416666666666,4.71425,4.715354166666667,4.5253125,4.3525833333333335,176.87270833333332,9.070375,177.84375,7.862895833333333,196.98208333333332,8.636979166666666,2.685916666666667,3.8785833333333333,5.164791666666667,12.731875,82.755625,83.58541666666666,1005.2708333333334,1009.8125
294,7.529708333333333,7.502729166666666,7.287,6.937666666666666,0.7088125000000001,0.7312708333333333,0.6977708333333333,0.7498125,9.387729166666666,9.385958333333333,9.0525625,8.832291666666666,212.58333333333334,5.359875,212.92916666666667,5.532229166666667,230.71666666666667,7.262416666666667,5.7756875,7.798479166666667,9.850624999999999,12.438958333333334,86.38375,86.41333333333334,995.0625,999.6666666666666
295,6.788041666666667,6.6474375,6.6078125000000005,6.3413125,0.58075,0.6469375,0.5841458333333334,0.5931041666666667,8.189187500000001,8.188583333333334,7.992895833333333,7.888979166666666,212.24791666666667,5.573708333333333,212.37291666666667,5.508375,231.55625,6.141520833333334,5.3241875,6.986291666666666,8.6684375,13.565208333333333,73.63375,75.71062500000001,997.5208333333334,1001.9166666666666
296,9.282,9.012333333333332,9.068354166666667,8.830104166666667,0.9207291666666667,0.9916041666666667,0.9038541666666666,0.9384166666666666,11.565624999999999,11.432291666666666,11.299999999999999,11.229583333333332,228.77291666666667,5.6816458333333335,230.0,5.769208333333334,250.42083333333335,7.219354166666666,7.21925,9.491312500000001,11.776666666666666,13.250208333333333,73.59395833333333,75.2175,995.2291666666666,999.5416666666666
297,10.602229166666666,10.370916666666666,10.366875,10.269083333333333,1.0191041666666667,1.1727291666666666,1.003625,1.0360625,13.202083333333334,13.168541666666668,12.9221875,13.041458333333333,236.70208333333335,5.0763541666666665,237.5875,5.288916666666666,256.09999999999997,7.272770833333333,8.040833333333333,10.804875000000001,13.595416666666667,12.422708333333333,74.26354166666667,75.71291666666666,999.5,1003.8333333333334
298,8.030229166666667,8.028395833333333,7.823687499999999,7.660333333333334,0.7314791666666666,0.7918541666666666,0.7236458333333333,0.7368125,9.907854166666667,9.997479166666666,9.665979166666666,9.5876875,242.475,5.561770833333334,243.34166666666667,5.097395833333334,260.99791666666664,7.1124583333333335,6.159187500000001,8.263645833333333,10.393770833333333,13.518749999999999,67.76083333333334,70.68458333333334,1008.125,1012.6041666666666
299,4.8676382978723405,4.849255319148936,4.675297872340425,4.314106382978723,0.4810212765957447,0.48765957446808517,0.4769787234042553,0.4879787234042553,5.967255319148936,5.996595744680851,5.811829787234043,5.445404255319149,197.5936170212766,7.25340425531915,195.78659574468082,6.914574468085107,213.13000000000002,8.198893617021277,3.7986595744680853,5.100425531914894,6.6140425531914895,14.870212765957445,75.09744680851064,76.33787234042553,1008.1914893617021,1012.6808510638298
300,6.455604166666666,6.5093125,6.150145833333333,5.661020833333333,0.5906666666666667,0.5939375,0.5995208333333334,0.6858124999999999,7.88375,7.912145833333334,7.580520833333334,7.2283125,244.99972916666664,6.8166875000000005,243.88620833333334,6.852708333333333,241.7378125,10.972854166666666,5.041791666666667,6.795354166666667,8.655270833333333,12.841875,85.53270833333333,85.98541666666667,1008.5208333333334,1013.0833333333334
301,5.677666666666667,5.590729166666667,5.570833333333333,5.346979166666666,0.5706875,0.6026458333333333,0.5684791666666666,0.6035833333333334,7.117166666666667,7.0515,7.0145625,6.877541666666667,230.20000000000002,6.629083333333334,229.9104166666667,6.463395833333333,248.1,7.825479166666667,4.296520833333333,5.871125,7.498229166666667,13.949583333333335,74.76354166666667,76.16,1013.0,1017.7083333333334
302,7.7565625,7.701208333333334,7.509458333333334,6.972895833333333,0.6652916666666667,0.7056874999999999,0.642875,0.6789375,9.484854166666667,9.488520833333334,9.185812499999999,8.8006875,221.60833333333335,4.685958333333334,222.59375,4.959145833333333,242.42291666666665,5.869125,6.23525,8.098958333333334,9.967604166666666,16.842291666666664,76.89020833333333,78.32291666666667,1007.4791666666666,1012.0416666666666
303,8.572979166666666,8.533979166666667,8.322354166666667,7.854791666666666,0.7766666666666667,0.8524166666666666,0.7475625,0.7958541666666666,10.482479166666666,10.559083333333334,10.195020833333333,9.881791666666667,235.4625,5.0149791666666665,235.44583333333333,5.198104166666666,251.32708333333335,7.293,6.798916666666667,8.945854166666667,11.105666666666666,16.759583333333335,74.755,76.60041666666667,1003.9375,1008.375
304,8.819229166666666,8.846104166666667,8.396708333333333,7.418208333333333,0.8876875000000001,0.8715,0.871,0.93175,11.051083333333333,11.011625,10.629208333333333,9.81425,204.1,4.972208333333334,204.84583333333333,5.261520833333333,224.0270833333333,6.834520833333333,7.022354166666666,9.381333333333332,11.765625,17.348541666666666,84.44270833333333,84.739375,1003.2708333333334,1007.8333333333334
305,8.712354166666666,8.522,8.392020833333333,7.7845625,0.9121874999999999,0.9861041666666667,0.8882291666666666,0.9129583333333334,11.067854166666665,10.984770833333334,10.722,10.238458333333334,223.59583333333333,5.6463125000000005,224.86458333333334,5.965062499999999,245.3375,7.2674375,6.869458333333333,9.090416666666668,11.3555625,17.417916666666667,75.87979166666666,77.39895833333334,995.0625,999.5625
306,9.062624999999999,9.069333333333333,8.8451875,8.456666666666667,0.8595,0.9084583333333334,0.8448125000000001,0.9036666666666666,11.207187500000002,11.278833333333333,10.9993125,10.772895833333335,239.55208333333334,4.984104166666667,239.43958333333333,5.051416666666666,255.05208333333334,7.339375,7.084833333333333,9.4256875,11.789020833333334,16.068541666666665,80.71958333333333,81.69520833333333,993.625,998.1666666666666
307,3.7451041666666662,3.6779166666666665,3.6938750000000002,3.5962708333333335,0.3522083333333333,0.38256249999999997,0.34014583333333337,0.3681666666666667,4.6499999999999995,4.6142916666666665,4.563666666666667,4.518354166666667,192.52202083333336,6.147875,192.49597916666667,5.828333333333333,200.98645833333333,7.047166666666667,2.5192083333333333,3.8476250000000003,5.33475,13.310208333333334,72.86708333333333,77.01104166666667,1003.9583333333334,1008.5208333333334
308,4.729791666666666,4.772333333333333,4.590479166666666,4.511375,0.5459375000000001,0.5668958333333333,0.5391041666666666,0.5395208333333333,6.114583333333333,6.208375,5.930062500000001,5.837041666666667,261.91802083333334,9.156208333333334,253.57520833333334,8.643979166666666,252.25747916666668,10.281374999999999,3.268708333333333,4.888895833333334,6.6810833333333335,13.659374999999999,69.99166666666666,73.233125,1009.3333333333334,1013.9791666666666
309,4.485291666666667,4.41225,4.395770833333334,4.276416666666667,0.34572916666666664,0.3567916666666667,0.34541666666666665,0.4237708333333334,5.291229166666667,5.225791666666667,5.201708333333333,5.284458333333333,181.93270833333335,5.080125,181.43041666666667,5.0805,182.374,7.603104166666667,3.1712291666666665,4.609729166666667,6.196333333333333,12.599375,85.51125,85.70208333333333,1015.7916666666666,1020.4791666666666
310,8.572076923076922,8.591256410256412,8.307230769230769,7.814974358974359,0.6974615384615385,0.7055641025641025,0.7016410256410257,0.7523846153846154,10.289102564102564,10.310589743589743,10.015846153846153,9.75925641025641,217.78205128205127,4.272,218.774358974359,4.748384615384616,239.76410256410256,6.189179487179487,6.89323076923077,8.904076923076923,10.922051282051282,15.179487179487179,82.80282051282052,83.23897435897436,1014.1025641025641,1018.5897435897435
311,9.3005,9.256124999999999,9.182104166666667,9.008000000000001,0.844375,0.9697708333333334,0.8509583333333333,0.8855416666666667,11.380749999999999,11.544583333333334,11.258666666666665,11.274708333333335,249.5,4.9232708333333335,249.94375,4.987854166666667,265.425,7.090416666666666,7.384979166666667,9.57875,11.786770833333334,17.484166666666667,67.93104166666667,70.53375,1012.4375,1017.0625
312,7.4221875,7.157291666666667,7.249312499999999,6.948541666666666,0.6393333333333333,0.7715416666666667,0.6414375,0.6598958333333333,9.022708333333332,8.969229166666667,8.832125,8.6479375,234.4333333333333,5.0573749999999995,235.53125,5.0695625,255.1875,6.256729166666666,5.855479166666666,7.638729166666667,9.434833333333334,16.847083333333334,69.17708333333333,71.66,1012.2083333333334,1016.7083333333334
313,6.4648125,6.427416666666667,6.270770833333334,5.9124375,0.5546875,0.6086458333333333,0.5504166666666667,0.539875,7.7616875,7.819604166666667,7.5718125,7.1827708333333335,238.38958333333335,5.905333333333334,238.9416666666667,5.393895833333333,256.82708333333335,6.155437500000001,5.182791666666667,6.736791666666666,8.371854166666667,20.620208333333334,71.46541666666667,74.94854166666667,1012.6041666666666,1017.0416666666666
314,3.9231458333333333,3.8348541666666667,4.247895833333334,3.7335833333333333,0.37000000000000005,0.37052083333333335,0.3802291666666667,0.43902083333333336,4.856395833333333,4.7576875,5.191958333333333,4.6325625,141.40395833333335,6.7711875,141.34770833333334,5.942791666666667,150.83708333333334,5.743083333333334,2.0124166666666667,4.204416666666667,7.356645833333334,21.934166666666666,69.79,85.35458333333334,1009.8125,1014.4166666666666
315,4.909041666666667,4.754479166666667,4.7423125,3.9292916666666664,0.46989583333333335,0.4891041666666667,0.4508541666666666,0.5020625,5.9491249999999996,5.84225,5.7799375,5.098416666666666,222.52814583333335,8.447395833333333,217.61083333333332,8.956604166666667,200.31429166666666,11.401874999999999,3.576875,5.317729166666667,8.280375000000001,19.592499999999998,77.60895833333333,84.42458333333333,1001.5625,1006.125
316,5.050625,4.908166666666667,4.8336875,4.494729166666667,0.5524375,0.6075208333333334,0.5303125,0.5452708333333334,6.368354166666666,6.354833333333333,6.1419999999999995,5.887083333333333,233.0875,8.536416666666666,232.31041666666667,8.066895833333334,247.4104166666667,8.143062500000001,3.8055625,5.274333333333334,6.896208333333334,18.309583333333332,70.18145833333334,73.94916666666667,1007.5625,1012.1458333333334
317,3.2476041666666666,3.1956458333333333,3.2928333333333337,2.802208333333333,0.3620833333333333,0.3617083333333333,0.3323125,0.39368749999999997,4.08775,4.034583333333333,4.081770833333334,3.6860208333333335,179.63770833333334,8.288291666666668,182.26895833333333,6.7963958333333325,205.58416666666665,6.502208333333333,2.237041666666667,3.5183541666666667,5.199,19.179166666666667,75.311875,80.51791666666666,1010.9583333333334,1015.5833333333334
318,2.8148541666666667,2.7453958333333333,3.2376458333333336,2.9821458333333335,0.22685416666666666,0.2368125,0.23404166666666668,0.27320833333333333,3.343916666666667,3.3049583333333334,3.753604166666667,3.5676875,152.30854166666668,5.907375000000001,154.7325,4.806791666666666,172.32916666666665,5.877479166666667,1.7611875000000001,2.991604166666667,5.179166666666666,17.971875,79.62,88.30270833333333,1012.7291666666666,1017.25
319,4.2054583333333335,4.183666666666666,4.111416666666667,3.581666666666667,0.4059375,0.41204166666666664,0.3846875,0.44966666666666666,5.239916666666667,5.217708333333333,5.068520833333333,4.603291666666666,199.53125,5.7261041666666666,198.81458333333333,5.139479166666667,214.79166666666666,6.326208333333334,3.141541666666667,4.5099375,6.128520833333333,17.995,79.765625,84.01416666666667,1008.8958333333334,1013.5625
320,8.5476875,8.389708333333333,8.37225,8.116333333333333,0.7684375,0.8991041666666666,0.7649583333333334,0.8055833333333333,10.455895833333333,10.483416666666667,10.244729166666668,10.184270833333334,237.62291666666667,5.6159583333333325,238.28958333333333,5.404458333333333,256.4375,6.941083333333334,6.720791666666667,8.795145833333333,10.890458333333333,16.265,72.16208333333334,74.76208333333334,1008.5,1013.1041666666666
321,6.534085106382978,6.4035744680851066,6.271574468085107,5.799127659574467,0.6009148936170212,0.6495106382978724,0.6273829787234042,0.6546595744680851,7.957829787234042,7.954595744680851,7.774765957446808,7.487893617021276,222.75531914893617,4.988893617021277,224.3595744680851,5.027659574468085,245.6617021276596,6.36204255319149,5.165659574468085,6.818617021276596,8.489936170212765,15.82872340425532,76.74468085106383,78.95127659574469,1010.1063829787234,1014.7446808510638
322,5.924520833333333,5.939729166666666,5.668541666666666,5.1277083333333335,0.5963125,0.5948125000000001,0.5794374999999999,0.6445416666666667,7.445104166666667,7.401916666666666,7.191604166666667,6.7794375,224.15479166666668,7.344458333333333,218.27433333333332,6.502854166666666,197.98172916666667,8.455166666666667,4.539208333333334,6.280562499999999,8.413083333333333,15.625833333333333,80.07083333333334,82.59416666666667,1005.625,1010.2291666666666
323,4.5066250000000005,4.5018125,4.284416666666666,3.8641875,0.48416666666666663,0.48245833333333327,0.500375,0.5341041666666667,5.588041666666666,5.574229166666666,5.4152708333333335,5.09225,194.70000000000002,5.876083333333334,193.92916666666667,6.296833333333333,208.8479166666667,8.261083333333334,3.2597083333333337,4.759916666666666,6.331666666666667,14.644374999999998,82.28666666666666,82.41250000000001,1004.6458333333334,1009.25
324,4.3478125,4.278458333333334,4.097458333333333,3.4350625000000004,0.32087499999999997,0.32425,0.3333541666666667,0.45808333333333334,5.053208333333333,4.975145833333333,4.82325,4.525458333333334,188.74166666666667,4.653791666666667,200.86393750000002,4.919625,200.568125,10.625375,3.409708333333333,4.683583333333334,6.145020833333334,14.648541666666667,95.84166666666665,94.63958333333333,1002.4583333333334,1007.0625
325,5.534541666666667,5.578187499999999,5.440874999999999,5.397083333333334,0.533625,0.570875,0.5334583333333334,0.5575,6.845791666666667,6.9488125,6.7833958333333335,6.8089375,252.6291666666667,5.993125,252.06458333333333,6.0516250000000005,267.0708333333333,8.213583333333334,4.13325,5.691041666666667,7.2950625,15.238541666666668,74.31520833333333,75.96,1005.5625,1009.9375
326,6.560145833333333,6.550166666666667,6.434520833333333,6.400083333333334,0.6829791666666667,0.7459375,0.657875,0.6485625,8.325395833333333,8.471270833333334,8.174125,8.086979166666667,267.7729166666667,6.188458333333333,266.18958333333336,6.060854166666666,279.24791666666664,9.3429375,4.837541666666667,6.729479166666667,8.6641875,14.467083333333333,68.80979166666667,71.454375,1008.0625,1012.5416666666666
327,4.639645833333334,4.4676875,4.532395833333333,4.265666666666667,0.43775000000000003,0.45491666666666664,0.4384375,0.49185416666666665,5.6933541666666665,5.571437499999999,5.5838125000000005,5.512770833333334,172.85791666666668,6.134166666666666,173.890625,5.576791666666666,191.610625,6.867166666666667,3.3917083333333333,4.801770833333333,6.261291666666666,14.6175,76.68145833333334,78.35520833333334,1008.375,1012.8125
328,5.104895833333333,5.018208333333333,5.160520833333334,4.79,0.3700625,0.36139583333333336,0.36160416666666667,0.4401041666666667,6.028125,5.9326875,6.049145833333333,5.828625,128.03375,4.6263958333333335,129.303125,4.559208333333333,141.69645833333334,5.756520833333333,3.8012083333333333,5.315145833333333,6.909666666666666,15.194583333333334,90.26666666666667,91.2625,1001.5833333333334,1006.25
329,11.161395833333332,11.001875,10.849166666666667,10.037729166666667,1.0875000000000001,1.1431041666666666,1.0837708333333333,1.1720625,13.794583333333334,13.7588125,13.518083333333331,12.889395833333333,215.63333333333333,5.916666666666667,216.4729166666667,5.6135625000000005,236.375,7.083666666666667,8.938104166666667,11.660833333333334,14.400916666666667,17.351666666666667,79.97520833333333,80.76145833333334,992.4791666666666,996.9583333333334
330,8.7444375,8.656166666666666,8.514895833333334,8.115833333333333,0.808375,0.8614375000000001,0.8118124999999999,0.8520625000000001,10.754583333333334,10.767687500000001,10.556916666666666,10.3301875,253.09895833333334,6.0403125,245.70193749999999,5.9909375,246.75166666666667,8.131729166666666,6.901770833333334,9.080979166666667,11.285229166666667,16.391875,79.72479166666666,80.92604166666666,996.9166666666666,1001.3958333333334
331,4.623166666666667,4.616645833333333,4.468645833333333,4.135291666666666,0.41529166666666667,0.43831250000000005,0.42268749999999994,0.5179166666666667,5.6055625000000004,5.650666666666666,5.4973125,5.2998125,247.78645833333334,6.3738125,247.06216666666668,6.371145833333333,247.35060416666667,9.535354166666666,3.5512916666666663,4.8558125,6.259479166666666,15.456458333333332,76.0,77.96354166666667,1010.7916666666666,1015.5625
332,6.4268125000000005,6.412916666666667,6.3232083333333335,5.912875,0.6478541666666667,0.6603958333333333,0.6606666666666666,0.6749166666666667,8.086625,8.108708333333334,7.9941875,7.62725,205.97687499999998,8.921229166666667,199.015625,6.7804166666666665,216.70125,8.069979166666666,4.736645833333333,6.731125,9.028541666666667,17.346875,67.15916666666666,71.88083333333334,1015.6458333333334,1020.1666666666666
333,13.915625,13.163229166666667,13.62625,13.113770833333334,1.3985416666666666,1.64,1.3952916666666668,1.4232500000000001,17.511458333333334,17.224166666666665,17.209166666666665,16.943749999999998,232.20624999999998,5.579833333333333,233.625,5.463729166666667,253.9125,7.139500000000001,10.991895833333333,14.253749999999998,17.539791666666666,17.535833333333333,70.84645833333333,72.8,1007.8958333333334,1012.0625
334,10.952104166666667,11.168999999999999,10.725041666666668,10.670854166666667,1.2009166666666666,1.2282708333333334,1.1488958333333332,1.1739375,13.867229166666666,14.1533125,13.612958333333333,13.745854166666668,269.31041666666664,6.093208333333333,268.47291666666666,5.656104166666666,281.01875,8.257875,8.261375,11.2779375,14.320833333333333,14.753333333333332,62.31312499999999,65.401875,1009.5208333333334,1014.0625
335,5.437124999999999,5.383395833333334,5.291666666666667,5.1647083333333335,0.5554375,0.5880625,0.5425416666666667,0.6003958333333334,6.7406041666666665,6.746541666666666,6.6174583333333326,6.610458333333334,203.54841666666667,6.9526666666666666,203.43235416666667,7.054645833333333,218.23770833333333,9.87975,3.779666666666667,5.601,7.4963750000000005,11.752708333333333,75.57395833333334,76.93291666666667,1016.6041666666666,1021.3125
336,4.799875,4.7750625,4.746270833333333,4.64675,0.4239583333333334,0.4272708333333333,0.42268750000000005,0.49983333333333335,5.901291666666666,5.876791666666667,5.853270833333333,5.866270833333334,213.724375,7.43425,212.68541666666667,7.921083333333333,218.11187500000003,10.222458333333334,3.5466041666666666,4.9281875,6.451854166666667,11.756666666666668,82.34,81.88625,1015.875,1020.6458333333334
337,8.667041666666666,8.431041666666667,8.4168125,8.112229166666667,0.7579791666666665,0.8583333333333334,0.7465416666666668,0.7610208333333333,10.598854166666667,10.499062499999999,10.293395833333333,10.09125,234.1604166666667,4.335041666666666,234.58124999999998,4.507770833333333,253.44791666666666,5.8505,6.751541666666667,8.9100625,11.083916666666667,16.000208333333333,87.61312500000001,87.960625,1009.3958333333334,1014.0833333333334
338,11.603604166666665,11.039083333333332,11.323458333333333,10.835,1.046625,1.2731666666666668,1.0433333333333332,1.0823125,14.185,14.042499999999999,13.9275,13.762333333333332,231.82916666666665,4.5737499999999995,232.9104166666667,4.9423125,254.14374999999998,6.2555000000000005,9.337625000000001,11.913937500000001,14.498958333333334,17.092916666666667,77.74958333333333,79.39833333333333,1009.9791666666666,1014.4166666666666
339,8.316,8.387708333333334,8.140083333333333,7.921541666666666,0.7919791666666667,0.8562916666666668,0.7872083333333334,0.8103750000000001,10.243020833333334,10.410416666666666,10.040625,9.980916666666667,250.86249999999998,5.1933125,250.65416666666667,5.245604166666666,265.23541666666665,7.450500000000001,6.454999999999999,8.614541666666666,10.794395833333333,16.73,73.785625,76.04062499999999,1011.625,1016.2708333333334
340,4.1259375,4.138270833333333,4.045604166666666,3.8259375,0.3543541666666667,0.36022916666666666,0.3642916666666667,0.3824375,4.99725,4.9956249999999995,4.9526666666666666,4.753625,182.28397916666665,6.252624999999999,175.50400000000002,6.386749999999999,186.60916666666665,7.400791666666667,2.7960208333333334,4.30525,5.984520833333334,14.932708333333332,75.06041666666667,80.53916666666667,1018.0833333333334,1022.8541666666666
341,5.112416666666666,4.97725,5.095125,4.82475,0.288875,0.2938958333333333,0.3146875,0.37477083333333333,5.816020833333333,5.7214375,5.856458333333333,5.716854166666667,149.73145833333334,5.062166666666667,152.94541666666666,4.3124375,171.33124999999998,4.994666666666666,3.9031249999999997,5.2634375,6.710875000000001,14.882083333333334,75.31,80.45291666666667,1018.3958333333334,1022.9791666666666
342,4.860291666666667,4.738083333333333,4.8981875,4.699270833333333,0.308125,0.30633333333333335,0.2950416666666667,0.38045833333333334,5.600895833333333,5.461916666666667,5.5951458333333335,5.5627708333333326,144.79458333333335,5.45325,147.03854166666667,4.140354166666667,165.16729166666667,6.020104166666666,3.4205,4.979020833333333,6.822520833333333,14.4225,80.08125,84.93458333333334,1013.8958333333334,1018.5833333333334
343,4.705729166666667,4.607145833333333,4.674625,4.339979166666667,0.31404166666666666,0.3133125,0.3331041666666667,0.40525000000000005,5.509083333333333,5.433541666666667,5.4989375,5.301229166666666,130.85,5.6455625000000005,135.38958333333332,5.78125,154.74791666666667,5.408645833333334,3.581375,4.88925,6.6982083333333335,14.616666666666667,83.70979166666667,87.43875000000001,1008.9583333333334,1013.625
344,6.962854166666666,6.782979166666667,7.025208333333333,6.603229166666666,0.4007083333333334,0.3976458333333333,0.3970416666666667,0.5014791666666667,8.019270833333334,7.8425416666666665,8.0516875,7.8201875,98.31166666666667,3.1161666666666665,100.4875,2.999875,114.02499999999999,3.5689999999999995,5.34425,7.179666666666667,9.06275,15.050416666666665,87.901875,90.92291666666667,1005.7291666666666,1010.5416666666666
345,6.143895833333333,6.0491874999999995,5.967624999999999,5.320395833333333,0.4460208333333333,0.43797916666666664,0.41854166666666665,0.4492083333333334,7.262166666666666,7.148104166666666,7.025458333333333,6.4636458333333335,124.97500000000001,4.223083333333333,125.60833333333333,4.114708333333334,138.51041666666666,4.956083333333333,4.7591875,6.475708333333333,8.222291666666667,15.054166666666667,88.84375,91.27708333333334,998.4583333333334,1003.1041666666666
346,10.81,10.825916666666666,10.107583333333332,8.637437499999999,1.2810208333333333,1.2406249999999999,1.2546041666666667,1.3004375,14.051937500000001,13.968125,13.268208333333334,12.107583333333332,189.98749999999998,5.924833333333333,189.94791666666666,6.2573125,205.81875,8.389458333333334,8.127625,11.6363125,15.245416666666666,16.267916666666668,82.015625,82.0175,990.1875,994.9583333333334
347,8.8805625,8.823916666666667,8.673479166666667,8.387770833333333,0.7700625,0.8645416666666667,0.7643333333333334,0.8075833333333332,10.805083333333334,10.890791666666667,10.62425,10.490645833333334,244.45416666666665,5.187645833333334,244.30416666666667,4.9609375,259.76666666666665,7.0679791666666665,6.9415000000000004,9.189229166666667,11.450270833333335,16.787708333333335,76.84875000000001,78.569375,1002.375,1006.8958333333334
348,8.068979166666667,7.9534375,7.759854166666667,7.1176666666666675,0.6685416666666667,0.707375,0.6484375,0.7150625,9.740791666666667,9.688520833333333,9.440395833333334,8.906333333333334,224.38333333333333,4.914979166666667,223.74166666666667,5.486416666666667,241.13125,7.2741875,6.531041666666667,8.459291666666667,10.440666666666667,18.353333333333335,84.25125,85.61708333333333,1010.0208333333334,1014.6875
349,3.559645833333333,3.51,3.655291666666667,3.157979166666667,0.43072916666666666,0.42231250000000004,0.3996458333333333,0.39847916666666666,4.595791666666667,4.499458333333333,4.571666666666666,4.042270833333333,135.09958333333333,7.1809166666666675,139.88254166666667,7.929083333333334,141.31091666666666,8.5844375,2.502291666666667,3.8532083333333333,6.439291666666667,18.53125,79.14645833333334,89.65166666666666,1014.1666666666666,1018.875
350,3.918270833333333,3.948,3.5154791666666667,2.874041666666667,0.3355208333333333,0.30806249999999996,0.35714583333333333,0.4008125,4.715291666666666,4.671125,4.3051458333333334,3.7849583333333334,163.69645833333334,5.572104166666667,157.72820833333333,5.9465625,136.85483333333335,9.089666666666668,2.6420833333333333,4.305833333333333,6.4132291666666665,16.083541666666665,87.758125,90.00229166666666,1012.9583333333334,1017.7291666666666
351,3.4324999999999997,3.4030416666666667,3.1440208333333337,2.7430625,0.27668750000000003,0.2440625,0.310875,0.40725000000000006,4.064604166666666,3.957333333333333,3.8334791666666668,3.6942291666666667,57.51291666666666,4.350145833333333,64.71577083333334,4.494770833333333,72.43458333333334,7.1933541666666665,2.3288541666666664,3.6739374999999996,5.171958333333333,14.475208333333333,99.82916666666667,99.08749999999999,1010.1875,1014.8125
352,7.827166666666667,7.540520833333333,7.579625,7.1615625,0.660375,0.7921041666666667,0.6730833333333334,0.7075416666666666,9.4405625,9.397645833333334,9.1443125,8.866604166666667,230.35833333333335,4.6956875,231.63125,5.000958333333333,252.79583333333335,6.254645833333334,6.386854166666667,8.084333333333333,9.787083333333333,16.635833333333334,75.80791666666667,78.47416666666668,1008.3333333333334,1012.8958333333334
353,5.087422222222222,5.013177777777778,4.919044444444444,4.559955555555556,0.39986666666666665,0.3978444444444444,0.42826666666666663,0.44137777777777776,6.032466666666667,5.962355555555555,5.925444444444444,5.6062,148.92422222222223,4.451822222222222,150.0042222222222,6.955088888888889,167.65155555555555,7.056911111111111,3.7866444444444443,5.291133333333334,7.0438222222222215,14.75,84.65933333333334,88.12,1011.7111111111111,1016.4666666666667
354,5.847931034482759,5.772620689655173,5.605689655172414,5.299620689655172,0.667,0.7107931034482758,0.6686206896551724,0.6725172413793103,7.576068965517241,7.656068965517242,7.3067586206896555,7.00751724137931,244.17931034482757,8.412620689655173,246.2655172413793,8.806310344827585,253.72034482758622,9.85548275862069,4.413,6.088827586206897,7.918379310344828,17.732413793103447,60.902068965517245,64.79206896551725,1013.9655172413793,1018.551724137931
355,6.879416666666667,6.788104166666667,6.564583333333334,5.9045625,0.6974999999999999,0.746375,0.66775,0.6785,8.651604166666667,8.692208333333333,8.329520833333333,7.652125000000001,216.30416666666667,5.606791666666666,216.49166666666667,6.0171874999999995,234.63541666666666,6.794875,5.4788958333333335,7.264375,9.082604166666666,17.89375,76.62458333333333,78.08083333333333,1013.8125,1018.4791666666666
356,8.2935,8.192208333333333,7.987375,7.378416666666666,0.7555208333333333,0.7988958333333334,0.7325208333333334,0.8110624999999999,10.2253125,10.155125,9.898583333333333,9.495645833333333,226.51250000000002,4.6465625,226.8375,4.9469375,244.81875,6.4589791666666665,6.5534583333333325,8.690166666666666,10.8421875,16.907708333333336,74.23979166666666,76.50937499999999,1009.4583333333334,1014.0416666666666
357,7.488208333333333,7.2372708333333335,7.2480208333333325,6.823125,0.7174583333333334,0.8061875000000001,0.6995833333333333,0.7253541666666666,9.179708333333332,9.076354166666667,8.9878125,8.6464375,226.75625,4.471666666666667,227.90416666666667,4.777645833333334,250.39166666666665,5.914979166666666,5.982937499999999,7.746270833333333,9.518854166666667,15.385625,70.69812499999999,73.93791666666667,1012.1458333333334,1016.8541666666666
358,8.705499999999999,8.429854166666667,8.406625,7.8999999999999995,0.7881874999999999,0.8639583333333333,0.7659791666666668,0.8130625,10.671979166666667,10.517854166666666,10.284854166666667,9.911395833333334,224.23125000000002,4.482729166666666,225.14374999999998,4.81225,245.5375,6.054020833333333,6.920229166666666,9.020333333333333,11.128958333333332,15.953333333333333,75.6975,77.53125,1006.5833333333334,1011.25
359,6.568666666666666,6.543833333333333,6.314604166666666,5.793479166666667,0.5381041666666667,0.5285208333333333,0.5114791666666666,0.5785208333333333,7.959104166666666,7.9340625,7.601854166666667,7.231875,183.42708333333334,4.8979791666666666,184.36041666666665,4.8734375000000005,201.74791666666667,6.426875,5.226479166666667,6.881541666666667,8.557166666666665,13.812708333333333,91.26458333333333,91.15833333333335,1003.1875,1007.8125
360,5.6312291666666665,5.641541666666666,5.281625,4.6361875,0.39595833333333336,0.3926875,0.40260416666666665,0.513,6.5489999999999995,6.5620416666666666,6.2178125,5.788,284.8433333333333,5.922166666666667,290.4775,5.168645833333334,274.33468750000003,11.611458333333333,4.4366666666666665,5.993270833333334,7.650645833333333,13.530000000000001,94.75395833333333,94.78958333333333,1002.3541666666666,1007.125
361,5.021083333333333,5.020145833333333,4.742500000000001,4.138875,0.5115,0.4980625,0.5115625,0.5630833333333333,6.254291666666667,6.247791666666667,5.944937500000001,5.536291666666667,193.3125,5.895,191.63750000000002,6.5688125,208.475,8.542729166666666,3.8684583333333333,5.362333333333333,7.038437500000001,16.8325,86.35229166666666,87.64125,1009.4166666666666,1014.25
362,8.1216875,7.905,7.788437500000001,7.036604166666667,0.7257291666666666,0.8177708333333333,0.7276458333333333,0.7348958333333333,9.813020833333333,9.753645833333334,9.507833333333332,8.8563125,220.95000000000002,4.873958333333333,221.20833333333334,5.909916666666667,240.24375,7.4924375,6.7033125,8.5383125,10.463,20.746875,79.5675,81.33333333333333,1012.6041666666666,1017.2083333333334
363,4.507791666666667,4.450625,4.376083333333333,3.6968333333333336,0.42035416666666664,0.42008333333333336,0.4060625,0.4008125,5.5683333333333325,5.495,5.385645833333334,4.692833333333334,174.150625,5.222208333333334,173.25833333333333,5.257770833333333,186.04375000000002,6.4972916666666665,3.3312916666666665,4.8572291666666665,6.646729166666667,20.211458333333333,76.05604166666667,81.96833333333333,1009.6458333333334,1014.3541666666666
364,8.446354166666667,8.2046875,8.131708333333334,7.4510000000000005,0.9117916666666667,0.984375,0.9056875,0.9338125,10.71925,10.660791666666666,10.426979166666667,9.84825,195.73749999999998,5.962020833333334,195.9375,6.172666666666667,212.1833333333333,7.893958333333334,6.564208333333333,8.8455625,11.185125,17.849791666666665,73.785,75.60375,1000.2083333333334,1004.8333333333334
365,11.080145833333333,11.119833333333332,10.45575,8.939041666666666,1.3604375,1.3287916666666666,1.3578333333333334,1.4451458333333334,14.59125,14.516458333333333,13.996250000000002,12.654354166666666,194.6875,6.123729166666667,194.88333333333333,6.5705,211.99791666666667,8.775854166666667,8.550166666666668,11.928770833333333,15.379583333333334,17.856458333333332,74.33604166666667,74.31958333333334,1000.1041666666666,1004.8541666666666
366,4.548,4.522104166666667,4.448354166666666,4.1316041666666665,0.368875,0.3794166666666667,0.37822916666666667,0.4005,5.423729166666667,5.436395833333333,5.337416666666667,5.0923541666666665,190.30645833333332,5.4056041666666665,183.95979166666666,4.733125,201.21675000000002,5.216895833333333,3.418416666666667,4.762083333333333,6.169854166666667,14.35375,74.301875,79.95625,1003.3541666666666,1008.0625
367,8.072541666666666,8.078541666666666,7.610062500000001,6.677229166666667,0.8171458333333333,0.7991874999999999,0.8240416666666667,0.8935,10.089604166666666,10.081625,9.585104166666666,8.922083333333333,193.26041666666666,5.9311875,192.96666666666667,6.312125000000001,209.3166666666667,8.299541666666666,6.209833333333333,8.608,11.065395833333334,14.954583333333334,69.16916666666667,69.744375,1005.9791666666666,1010.7916666666666
368,8.026583333333333,8.035416666666666,7.405104166666667,6.1781875,0.9838749999999999,0.9634166666666667,1.0067916666666668,1.0241875,10.438583333333334,10.408854166666666,9.867458333333333,8.867104166666666,182.31458333333333,6.642062500000001,182.1,7.046958333333333,196.5979166666667,9.052270833333333,5.8878125,8.706020833333334,11.661458333333334,18.131875,75.26645833333333,74.4225,1002.4583333333334,1007.1875
369,5.048166666666667,4.949958333333334,4.858479166666666,4.0795208333333335,0.4196041666666666,0.4023125,0.44025000000000003,0.5073541666666667,5.989791666666666,5.895812500000001,5.9126875000000005,5.245770833333333,116.28316666666666,6.444416666666666,118.15814583333334,6.041687499999999,116.75999999999999,7.983875,3.475520833333333,5.433083333333333,7.8605625,18.372291666666666,85.2975,90.04916666666666,1004.9166666666666,1009.5625
370,8.797958333333334,8.746770833333334,8.525125000000001,6.486145833333333,0.5847708333333334,0.57275,0.6256041666666666,1.2865833333333334,10.085416666666667,9.988520833333334,9.884895833333333,9.054770833333334,339.50624999999997,4.226041666666666,337.91249999999997,3.2737708333333333,313.65247916666664,18.880937499999998,6.735062500000001,9.783458333333334,12.8391875,13.232916666666666,100.0,100.0,1007.8958333333334,1012.3958333333334
371,2.6899583333333332,2.6731874999999996,2.5934166666666667,2.5071875,0.26035416666666666,0.2499583333333333,0.29535416666666664,0.39447916666666666,3.288479166666667,3.255333333333333,3.280208333333333,3.359166666666667,186.27710416666665,6.670041666666666,181.89670833333332,7.146833333333333,176.76245833333334,11.555895833333333,1.7514791666666667,2.7752916666666665,4.250479166666667,12.96,100.0,100.0,1004.8333333333334,1009.4375
372,6.638083333333333,6.692687500000001,6.416520833333333,5.9015625,0.5739791666666667,0.5749166666666666,0.5650208333333333,0.7080416666666666,8.097479166666668,8.168333333333333,7.842666666666666,7.545604166666667,299.69166666666666,5.703479166666667,297.38124999999997,5.279354166666667,294.410375,10.484270833333333,4.9549375,6.9939375,9.081083333333334,14.232708333333333,89.49479166666667,90.33416666666666,1005.8125,1010.5625
373,5.9413124999999996,5.930833333333333,5.776645833333333,5.323625,0.4626875,0.4632083333333333,0.4907708333333334,0.6352916666666667,7.051104166666666,7.070541666666667,6.934958333333333,6.790895833333334,215.00231250000002,7.7123125,223.5825625,6.288041666666667,232.94972916666666,10.612083333333333,4.484645833333333,6.225937500000001,8.1040625,12.945833333333333,87.03854166666667,86.52458333333334,1015.0416666666666,1019.8958333333334
374,4.266166666666667,4.126354166666666,4.226666666666667,4.1055,0.4076041666666667,0.44966666666666666,0.4231875,0.4258125,5.227270833333333,5.1839375,5.188041666666667,5.1169375,213.14583333333334,6.4900416666666665,212.76874999999998,5.6918125,231.37708333333333,6.721958333333333,3.0127916666666668,4.3771458333333335,6.111979166666667,13.957291666666668,83.21291666666666,86.88645833333334,1013.5416666666666,1018.3125
375,5.574583333333333,5.538854166666667,5.449895833333334,4.589229166666667,0.36572916666666666,0.367125,0.3747291666666667,0.7286458333333333,6.46525,6.415520833333333,6.3293125,6.052125,317.8645833333333,4.1496458333333335,315.72291666666666,3.651604166666667,308.30704166666663,14.258125,4.249270833333333,6.0214375,7.813479166666666,13.3175,93.57916666666667,92.61666666666667,1015.3958333333334,1020.2708333333334
376,3.3074166666666667,3.286,3.2340416666666667,3.0069375,0.2622291666666667,0.25395833333333334,0.25810416666666663,0.41162499999999996,3.935458333333333,3.9088125,3.8580208333333332,3.8390625000000003,219.21077083333333,5.964395833333334,223.98104166666667,5.1980625,208.89035416666664,10.495958333333332,2.4238541666666666,3.4562708333333334,4.64025,12.556041666666667,95.18333333333334,93.77291666666667,1013.875,1018.6875
377,4.899770833333333,4.891520833333334,4.601458333333333,4.044854166666666,0.6070208333333333,0.5945416666666666,0.5935416666666667,0.6080833333333333,6.4206666666666665,6.390041666666666,6.088958333333333,5.696041666666667,175.47708333333333,7.3446875,175.44791666666666,7.6297291666666665,188.38125,8.714,3.5667708333333334,5.2292708333333335,7.0309791666666674,15.338958333333332,83.55875,83.37458333333333,1009.6458333333334,1014.6041666666666
378,6.9658750000000005,6.855729166666666,6.686354166666667,6.183708333333333,0.6611041666666667,0.6996666666666668,0.6734583333333334,0.7104791666666667,8.613625,8.6023125,8.328770833333333,7.9893125000000005,217.0895833333333,5.128354166666667,217.28958333333333,5.4591875,234.20000000000002,7.298916666666667,5.443479166666666,7.2889375,9.163583333333333,14.377083333333333,72.59666666666666,74.83770833333334,1008.8958333333334,1013.6666666666666
379,7.714375,7.7385625000000005,7.307916666666666,6.587541666666667,0.8240833333333333,0.8160208333333333,0.8222291666666667,0.8937499999999999,9.7648125,9.762958333333334,9.406583333333334,8.815291666666667,204.17083333333335,5.9906250000000005,205.04791666666665,6.500166666666666,224.0666666666667,8.146875,5.883708333333334,8.152916666666668,10.480208333333334,13.923333333333334,70.95875,72.09,1012.25,1017.1458333333334
380,11.128666666666668,11.1421875,10.440020833333334,8.971229166666667,1.4052708333333335,1.3683125,1.3725208333333334,1.4487500000000002,14.706312500000001,14.637708333333334,14.018166666666666,12.7709375,185.1291666666667,6.988104166666666,185.05208333333334,7.115520833333334,200.50833333333333,9.012208333333334,8.3200625,11.961500000000001,15.756041666666667,16.775000000000002,70.89541666666666,70.44333333333334,1003.1875,1008.1666666666666
381,9.760604166666667,9.610208333333334,9.340020833333334,8.5695625,0.96175,0.9916041666666667,0.9422916666666666,1.0178958333333334,12.192124999999999,12.062541666666666,11.669854166666667,11.094,209.65416666666667,5.446770833333333,210.30625,5.832895833333333,229.3395833333333,7.558208333333333,7.604020833333333,10.224187500000001,12.888333333333334,14.404166666666667,75.71062500000001,76.99020833333334,1001.9166666666666,1006.5416666666666
382,6.674354166666666,6.676166666666667,6.228041666666666,5.360645833333333,0.7131666666666666,0.6882291666666666,0.6845416666666666,0.7652916666666667,8.395708333333333,8.362125,7.949229166666666,7.378729166666666,191.71041666666667,5.692666666666667,191.58124999999998,5.874291666666667,208.10416666666666,8.060666666666666,4.986604166666667,7.164187500000001,9.3993125,12.40875,84.09541666666667,83.624375,1011.1458333333334,1015.9791666666666
383,11.203583333333334,10.967374999999999,10.629291666666667,9.597729166666667,1.1007708333333333,1.1273125,1.0858333333333332,1.1733333333333333,14.110833333333334,13.880416666666667,13.483541666666667,12.787416666666667,208.7229166666667,5.030437500000001,209.38333333333333,5.3347291666666665,228.08333333333334,6.994354166666667,8.680625000000001,11.793041666666667,14.956875000000002,15.216458333333334,80.72333333333333,81.21041666666666,1008.6041666666666,1013.3333333333334
384,12.432729166666666,12.199979166666667,12.016458333333333,11.2774375,1.102625,1.2283958333333334,1.0824583333333333,1.132875,15.283041666666668,15.218958333333333,14.887916666666667,14.261083333333334,227.67916666666667,4.333645833333333,228.99166666666667,4.7011666666666665,250.75833333333333,5.924333333333333,9.935333333333334,12.893875,15.86875,17.336666666666666,77.40333333333334,78.95958333333333,1006.6875,1011.2291666666666
385,12.546625,11.859104166666667,12.202416666666666,11.756,1.292125,1.4719583333333333,1.2703958333333334,1.2833124999999999,15.791041666666667,15.544729166666668,15.509125,15.093125,231.9958333333333,4.782291666666667,233.1520833333333,5.0803125,253.95208333333335,6.7025625,9.764249999999999,12.8400625,15.943937499999999,14.090833333333334,69.95208333333333,72.37333333333333,998.875,1003.25
386,7.924270833333334,7.893958333333334,7.6803125,7.341833333333334,0.7049791666666666,0.7467708333333333,0.7049166666666666,0.7387291666666668,9.639729166666667,9.632979166666667,9.391875,9.213354166666667,221.51874999999998,4.560104166666666,222.5625,4.968979166666666,243.62291666666667,6.545729166666667,6.223291666666667,8.181479166666668,10.181291666666667,11.838958333333332,75.43124999999999,77.29604166666667,1000.375,1004.8333333333334
387,4.876104166666667,4.8077499999999995,4.663791666666667,4.1931875,0.3655625,0.34270833333333334,0.398125,0.5194375,5.6827499999999995,5.566375,5.562291666666667,5.410374999999999,129.29458333333335,6.406854166666666,143.38491666666667,6.1855208333333325,130.10152083333332,8.889687499999999,3.6372083333333336,5.150895833333333,7.085041666666666,10.953125,86.35291666666666,87.32291666666667,1000.9791666666666,1005.5
388,6.4719375,6.365708333333334,6.458125,5.754583333333334,0.4323333333333333,0.4249583333333333,0.45989583333333334,0.7293958333333334,7.4632499999999995,7.31575,7.457979166666667,7.221354166666667,191.4731875,8.077375,199.98045833333333,7.173541666666666,102.347125,9.25025,5.313270833333333,6.830354166666666,8.718041666666666,11.297916666666666,83.48166666666667,83.393125,1011.1041666666666,1015.6041666666666
389,5.0434375000000005,4.9555,4.897645833333333,4.802104166666667,0.3412291666666667,0.3452916666666667,0.36133333333333334,0.4227083333333333,5.901166666666666,5.827729166666667,5.833729166666667,5.838395833333333,152.18812499999999,4.9040625,161.34166666666667,5.188375,172.009375,6.1471875,3.7183333333333333,5.112479166666667,6.636666666666667,10.098666666666666,90.16770833333334,92.49666666666667,1022.6458333333334,1027.2083333333333
390,6.238625,6.114249999999999,5.932791666666667,5.351166666666667,0.5101666666666667,0.507,0.4881875,0.4994166666666667,7.617208333333333,7.482333333333333,7.250770833333333,6.6602500000000004,105.47916666666667,4.74625,108.48958333333333,4.8176041666666665,123.73125,5.148666666666666,4.910541666666666,6.531270833333333,8.194541666666668,13.443541666666667,89.03687500000001,90.47270833333333,1026.75,1031.5625
391,8.813833333333333,8.6068125,8.630374999999999,8.121291666666666,0.7097083333333334,0.702875,0.6931458333333333,0.7432916666666666,10.6064375,10.414729166666666,10.426562500000001,10.108854166666667,102.78541666666666,4.562208333333333,105.96666666666665,4.695374999999999,120.3,5.07975,7.1383125000000005,9.0739375,11.024333333333333,12.920833333333334,77.25791666666667,79.14687500000001,1027.6458333333333,1032.3125
392,7.252187500000001,7.2806875,6.5874999999999995,6.440645833333334,0.6869791666666667,0.6462708333333333,0.7935625000000001,0.78125,9.064145833333333,8.992625,8.6208125,8.435604166666666,70.78041666666667,4.851854166666667,74.42958333333333,4.877270833333333,92.46249999999999,5.484895833333333,4.502041666666667,7.492083333333333,11.823416666666667,12.219999999999999,77.58520833333334,78.23708333333333,1023.8541666666666,1028.3125
393,4.6623125,4.552291666666666,4.352875,4.046541666666667,0.43062500000000004,0.42914583333333334,0.5049583333333333,0.5584583333333334,5.842854166666666,5.771708333333333,5.648083333333333,5.4699375,75.27312500000001,5.2190625,78.32041666666667,5.225125,95.37875000000001,5.8431041666666665,3.0712916666666668,4.828979166666667,6.949645833333334,12.358541666666667,87.14166666666667,87.16666666666667,1019.3333333333334,1024.1041666666667
394,5.018854166666666,4.988708333333333,4.6495625,4.178208333333333,0.36595833333333333,0.3362708333333333,0.4193541666666667,0.564125,5.908479166666667,5.792916666666667,5.659958333333333,5.514583333333333,49.923791666666666,4.229833333333334,58.635124999999995,4.3214375,53.29229166666667,7.3168125,3.5114791666666663,5.32275,7.410958333333333,11.958333333333334,83.37208333333334,83.89229166666667,1022.5625,1027.0833333333333
395,5.2833125,5.197666666666667,5.058333333333334,4.4946875,0.41610416666666666,0.39458333333333334,0.43764583333333335,0.6835208333333332,6.293645833333333,6.155625000000001,6.118625000000001,6.02775,127.118875,7.083479166666667,126.64995833333334,6.923916666666667,104.39072916666667,10.659895833333334,3.836229166666667,5.5786041666666675,7.398645833333333,10.816666666666668,81.17583333333333,81.51354166666667,1024.0416666666667,1028.6666666666667
396,7.769729166666667,7.806166666666667,7.509145833333334,6.730270833333333,0.5421874999999999,0.5255833333333334,0.5924166666666667,0.8861041666666667,9.046083333333334,9.008416666666667,8.858125,8.632416666666666,161.9730625,4.999333333333333,161.95295833333333,4.612895833333334,162.41208333333333,9.962166666666667,5.7728125,8.293791666666666,10.9555,10.52625,84.37583333333333,84.67833333333333,1021.5208333333334,1025.9583333333333
397,8.2276875,8.469708333333333,7.188833333333334,7.384291666666667,0.811375,0.7226666666666667,0.9536875,0.9519166666666666,10.285333333333334,10.2755625,9.715291666666667,9.759270833333334,57.391875,4.7413541666666665,60.74041666666667,4.978375,79.63895833333333,6.676749999999999,4.626083333333333,8.477958333333333,14.717083333333333,11.472916666666668,86.66875,86.51458333333333,1019.7083333333334,1024.2083333333333
398,7.692354166666667,7.855125,7.086145833333333,6.852854166666667,0.7585208333333333,0.7019583333333334,0.8990416666666666,0.8887708333333334,9.633645833333334,9.609895833333333,9.295333333333334,9.106416666666666,62.81604166666667,4.827416666666667,66.24791666666667,5.039958333333334,84.63270833333333,6.414625,4.915791666666666,8.091083333333334,12.4880625,11.226458333333333,83.80979166666667,83.96166666666666,1018.3333333333334,1022.9583333333334
399,7.887833333333333,7.723270833333333,7.471687500000001,7.280479166666667,0.802,0.7846666666666667,0.9087708333333334,0.9173541666666667,9.961895833333333,9.774812500000001,9.7543125,9.626479166666668,87.98770833333333,5.6479583333333325,92.19083333333333,5.750916666666666,108.58749999999999,6.1671458333333335,5.370979166666667,8.017312500000001,11.374979166666668,10.726666666666667,83.74249999999999,83.90229166666667,1010.7708333333334,1015.4166666666666
400,8.0793125,7.9171458333333335,7.9418125,7.595541666666667,0.7160208333333333,0.7065833333333332,0.7645,0.8127916666666667,9.836979166666667,9.650229166666668,9.813895833333333,9.639833333333334,97.84750000000001,4.9975,101.86791666666666,5.021583333333333,117.03708333333333,5.554791666666667,6.1794166666666674,8.287229166666666,10.551499999999999,10.903541666666667,86.49583333333334,86.37083333333334,1002.6041666666666,1007.2291666666666
401,3.9437916666666664,3.9426875,3.673208333333333,3.4461875,0.461,0.4555833333333333,0.5208125,0.5432083333333334,5.036479166666667,5.0671875,4.9269791666666665,4.793958333333333,127.18145833333334,8.044270833333334,126.30916666666667,8.733270833333334,131.02229166666666,12.239145833333334,2.5620208333333334,4.1326875,6.310583333333334,11.9675,87.48833333333333,87.559375,999.2708333333334,1004.0416666666666
402,6.317104166666667,6.290604166666667,5.9872708333333335,5.191625,0.758125,0.7483333333333334,0.7306666666666667,0.8013333333333333,8.217604166666666,8.187791666666667,7.831895833333333,7.253208333333333,148.63895833333333,7.727416666666667,147.62708333333333,7.40175,155.68333333333334,9.4925,4.64275,6.773,9.078999999999999,12.254166666666668,83.75583333333334,85.056875,1002.4166666666666,1007.3541666666666
403,8.824708333333334,8.854979166666666,8.321291666666667,7.318958333333334,0.9581458333333334,0.9433124999999999,0.9426458333333333,0.99825,11.256666666666668,11.28375,10.749958333333334,9.934291666666667,199.28958333333333,6.1219166666666665,199.70208333333335,6.114958333333334,217.20000000000002,7.7438125,6.7182916666666666,9.41375,12.176604166666666,12.243958333333333,79.84729166666666,80.25520833333333,1004.6875,1009.5416666666666
404,8.391854166666667,8.507937499999999,7.939583333333334,7.632041666666667,0.757,0.7804166666666666,0.7362916666666667,0.7280208333333333,10.359520833333333,10.4975,9.850458333333334,9.475104166666666,250.0375,5.528583333333334,248.48333333333335,5.198291666666667,260.69374999999997,8.5448125,5.896208333333334,8.729000000000001,11.630083333333333,9.14575,81.32187499999999,82.99729166666667,1006.7916666666666,1011.5208333333334
405,10.515604166666668,10.572895833333334,10.241041666666666,9.358979166666666,0.8187708333333333,0.8091875000000001,0.8108124999999999,1.1222708333333333,12.561458333333334,12.575000000000001,12.214583333333332,11.815833333333332,324.03333333333336,5.519458333333334,322.0229166666667,4.4705,290.5432916666667,13.039270833333333,8.257333333333333,11.069791666666667,13.894166666666665,10.700208333333334,83.755,84.135,1013.9166666666666,1018.6041666666666
406,7.204416666666667,7.089104166666666,7.062916666666666,6.037958333333333,0.43031250000000004,0.42268750000000005,0.4626666666666666,0.8241666666666667,8.229666666666667,8.070145833333333,8.182916666666666,7.664750000000001,217.35339583333334,5.260291666666666,223.63291666666666,5.835916666666667,110.42877083333333,11.451020833333333,5.681458333333333,7.7014375,9.725166666666667,10.936250000000001,93.95,92.76875,1016.5625,1021.3333333333334
407,5.340458333333333,5.300354166666667,5.2244166666666665,4.730520833333333,0.3194375,0.31112500000000004,0.3378125,0.5812499999999999,6.084333333333333,6.0114374999999995,6.021625,5.889916666666667,207.13845833333335,4.4535833333333334,212.72654166666666,4.402541666666667,204.70822916666668,11.393791666666667,4.077375,5.617854166666667,7.188166666666667,10.224166666666667,92.85208333333333,91.50625000000001,1014.5208333333334,1019.4166666666666
408,7.314208333333333,7.444125,6.607708333333334,6.167833333333333,0.63925,0.5672291666666667,0.7641666666666667,0.8615416666666667,8.899770833333333,8.739875,8.448583333333334,8.270479166666666,51.78895833333333,4.722020833333334,55.00791666666667,5.1256458333333335,73.659375,7.649145833333333,4.6260208333333335,7.767083333333333,11.724416666666668,10.36875,83.05604166666667,83.30229166666668,1012.125,1016.7916666666666
409,9.288833333333333,9.533895833333334,8.341625,8.0719375,0.8895833333333334,0.7813333333333333,1.0503125,1.1221875000000001,11.377541666666666,11.380729166666667,10.7804375,10.804562500000001,52.67208333333334,4.349520833333333,55.93208333333333,4.761895833333333,74.456875,7.4046875000000005,5.666083333333333,9.7825,15.277916666666668,9.442916666666667,78.6425,79.618125,1009.1875,1013.9166666666666
410,4.658822222222222,4.832222222222222,4.353466666666667,4.152155555555556,0.42306666666666665,0.3695333333333334,0.5290444444444444,0.5503555555555555,5.667222222222223,5.669888888888889,5.531044444444444,5.521511111111111,57.502,5.8946000000000005,63.06555555555555,5.0715111111111115,84.28311111111111,7.143844444444444,3.070044444444444,4.986955555555555,7.5884,10.150444444444444,84.49799999999999,84.54911111111112,1009.6888888888889,1014.5777777777778
411,3.1316458333333332,3.1001875,3.1999375000000003,3.1964375,0.2732291666666667,0.27668750000000003,0.26191666666666663,0.2881458333333333,3.8210416666666664,3.805895833333333,3.8525625,3.8834999999999997,222.04791666666665,5.834499999999999,210.76250000000002,5.039854166666667,221.975,6.237125,2.0837291666666666,3.18675,4.734104166666667,8.799,93.61666666666667,96.61458333333333,1015.5416666666666,1020.6666666666666
412,8.146770833333333,8.0955625,7.7915625,7.188375000000001,0.6956875,0.7268541666666667,0.6612708333333334,0.7110833333333333,9.921979166666667,9.859833333333333,9.511000000000001,9.0200625,218.32291666666666,4.443291666666666,218.47916666666666,4.673125,237.69791666666666,5.9788125,6.481729166666667,8.518791666666667,10.580729166666666,12.266666666666666,85.64583333333333,86.40604166666667,1015.5625,1020.4791666666666
413,11.459229166666667,11.096375,10.999916666666666,10.264208333333334,0.9718749999999999,1.1081666666666667,0.9710208333333333,0.9950208333333334,13.954979166666666,13.744375,13.384500000000001,12.835416666666667,226.20000000000002,4.2880416666666665,227.06458333333333,4.766166666666667,248.56458333333333,6.13975,9.152666666666667,11.8895,14.640708333333334,13.587291666666667,78.83854166666667,80.75479166666666,1016.0625,1020.875
414,5.6126875,5.5808125,5.454375,5.2599583333333335,0.54925,0.60925,0.5273958333333334,0.5371875,7.100041666666667,7.112749999999999,6.812541666666667,6.656937500000001,248.49375,7.753374999999999,245.96875,7.124937500000001,261.49583333333334,8.830520833333333,4.1164375,5.8241249999999996,7.64975,12.473125000000001,76.166875,78.74520833333334,1022.8541666666666,1027.8958333333333
415,5.00725,4.955291666666667,4.776541666666667,4.320604166666667,0.3427291666666667,0.37162500000000004,0.3636458333333333,0.38302083333333337,5.780833333333334,5.802645833333333,5.611208333333334,5.204645833333333,219.77291666666667,3.9179583333333334,221.15833333333333,3.9576458333333338,242.34166666666667,5.374083333333334,3.869229166666667,5.2666458333333335,6.673395833333333,12.254166666666668,87.50666666666666,90.24166666666667,1025.5416666666667,1030.5833333333333
416,4.6120833333333335,4.546916666666667,4.351979166666667,3.893854166666667,0.33595833333333336,0.3743541666666667,0.3490625,0.39620833333333333,5.408479166666667,5.404583333333334,5.1788541666666665,4.8204375,217.25208333333333,4.125041666666667,218.03125,4.3389375,238.19375,5.796354166666667,3.5169374999999996,4.872604166666666,6.247625,11.716875,84.97812499999999,86.61979166666667,1021.9583333333334,1027.0416666666667
417,3.1802222222222225,3.1667777777777775,3.030177777777778,2.9442,0.31264444444444445,0.3298888888888889,0.2983111111111111,0.2722222222222222,3.9000888888888885,3.9123111111111113,3.7221111111111114,3.586888888888889,241.94177777777776,7.6055777777777775,237.99244444444443,7.385422222222222,247.8422222222222,7.955977777777778,2.1839333333333335,3.291688888888889,4.698111111111111,10.881333333333334,93.6,94.16222222222223,1018.9777777777778,1024.0
418,8.071468085106382,8.014659574468086,7.853425531914893,7.26836170212766,0.5546595744680851,0.5768085106382979,0.5881702127659575,0.823595744680851,9.345510638297872,9.380829787234042,9.204829787234043,9.00595744680851,272.1363829787234,6.462404255319149,276.66031914893614,5.997595744680851,236.35757446808512,12.921765957446809,6.1745744680851065,8.429148936170213,10.763361702127659,8.167510638297871,81.14446808510638,83.15978723404255,1018.5744680851063,1023.5531914893617
419,7.200354166666667,7.3411875,6.978750000000001,7.087625,0.726375,0.7283333333333334,0.6867916666666667,0.6744166666666667,9.1648125,9.28575,8.751125,8.829770833333333,281.65416666666664,6.280229166666667,277.71250000000003,6.1613541666666665,288.74583333333334,9.055958333333333,4.7765625,7.3574375,10.129354166666667,6.467937500000001,77.44854166666667,79.42937500000001,1016.2916666666666,1021.0
420,7.087354166666667,7.116375000000001,6.734270833333333,6.4891041666666665,0.6013125,0.5928541666666667,0.5697083333333334,0.6267083333333333,8.614104166666666,8.581,8.1598125,8.046520833333334,214.60833333333335,4.626416666666667,217.48541666666665,5.0994375,239.85625000000002,6.380937500000001,5.042375,7.298166666666667,9.597,6.6386875,87.17083333333333,88.04166666666667,1009.2083333333334,1014.0
421,5.928999999999999,5.8600208333333335,5.680854166666666,5.648229166666667,0.5528333333333334,0.6148958333333333,0.5380625,0.5138125,7.294645833333333,7.309583333333333,7.062666666666666,6.977979166666667,247.01250000000002,5.047791666666666,246.73749999999998,5.453708333333334,262.9895833333333,8.159354166666667,4.090833333333333,6.048208333333334,8.081333333333333,7.554895833333333,82.943125,84.54395833333334,998.7083333333334,1003.5208333333334
422,14.3140625,14.3875625,14.003354166666666,12.7445625,1.4097708333333332,1.4059791666666666,1.3877083333333333,1.7015,17.901104166666666,17.949208333333335,17.483541666666667,16.727791666666665,318.0416666666667,6.62575,316.22083333333336,6.564520833333333,291.57233333333335,11.905895833333334,11.074666666666666,15.099583333333333,19.164791666666666,6.015958333333334,82.79979166666666,84.10645833333334,998.2916666666666,1002.875
423,13.611041666666667,13.348958333333334,12.633541666666666,11.312916666666666,1.1259791666666665,1.09425,1.2338333333333333,1.4922708333333334,16.333125,15.971666666666666,15.607083333333334,14.784166666666666,125.055625,4.662979166666667,125.28354166666666,4.9536875,141.29875,8.690229166666667,10.0673125,14.26625,18.505,6.044999999999999,79.86229166666666,82.325,1001.3958333333334,1005.75
424,9.176208333333333,9.1673125,8.897791666666667,8.407541666666667,1.0296041666666667,1.0130416666666666,1.0481041666666666,1.2238958333333334,11.5880625,11.537708333333333,11.334229166666667,11.25625,249.59729166666668,6.204416666666667,248.42808333333335,6.275645833333333,255.33027083333334,10.067479166666667,6.988270833333334,9.524208333333332,12.102291666666666,5.033041666666667,85.66083333333334,86.150625,1007.625,1012.4375
425,4.212916666666667,4.245833333333334,4.132979166666667,4.0620416666666666,0.44179166666666664,0.4484375,0.44087499999999996,0.5131458333333333,5.285208333333333,5.3401250000000005,5.1719375,5.333375,235.675625,8.758916666666666,234.40166666666667,9.147583333333333,240.52770833333332,11.939645833333332,2.9776666666666665,4.345875,5.8781875,3.901125,87.87916666666666,87.94791666666667,1001.0,1005.8333333333334
426,3.7676041666666666,3.732458333333333,3.7328958333333335,3.690583333333333,0.43231250000000004,0.4462083333333333,0.4263333333333333,0.4642916666666667,4.866958333333334,4.856541666666667,4.821916666666667,4.85675,214.0375,7.627666666666666,215.5895833333333,7.5830625000000005,231.28958333333333,10.883833333333333,2.5517083333333335,3.8670416666666667,5.311333333333333,2.6205000000000003,93.89999999999999,92.95,994.1458333333334,998.9583333333334
427,7.440854166666667,7.399458333333333,7.1792291666666666,7.1295,0.5845833333333333,0.6190416666666666,0.5871875,0.6709166666666667,8.807895833333333,8.828041666666666,8.64075,8.725041666666668,240.1029166666667,4.732208333333333,241.82770833333333,4.8139375,260.226875,7.720229166666667,5.331395833333334,7.577520833333334,9.859416666666666,4.963333333333334,89.43520833333334,90.10291666666666,997.0208333333334,1001.8125
428,5.637229166666667,5.661270833333333,5.1970833333333335,4.5013125,0.6398958333333333,0.6240416666666667,0.6483541666666667,0.6613749999999999,7.261854166666667,7.233229166666667,6.830625,6.200333333333333,177.0533333333333,7.719145833333333,177.1135416666667,8.348291666666666,194.50770833333334,9.821645833333333,3.8939583333333334,6.060229166666667,8.681104166666666,7.2220625,81.665,84.09979166666666,1011.3125,1016.4375
429,8.125208333333333,8.147354166666666,7.574708333333334,6.547375,0.8312708333333334,0.8268125,0.8466041666666667,0.8809374999999999,10.274854166666666,10.277895833333334,9.813958333333334,8.811125,218.39791666666667,5.30675,216.7875,5.488083333333333,230.5583333333333,7.281208333333333,6.011833333333333,8.736291666666666,11.544875,8.223541666666668,88.84375,89.89583333333333,1006.0416666666666,1011.0208333333334
430,5.646916666666667,5.6276875,5.374979166666667,5.018958333333333,0.4634583333333333,0.4833958333333333,0.43975000000000003,0.4731458333333333,6.922687499999999,6.917229166666666,6.493854166666666,6.2144375,236.86041666666665,5.2834375,232.52083333333334,5.295604166666666,246.94791666666666,6.1738125,4.1180625,5.9064375,7.8029375,7.574520833333334,86.2625,87.8725,1017.9791666666666,1023.0625
431,9.881979166666666,9.762500000000001,9.441458333333333,8.674249999999999,0.7343958333333332,0.7632291666666666,0.6916875,0.7229375,11.729520833333334,11.631208333333333,11.207479166666667,10.480500000000001,222.9625,3.7312291666666666,224.17291666666665,4.036666666666666,245.23958333333334,5.085541666666667,8.0355625,10.332979166666666,12.6393125,12.501249999999999,88.53125,89.03333333333335,1014.9583333333334,1020.0625
432,7.49325,7.4439375000000005,7.102875,6.572729166666666,0.6981666666666667,0.7451666666666666,0.6613749999999999,0.6707083333333334,9.3408125,9.361875,8.808125,8.3035625,239.65416666666667,5.628895833333334,239.7145833333333,5.421125,257.24375000000003,7.306208333333333,5.7634791666666665,7.854708333333334,10.0238125,11.766729166666666,80.86541666666666,83.19416666666667,1013.0416666666666,1018.125
433,10.6063125,10.451041666666667,10.223479166666666,9.819979166666666,1.0089583333333334,1.0849374999999999,0.9700416666666666,1.010125,13.223895833333332,13.1719375,12.752875000000001,12.430729166666666,231.88333333333333,4.8708125,232.48125000000002,5.1378125,250.70208333333335,7.0953124999999995,8.014291666666667,10.943958333333333,13.9125,8.8556875,76.55666666666666,78.17395833333333,999.625,1004.4583333333334
434,9.678208333333332,9.642270833333333,9.378770833333332,8.990270833333334,0.8896041666666666,0.9105625,0.8476041666666667,0.9133541666666667,11.9633125,11.922375,11.614416666666665,11.241520833333333,220.725,5.0287291666666665,221.8125,5.347354166666666,241.71875,6.961208333333334,7.371020833333333,9.997020833333334,12.6509375,5.262854166666666,85.3325,85.79041666666666,984.0625,988.875
435,8.560645833333334,8.498125,8.388020833333334,8.269479166666667,0.7152916666666668,0.7364375000000001,0.6820833333333334,0.7361458333333334,10.324395833333332,10.3125,10.083208333333333,10.143125,217.99166666666667,4.3378125,219.02083333333334,4.7638541666666665,239.55625,6.363812500000001,6.540166666666667,8.731625,10.939166666666667,2.941125,90.12916666666666,89.88125000000001,981.0,985.9166666666666
436,6.8930625,6.8681875,6.641520833333334,6.391520833333334,0.6455833333333333,0.6621041666666666,0.6219166666666667,0.6889791666666666,8.549729166666667,8.543041666666666,8.240770833333334,8.086729166666666,216.34166666666667,5.139395833333333,217.69375,5.566520833333333,238.55416666666667,6.964625000000001,4.951083333333333,7.111562500000001,9.335458333333333,3.040020833333333,89.70625,89.6375,988.125,993.1666666666666
437,6.7705625000000005,6.775229166666667,6.461979166666667,5.983458333333334,0.6428125,0.6095,0.6593958333333333,0.8161041666666667,8.268812500000001,8.179229166666667,8.072875,7.898958333333333,168.62924999999998,7.984458333333333,172.98304166666665,7.610791666666667,177.75891666666666,10.129624999999999,4.873479166666667,7.1275625,9.800208333333334,4.6048125,86.38375,86.66583333333334,984.3125,989.25
438,12.925666666666666,12.864770833333333,11.765895833333333,10.001666666666667,1.2705833333333334,1.1334375,1.2759583333333333,1.5315416666666666,15.809416666666666,15.398625000000001,14.807125,13.771583333333334,112.2840625,6.467958333333333,109.77104166666668,6.865583333333333,116.94291666666668,10.5576875,9.341104166666666,13.934729166666665,18.733854166666667,6.0264999999999995,85.08229166666666,86.85979166666668,988.2708333333334,993.0625
439,7.4136041666666666,7.465375000000001,7.274,6.859875,0.6528125,0.6591874999999999,0.6590416666666666,0.7898958333333334,8.966375000000001,9.022770833333334,8.806166666666668,8.650854166666667,291.9604166666667,6.3790625,288.31041666666664,5.897895833333333,298.91041666666666,10.025875,5.791604166666667,7.729520833333333,9.792583333333333,7.472458333333333,96.92083333333333,96.14999999999999,989.875,995.4166666666666
440,8.247583333333333,8.274291666666667,7.856333333333333,7.063041666666667,0.5816875,0.52575,0.5970833333333333,0.9198749999999999,9.535020833333332,9.441708333333333,9.21675,9.00575,216.41854166666667,4.325875,215.715,3.7331875,231.50854166666667,13.584020833333334,6.217416666666666,8.743395833333333,11.357916666666666,7.013437499999999,84.919375,85.75770833333333,1013.6041666666666,1018.9791666666666
441,4.289166666666667,4.338770833333333,3.9713958333333337,3.740270833333333,0.6275833333333333,0.5825,0.658875,0.6651666666666667,5.801312500000001,5.770770833333334,5.59575,5.438208333333333,68.535,8.601458333333333,72.43249999999999,8.976750000000001,90.87479166666667,9.739770833333333,2.721166666666667,4.526416666666667,6.819708333333334,7.4597083333333325,68.01541666666667,69.04854166666667,1021.875,1027.1875
442,3.014208333333333,2.9015416666666667,2.9058541666666664,2.709020833333333,0.25575,0.27675,0.263625,0.245125,3.602229166666667,3.5372916666666665,3.4971875000000003,3.3026666666666666,213.7229166666667,6.186395833333333,220.04791666666665,6.074020833333333,241.3083333333333,7.475479166666666,2.0220833333333332,3.1281250000000003,4.4419375,5.565708333333333,81.49604166666667,86.1925,1019.7708333333334,1025.0625
443,4.741666666666666,4.65525,4.401604166666666,4.2718541666666665,0.3249166666666667,0.34429166666666666,0.314625,0.3263125,5.4822500000000005,5.437541666666667,5.171166666666667,5.081229166666667,230.72033333333331,4.64625,233.42458333333332,5.1919375,245.0716666666667,6.3193125,3.3909791666666664,4.8419791666666665,7.117291666666667,4.3131875,87.52541666666667,90.67041666666667,1015.9791666666666,1021.2708333333334
444,8.283333333333333,8.2284375,7.386416666666666,6.3226875,0.7113958333333333,0.622375,0.7541458333333333,0.937125,9.939208333333333,9.667666666666667,9.153583333333334,8.657520833333333,35.51354166666667,4.1000625,37.80479166666667,4.544,56.348125,8.356208333333333,5.843083333333333,8.897708333333334,12.259791666666667,8.311104166666667,71.87520833333333,75.50833333333334,1020.5833333333334,1025.8125
445,4.008770833333333,4.003416666666666,3.8037500000000004,3.5500416666666665,0.41500000000000004,0.38864583333333336,0.4308125,0.48314583333333333,4.987770833333333,4.898458333333333,4.8404375,4.766104166666667,112.21208333333334,6.5060625,115.558125,6.360625,131.97187499999998,8.2359375,2.6760208333333337,4.2040625,6.168041666666666,7.164666666666666,70.62041666666667,73.311875,1025.1666666666667,1030.5833333333333
446,6.675270833333333,6.629375,6.192104166666667,6.054270833333334,0.49331250000000004,0.5166875000000001,0.47318750000000004,0.451625,7.830541666666666,7.791270833333333,7.335833333333333,7.196833333333333,223.71875,4.0760625,226.44791666666666,4.804749999999999,249.15,5.944083333333334,4.547666666666667,6.80225,9.182208333333334,2.7485,84.65375,87.09479166666667,1025.25,1030.5833333333333
447,6.849042553191489,6.553510638297872,6.42168085106383,6.014872340425532,0.4499148936170213,0.5746382978723404,0.43817021276595747,0.4493829787234042,7.867702127659574,7.790234042553192,7.455936170212767,7.073319148936171,232.67021276595744,3.5737021276595744,232.84893617021277,3.677659574468085,255.0,5.1412978723404255,5.134446808510638,7.073191489361702,9.039510638297871,6.886297872340426,80.87914893617021,84.39170212765957,1014.4425531914894,1019.7893617021276
448,6.494645833333333,6.476,6.251333333333334,5.8226875,0.5545833333333333,0.614625,0.5383125,0.5365624999999999,8.0145,8.112270833333334,7.688354166666667,7.2168125,258.4791666666667,5.676854166666666,253.19583333333333,5.2170625,265.2083333333333,6.1033125,4.637270833333333,6.847,9.1481875,8.981166666666667,77.23583333333333,81.471875,1019.6875,1025.0208333333333
449,4.029833333333333,3.9831874999999997,3.9533125000000005,3.8234375000000003,0.39077083333333335,0.3964375,0.39018749999999996,0.4347083333333333,5.02925,4.9931875,4.875666666666667,4.837041666666667,217.55124999999998,7.733250000000001,214.74166666666667,7.407020833333333,229.19708333333335,8.919208333333334,2.7155,4.168375,5.914687499999999,7.616145833333333,82.464375,84.94416666666667,1019.6875,1025.3958333333333
450,2.5072708333333336,2.471416666666667,2.5135625,2.3447916666666666,0.2646458333333333,0.27229166666666665,0.25716666666666665,0.25354166666666667,3.1230208333333334,3.095875,3.1369791666666664,2.9856041666666666,176.24916666666664,7.0330625,182.51,6.153416666666666,201.9489583333333,7.538333333333334,1.8702291666666666,2.6243541666666665,3.8569999999999998,6.283854166666667,77.211875,81.92166666666667,1020.2083333333334,1025.5833333333333
451,4.3334166666666665,4.296854166666667,4.036333333333333,3.5754375,0.47125,0.4713958333333333,0.46016666666666667,0.45827083333333335,5.5220625000000005,5.452750000000001,5.2125208333333335,4.7684375,129.30895833333332,6.340583333333334,133.14166666666668,6.542625,149.49375,7.5305833333333325,3.1325833333333333,4.593125,6.155562499999999,6.017666666666667,72.00729166666666,74.23,1020.1458333333334,1025.5416666666667
452,2.2753333333333337,2.225625,2.0942916666666664,2.2177916666666664,0.20935416666666665,0.22420833333333334,0.22210416666666666,0.20760416666666667,2.774645833333333,2.7538750000000003,2.6252291666666667,2.7176875000000003,164.43333333333334,6.781020833333333,179.07062499999998,8.722583333333334,230.61458333333334,5.824625,2.1543125,2.2815,4.231958333333334,4.414166666666667,88.13541666666667,93.22500000000001,1018.1666666666666,1023.5625
453,5.121770833333334,5.056895833333333,4.869666666666666,4.727458333333334,0.40589583333333334,0.42306249999999995,0.3905416666666666,0.42172916666666665,6.06575,6.0516875,5.800270833333333,5.783729166666667,220.38541666666666,5.058875,222.20208333333335,5.2980624999999995,243.57500000000002,6.7725,3.5634166666666665,5.2417291666666666,6.9883750000000004,3.6165625,98.24791666666665,98.22708333333333,1016.9583333333334,1022.375
454,11.521729166666667,11.546395833333333,10.9450625,9.779291666666667,1.1073541666666666,1.0866875,1.0421666666666667,1.1371875,14.527291666666665,14.43125,13.779166666666667,12.753875,210.11666666666667,4.727041666666667,211.3479166666667,5.240895833333333,231.45624999999998,7.0142291666666665,9.087,12.205354166666666,15.34875,12.756875,85.69791666666667,86.19166666666666,1009.3541666666666,1014.875
455,5.964833333333334,5.895875,5.565916666666666,4.900666666666667,0.60575,0.6287916666666666,0.5661875,0.5293958333333334,7.446625,7.4276875,7.040833333333333,6.255583333333333,226.58541666666667,5.171708333333333,226.05625,5.3930625,241.725,6.7649791666666665,4.6308541666666665,6.340979166666667,8.156270833333334,11.657291666666666,93.34583333333335,94.78541666666666,1011.7083333333334,1017.2916666666666
456,8.278416666666667,8.29725,7.7592083333333335,6.8796875,0.8432083333333332,0.8310416666666667,0.7944166666666667,0.8032083333333334,10.50575,10.449395833333334,9.911666666666667,8.999104166666667,210.41875000000002,5.3123125,211.02291666666667,6.381729166666666,231.34583333333333,8.2338125,6.545541666666666,8.788520833333333,11.165020833333335,11.84375,88.50416666666666,89.13333333333333,1010.25,1015.7083333333334
457,6.689104166666667,6.647458333333333,6.227,5.481041666666666,0.6254791666666667,0.6501875,0.6002083333333333,0.6015,8.402354166666667,8.4208125,7.872166666666666,7.0791875,221.21875,5.040520833333333,221.17499999999998,5.5485,240.0354166666667,6.9639999999999995,5.1248125,7.115312500000001,9.175458333333333,10.241249999999999,83.23729166666666,85.128125,1009.125,1014.75
458,7.2593125,6.96775,6.923708333333334,6.4201875,0.5372083333333334,0.6493333333333333,0.5224375,0.5339375000000001,8.588979166666666,8.530645833333333,8.2203125,7.77875,243.475,4.170833333333333,242.10208333333333,4.142520833333333,259.125,5.892083333333333,5.650166666666666,7.574520833333334,9.515916666666667,8.7831875,81.14625,84.03666666666668,1011.9375,1017.2916666666666
459,4.072520833333333,4.0539375,3.6807499999999997,3.2336875000000003,0.3635833333333333,0.37775000000000003,0.33991666666666664,0.3564375,5.025145833333333,4.994208333333334,4.5439375,4.102375,206.95416666666665,7.33775,211.65,7.852687499999999,234.9645833333333,8.641291666666666,2.9419583333333335,4.3270625,5.9380625,7.1619375000000005,92.55833333333334,93.85416666666667,1012.4791666666666,1017.8333333333334
460,2.438875,2.4158958333333334,2.3790625,2.25225,0.25866666666666666,0.2588958333333333,0.25958333333333333,0.28681249999999997,3.0473125,3.0404583333333335,2.9875833333333333,2.9019166666666667,191.66875000000002,9.074479166666666,191.66708333333335,9.202,200.98916666666665,10.013583333333333,1.7144791666666668,2.537541666666667,3.5003958333333336,7.304166666666667,97.20833333333333,96.675,1010.0833333333334,1015.375
461,6.222645833333334,6.23125,5.6586875,4.675166666666667,0.6167291666666667,0.594125,0.5962291666666667,0.6330833333333333,7.837708333333333,7.787645833333333,7.261145833333334,6.264583333333333,191.80208333333334,6.929520833333334,192.17499999999998,7.02075,207.66666666666666,8.293395833333333,4.786020833333333,6.759604166666667,8.976145833333334,10.607083333333334,88.92604166666666,89.859375,1008.8541666666666,1014.4375
462,6.331833333333333,6.3336041666666665,5.9359375000000005,5.123333333333333,0.8019791666666666,0.78375,0.7581458333333333,0.7633333333333333,8.399666666666667,8.396208333333334,7.917020833333333,7.163020833333333,167.42291666666668,7.390229166666667,167.45624999999998,7.555729166666667,181.7458333333333,8.910520833333333,4.624958333333333,6.808270833333334,9.127395833333333,8.268916666666668,91.6125,91.08749999999999,1009.4166666666666,1015.0
463,4.951375,4.932291666666667,4.5871458333333335,3.9373541666666667,0.45325,0.4574583333333333,0.43720833333333337,0.46114583333333337,6.0589375,6.026708333333333,5.675541666666667,5.078083333333333,196.29166666666666,5.273208333333334,196.38125,5.3464375,212.31041666666667,7.082895833333333,3.751916666666667,5.314875,6.9415000000000004,8.492479166666667,92.56041666666665,92.875,1015.8333333333334,1021.3541666666666
464,6.390645833333333,6.319645833333333,5.953729166666666,5.7035833333333334,0.46360416666666665,0.5170208333333334,0.4715833333333333,0.44775000000000004,7.516416666666667,7.518833333333333,7.124,6.802895833333333,229.16458333333333,3.9965833333333336,230.58124999999998,4.4870833333333335,253.88125,5.638416666666667,4.460729166666667,6.575125,8.743416666666667,5.941791666666667,85.71645833333334,88.77916666666665,1027.1666666666667,1032.4791666666667
465,6.481645833333334,6.427395833333333,6.127520833333333,5.722520833333333,0.4104791666666667,0.4408541666666667,0.4061875,0.41358333333333336,7.4859374999999995,7.451833333333333,7.126083333333334,6.719416666666667,224.32291666666666,3.341833333333333,225.56041666666667,3.6106874999999996,247.64166666666665,4.938187500000001,5.045416666666667,6.729395833333334,8.425916666666668,7.791645833333334,85.54375,87.48125,1025.125,1030.5833333333333
466,3.890041666666667,3.7818958333333335,3.8067499999999996,3.6202291666666664,0.3134791666666667,0.34758333333333336,0.2966875,0.30975,4.5558125,4.5127291666666665,4.461729166666667,4.336729166666667,224.8708333333333,4.725333333333333,226.42916666666667,4.963916666666667,248.65,6.9429791666666665,2.6700416666666666,4.021625,5.718374999999999,6.354104166666667,90.83749999999999,93.67708333333333,1018.8958333333334,1024.25
467,8.57075,8.586666666666668,7.991,6.778291666666667,0.9825,0.9508333333333333,0.9708333333333333,1.0418749999999999,11.057854166666667,10.978145833333334,10.579749999999999,9.51775,192.14791666666667,6.196625,193.18958333333333,6.6233125,211.36249999999998,8.6459375,6.391708333333334,9.2521875,12.220999999999998,5.474395833333333,85.633125,85.75625000000001,1009.8125,1015.3125
468,9.873708333333333,9.891229166666667,9.398166666666667,8.616354166666666,0.9626041666666666,0.9499791666666666,0.9023541666666667,0.9926875000000001,12.356458333333334,12.275625,11.768374999999999,11.145520833333334,211.13750000000002,4.9724375,211.775,5.254625,231.60833333333335,6.805083333333333,7.523229166666667,10.3685625,13.245624999999999,6.212854166666666,84.16854166666667,84.64458333333333,1004.625,1010.0625
469,11.08825,10.9814375,10.558145833333333,9.832395833333333,0.9923125,0.9907916666666666,0.9294583333333333,1.0075416666666668,13.895395833333334,13.760666666666667,13.083104166666667,12.469854166666666,216.2125,4.664270833333333,216.87291666666667,5.029041666666667,237.04375000000002,6.608250000000001,8.447583333333332,11.548541666666667,14.675125,6.4475625,78.97479166666666,80.30979166666667,1011.5625,1016.875
470,12.533229166666667,12.280958333333333,11.888104166666666,10.657770833333332,1.3111458333333335,1.3328333333333333,1.2677291666666666,1.3981666666666666,16.118750000000002,15.949791666666668,15.344208333333333,14.296312499999999,209.44791666666666,5.5255624999999995,209.64583333333334,5.754395833333334,228.07916666666665,7.6758125,9.608333333333333,13.227625000000002,16.896874999999998,7.816,80.42583333333333,81.17666666666666,1006.9791666666666,1012.3333333333334
471,12.613604166666667,11.7675,12.230916666666667,11.909041666666667,1.2055833333333335,1.4105416666666668,1.1471458333333333,1.1568125,15.946395833333334,15.526187499999999,15.464770833333333,15.242333333333335,238.09166666666667,4.605333333333333,238.83124999999998,4.885,258.14166666666665,6.614041666666666,9.453750000000001,12.835291666666668,16.237479166666667,7.543333333333333,77.30125,78.95125,1006.75,1011.75
472,14.866666666666667,14.320833333333333,14.428541666666668,13.685208333333334,1.3722083333333333,1.5122499999999999,1.3439375,1.3700208333333332,18.606666666666666,18.28625,18.052916666666665,17.438333333333333,234.25625,4.4494375,235.1604166666667,4.776458333333333,255.57500000000002,6.470583333333334,11.796583333333333,15.341666666666667,18.905833333333334,11.715166666666667,80.20666666666666,81.38666666666667,1003.2083333333334,1008.125
473,12.862812499999999,13.064145833333335,12.495333333333333,12.342520833333333,1.4552083333333332,1.4979375,1.3595,1.3190625,17.058541666666667,17.179791666666667,16.304166666666667,15.967875,254.50625,5.383895833333334,254.4625,5.4230833333333335,268.41875,7.7995833333333335,9.3991875,13.2599375,17.18104166666667,6.31075,69.29416666666667,72.35583333333334,1015.7708333333334,1020.8125
474,6.456791666666667,6.255041666666667,6.0161875,5.357020833333333,0.46491666666666664,0.545,0.47612499999999996,0.5014166666666667,7.556020833333334,7.494291666666666,7.122895833333334,6.549791666666667,222.32916666666665,4.800020833333334,221.84583333333333,4.978458333333333,242.61041666666665,6.4793125,5.0040000000000004,6.8096041666666665,8.660395833333334,5.7867291666666665,79.97687499999999,84.03333333333333,1032.75,1038.0416666666667
475,5.741791666666667,5.611208333333334,5.436208333333333,5.460020833333334,0.393125,0.460875,0.39185416666666667,0.3823958333333333,6.700395833333332,6.649416666666667,6.3806666666666665,6.3465,225.57708333333335,4.1818333333333335,232.0979166666667,4.617791666666666,256.54791666666665,6.933041666666667,3.8163541666666667,5.7885625,7.818874999999999,2.288375,91.91875,93.3125,1032.2291666666667,1037.4583333333333
476,5.983416666666667,5.8226458333333335,5.527958333333333,5.327541666666667,0.5597916666666667,0.6122916666666667,0.5126458333333334,0.4864375,7.339604166666667,7.241083333333333,6.7734375,6.526375000000001,225.63125,6.041541666666667,231.09166666666667,6.315291666666667,253.76041666666666,9.00325,3.9803125,6.1353125,8.514458333333334,2.4409375,91.81875000000001,93.46875,1025.9583333333333,1031.3958333333333
477,9.580583333333333,9.62775,8.969333333333333,8.124333333333334,0.7785625,0.7687499999999999,0.7229375,0.7223541666666667,11.614375,11.609666666666667,10.835833333333333,10.035041666666666,218.3166666666667,4.098208333333333,219.98541666666665,4.527375,241.52291666666667,5.617020833333334,7.461875,10.085812500000001,12.7535,8.9776875,87.16875,88.07083333333333,1021.7708333333334,1027.25
478,12.082500000000001,11.421125000000002,11.606583333333333,10.924124999999998,1.1238958333333333,1.2934791666666667,1.0854166666666667,1.1137916666666667,15.111458333333333,14.748750000000001,14.582708333333334,14.036041666666668,231.42499999999998,4.554916666666666,232.1833333333333,4.850750000000001,253.6875,6.352229166666667,9.431104166666666,12.463333333333333,15.513958333333333,10.308125,77.71333333333332,79.67,1014.4375,1019.4583333333334
479,12.123916666666666,11.897125,11.6319375,9.8749375,1.1391458333333333,1.1053541666666666,1.1877083333333334,1.4765625,14.564166666666667,14.2828125,14.269666666666666,13.235458333333334,159.75922916666667,7.504520833333333,167.283625,7.829083333333333,100.67602083333333,12.340479166666666,9.471416666666666,12.958208333333333,16.485083333333332,5.734729166666667,81.223125,82.48875,1012.9791666666666,1017.8541666666666
480,8.075833333333334,8.065125,7.868604166666667,7.596666666666667,0.8526041666666666,0.8646875,0.8231666666666667,0.8480625,10.129416666666666,10.0881875,9.890749999999999,9.686583333333333,247.48866666666666,6.6459375,252.11516666666668,6.3622708333333335,249.67320833333335,8.886687499999999,5.7207083333333335,8.358437499999999,11.091541666666666,3.3402083333333334,78.44395833333333,79.77499999999999,1021.0416666666666,1026.3541666666667
481,8.563833333333333,8.4323125,8.224958333333333,7.947875,0.7992083333333334,0.9016041666666667,0.7748749999999999,0.7479999999999999,10.784791666666665,10.762166666666667,10.361416666666667,9.969979166666667,249.20833333333334,5.589854166666666,247.21875,5.382958333333334,262.9166666666667,6.816854166666666,6.123708333333333,8.849958333333333,11.651479166666666,6.228729166666667,82.93958333333333,84.36270833333333,1014.2291666666666,1019.5208333333334
482,11.433750000000002,11.481291666666666,11.101687499999999,9.708770833333334,1.0714583333333334,1.0678958333333333,1.0765833333333334,1.3696041666666667,14.001624999999999,14.076208333333334,13.747916666666667,12.907979166666665,323.75416666666666,6.296250000000001,321.9604166666667,5.812583333333333,289.8703541666667,13.685395833333333,8.808770833333334,12.218333333333334,15.645000000000001,5.839291666666667,70.70916666666666,73.62354166666667,1017.8958333333334,1023.0208333333334
483,5.1793125,5.1301041666666665,4.978625,4.6225625,0.42650000000000005,0.43902083333333336,0.4035416666666667,0.45889583333333334,6.217645833333333,6.2167708333333325,6.0229375,5.741479166666667,232.8166666666667,5.167166666666667,231.83124999999998,5.060333333333333,247.63958333333335,7.2085,3.8926250000000002,5.419625,6.996895833333333,2.7568125,79.52645833333334,81.79020833333333,1026.1458333333333,1031.3541666666667
484,9.439270833333333,9.485729166666667,8.995333333333333,8.299999999999999,0.8161666666666667,0.7909791666666667,0.7621875,0.8145416666666666,11.678437500000001,11.587458333333332,10.994166666666667,10.416166666666667,212.69791666666666,4.4801875,215.30625,4.873520833333333,237.22083333333333,6.476770833333333,7.290895833333334,9.887979166666666,12.514166666666666,5.134333333333333,85.26479166666667,86.01104166666666,1021.7291666666666,1027.1666666666667
485,3.6492083333333336,3.627875,3.502125,3.1956666666666664,0.3046875,0.3343125,0.2679375,0.26706250000000004,4.3715,4.4044791666666665,4.1426875,3.816104166666667,261.15625,5.5715208333333335,253.95000000000002,5.0865833333333335,266.6145833333333,5.044833333333333,2.5163958333333336,3.8558958333333333,5.633333333333333,8.061729166666668,95.23958333333333,97.125,1022.4583333333334,1028.0833333333333
486,6.425541666666667,6.394270833333334,5.780083333333334,5.063604166666667,0.3527291666666667,0.3874583333333333,0.36122916666666666,0.387125,7.246020833333333,7.253520833333333,6.636020833333333,6.005375,221.5,3.3424791666666667,226.7145833333333,3.7252916666666667,253.1916666666667,5.721770833333333,4.802875,6.797250000000001,8.853,7.111541666666667,93.43541666666665,96.925,1021.4583333333334,1026.9375
487,10.547625,10.507708333333333,10.072145833333334,9.317458333333333,0.9855416666666666,0.9804375,0.9285625,0.99525,13.1316875,13.010729166666666,12.5555,11.876291666666667,218.25625,4.5714375,219.0375,5.063104166666666,239.13958333333335,6.408625,8.202916666666667,11.021812500000001,13.862916666666665,7.8225625,83.97812499999999,84.86416666666666,1003.0625,1008.4166666666666
488,8.101770833333333,7.940541666666667,7.8144583333333335,7.375145833333334,0.6821041666666666,0.7443541666666667,0.6603125,0.6831458333333332,9.949125,9.880895833333334,9.6141875,9.192520833333333,231.07708333333335,5.4098749999999995,230.28333333333333,5.381354166666667,248.82083333333333,6.1668125,6.236625,8.399791666666667,10.59925,7.608645833333333,80.99541666666667,82.68270833333334,996.25,1001.6041666666666
489,15.873958333333334,16.220833333333335,15.457708333333334,15.185,1.867,1.85875,1.7798333333333334,1.7357916666666666,20.684375,20.944375,20.129375,19.934791666666666,262.51666666666665,5.5703125,262.08958333333334,5.599583333333334,274.8208333333333,8.412895833333334,11.796270833333333,16.431250000000002,21.125416666666666,6.9343125,70.84229166666667,73.1875,994.1458333333334,999.1666666666666
490,8.214708333333332,8.084979166666667,7.930312499999999,7.929104166666666,0.8918541666666666,0.9899166666666667,0.8137500000000001,0.7969583333333333,10.732333333333335,10.735479166666666,10.274395833333333,10.213958333333332,250.12291666666667,6.138354166666667,249.53125,6.112979166666666,265.075,8.3349375,5.655854166666667,8.367291666666667,11.199562499999999,2.9168333333333334,78.53375,80.07604166666667,992.4583333333334,997.5416666666666
491,11.445395833333334,11.667958333333333,11.138895833333335,10.951437499999999,1.1967291666666666,1.2057708333333335,1.1569583333333333,1.1803125,14.65,14.894166666666665,14.15375,14.081854166666666,290.02916666666664,5.802895833333333,288.09999999999997,5.776625,300.26666666666665,8.184625,8.254270833333333,11.825375000000001,15.512500000000001,2.3912083333333336,71.32875,74.379375,998.5833333333334,1003.5208333333334
492,7.927458333333334,8.038729166666666,7.498458333333333,7.3775,0.7145416666666667,0.7389583333333333,0.6710833333333333,0.646875,9.8201875,10.006020833333332,9.296895833333334,9.0469375,276.81458333333336,5.208208333333333,273.24791666666664,5.2625,284.8645833333333,8.0605,5.214958333333334,8.187229166666667,11.3254375,2.6430208333333334,75.18375,78.27020833333333,1010.0625,1015.3333333333334
493,5.612520833333334,5.578083333333333,5.244166666666667,4.524229166666667,0.460375,0.4827708333333333,0.4498125,0.5018958333333333,6.8105,6.7801875,6.416645833333334,5.781604166666667,214.74225,4.846145833333334,226.75375,5.0458125,247.82354166666667,6.8783125,4.426,6.005958333333333,7.667229166666666,6.2310625,93.71666666666665,94.26458333333333,1012.8333333333334,1018.2708333333334
494,4.732145833333333,4.435041666666667,4.614604166666667,4.408,0.26539583333333333,0.33925,0.276875,0.2959375,5.328666666666667,5.201395833333334,5.2299999999999995,5.0905625,236.3395833333333,2.958,236.4333333333333,2.9632916666666667,255.32083333333333,4.469041666666667,3.541604166666667,4.847375,6.195270833333333,6.050833333333333,100.0,99.91875,1019.0,1024.8125
495,5.722541666666667,5.711229166666667,5.514333333333333,5.122791666666667,0.3432291666666667,0.37566666666666665,0.3329375,0.3564375,6.597874999999999,6.616041666666667,6.358125,6.020666666666667,221.01250000000002,3.302958333333333,224.52083333333334,3.5742083333333334,247.2541666666667,4.6806875,4.576979166666667,5.973041666666667,7.386,6.469625000000001,98.29166666666667,97.97083333333335,1024.9375,1030.4375
496,4.523,4.44125,4.13425,3.5982083333333335,0.34047916666666667,0.39316666666666666,0.31775,0.28068750000000003,5.3918541666666675,5.4095,4.916479166666666,4.323583333333334,243.00625,4.133020833333333,245.84166666666667,4.24425,265.3020833333333,5.320104166666667,3.4091458333333335,4.81675,6.259708333333333,7.6408125,91.16875,93.51875,1028.2083333333333,1033.6875
497,2.7366041666666665,2.7155,2.6084583333333335,2.306,0.27395833333333336,0.30233333333333334,0.28099999999999997,0.2928541666666667,3.311541666666667,3.3286041666666666,3.2228541666666666,2.9841458333333333,218.45270833333333,6.471916666666666,225.06854166666668,8.306458333333333,250.58083333333332,9.783791666666668,1.9471666666666667,2.912875,4.301458333333334,6.7104583333333325,84.93958333333333,89.76708333333333,1029.0416666666667,1034.5416666666667
498,2.4308333333333336,2.4048958333333332,2.256625,1.979,0.3161875,0.3221041666666667,0.2905625,0.2937916666666667,3.1777083333333334,3.1515416666666667,2.9319791666666664,2.6824375000000003,203.50833333333333,7.550041666666666,206.63333333333333,8.647583333333333,216.14874999999998,9.8295625,1.6796458333333335,2.596604166666667,3.7840208333333334,5.5281875000000005,87.04791666666667,87.94375000000001,1027.5416666666667,1032.8541666666667
499,2.5011666666666668,2.4849375,2.3392916666666665,2.1950625,0.2505833333333333,0.26004166666666667,0.238375,0.25225000000000003,3.0940624999999997,3.0941458333333336,2.8795208333333338,2.8078541666666665,179.37333333333333,7.637458333333334,188.46562500000002,7.790187500000001,213.48958333333334,9.122166666666667,1.7787083333333333,2.6023958333333335,3.739520833333333,3.7152708333333333,91.180625,94.41875,1022.3333333333334,1027.8125
500,5.876479166666667,5.859437499999999,5.499916666666667,5.055125,0.4510625,0.4548541666666666,0.4486666666666667,0.4666875,6.956770833333334,6.955729166666667,6.615104166666666,6.289104166666667,199.625,4.721541666666666,201.51458333333335,4.972208333333334,220.23541666666665,6.581291666666666,4.394875,6.145770833333334,7.9193125,2.5466041666666666,82.64979166666667,85.02979166666667,1017.2291666666666,1022.6458333333334
501,6.2198125,6.108229166666667,5.996458333333333,5.728458333333333,0.34881249999999997,0.4127708333333333,0.36785416666666665,0.3972708333333333,7.088166666666667,7.083458333333333,6.843979166666667,6.651708333333333,223.40625,3.4471458333333334,223.3791666666667,3.7012916666666666,246.0979166666667,4.78325,4.861354166666667,6.4054166666666665,7.960333333333334,3.43275,81.12645833333333,85.01583333333333,1018.0208333333334,1023.5625
502,8.678062500000001,8.7130625,8.152166666666666,7.319458333333333,0.6661458333333333,0.6453958333333333,0.6481458333333333,0.7445208333333334,10.343604166666667,10.310916666666666,9.767666666666667,9.0644375,207.72708333333333,3.9290416666666665,210.03958333333333,4.546354166666666,230.56875,6.4152916666666675,6.757458333333333,9.1620625,11.617916666666666,5.848145833333334,87.30833333333334,88.46875,1015.8125,1021.2916666666666
503,7.656166666666667,7.666354166666667,6.978645833333334,5.6583749999999995,0.7763749999999999,0.7490833333333334,0.7676666666666666,0.8261458333333334,9.7526875,9.690229166666667,9.028604166666666,7.910520833333333,189.55625,5.341916666666666,188.57291666666666,5.639875,202.85416666666666,7.427770833333334,5.826250000000001,8.361833333333333,10.963958333333332,5.903875,84.06083333333333,84.37770833333333,1015.1666666666666,1020.7708333333334
504,4.249270833333333,4.242,4.08425,3.630270833333334,0.55225,0.5384791666666667,0.5762083333333333,0.6416041666666666,5.530125000000001,5.5238958333333334,5.397645833333333,5.166041666666667,176.36041666666665,8.6410625,175.39374999999998,8.665583333333332,189.04166666666666,11.256770833333334,3.0578125000000003,4.53725,6.176291666666667,-0.02785416666666668,89.97708333333333,88.99583333333334,1011.0416666666666,1016.5208333333334
505,3.0833541666666666,3.029291666666667,3.0691875,3.0175,0.41027083333333336,0.42385416666666664,0.41306249999999994,0.4389791666666667,4.136479166666667,4.0871458333333335,4.1440624999999995,4.108395833333334,212.61041666666665,9.478666666666667,214.93125,8.728,231.7125,11.34575,2.0647291666666665,3.1731874999999996,4.479979166666667,0.030124999999999985,93.26666666666667,92.6375,1003.2708333333334,1008.8333333333334
506,6.656937500000001,6.633187500000001,6.379479166666666,5.896583333333333,0.6255000000000001,0.6241458333333333,0.6084999999999999,0.6692916666666666,8.343208333333333,8.2583125,7.960770833333334,7.6110625,180.3125,5.826208333333334,181.2229166666667,5.8819375,198.07708333333335,6.915520833333333,5.000687500000001,6.968791666666667,9.001375000000001,4.8656875,90.4875,90.31666666666666,998.2916666666666,1003.8125
507,5.541354166666667,5.561041666666667,5.276229166666667,4.8195625,0.49564583333333334,0.4882916666666666,0.48462500000000003,0.5435833333333333,6.730687499999999,6.717854166666666,6.390291666666666,6.0911875,182.4958333333333,5.32525,184.81458333333333,5.928812499999999,203.28958333333333,7.149375,4.2549166666666665,5.828145833333333,7.4355,4.190875,87.035625,87.34854166666666,1001.8333333333334,1007.0625
508,5.5925625,5.520666666666667,5.5839583333333325,5.2160625000000005,0.5220833333333333,0.5180416666666666,0.49254166666666666,0.5968749999999999,6.832979166666667,6.776812499999999,6.750166666666666,6.5934375,170.09564583333335,8.798729166666666,191.45000000000002,6.846708333333333,193.2681041666667,8.661395833333334,4.4093333333333335,5.8188125,7.6323541666666666,5.3293333333333335,89.26875,89.61458333333333,1004.2083333333334,1009.5625
509,6.500395833333333,6.487479166666667,6.2781666666666665,5.7201458333333335,0.8837916666666666,0.8659374999999999,0.8429583333333334,0.8416250000000001,8.843,8.791145833333333,8.502916666666666,7.9405833333333335,162.11041666666668,8.594041666666667,161.045,8.960020833333333,175.99875,9.9314375,4.830583333333333,6.862583333333333,9.044791666666667,5.5108125,90.60625,89.6875,1003.0833333333334,1008.6458333333334
510,4.641104166666667,4.63025,4.297645833333333,3.6648333333333336,0.55225,0.5514166666666667,0.5628333333333333,0.5447083333333333,6.000375000000001,5.998875000000001,5.671729166666666,5.034541666666667,187.71041666666667,6.865583333333333,190.57708333333335,5.98675,206.42916666666667,7.130208333333333,3.2552083333333335,5.000395833333333,6.930020833333334,7.4435,94.55624999999999,94.70625,995.6458333333334,1001.2708333333334
511,10.4215625,10.405083333333334,9.824958333333333,8.682645833333334,1.596125,1.5633958333333335,1.50575,1.4884166666666667,14.815791666666668,14.7200625,14.150666666666666,12.961020833333334,164.66041666666666,7.619770833333333,164.53958333333333,7.416166666666666,176.8708333333333,8.793000000000001,7.452749999999999,11.1185,14.934375000000001,10.621666666666668,85.25791666666667,84.69395833333333,983.6458333333334,989.3333333333334
512,10.474479166666667,10.444354166666667,9.9380625,8.739666666666666,1.1251875,1.0938541666666668,1.1340625,1.1942916666666668,13.296083333333334,13.260958333333333,12.741416666666666,11.941145833333332,160.69375,5.935083333333334,161.52291666666667,6.094458333333333,175.64166666666665,7.521333333333334,8.015770833333333,11.151791666666668,14.365354166666668,8.623958333333333,77.85916666666667,77.74604166666667,983.4583333333334,989.1041666666666
513,8.065104166666666,8.013458333333334,7.740729166666667,6.979500000000001,0.743,0.7343958333333332,0.7224791666666667,0.8317083333333333,9.973958333333334,9.904708333333334,9.582729166666667,8.945500000000001,179.08124999999998,5.238166666666666,179.09166666666667,5.171708333333333,194.95833333333334,6.8164375,6.282333333333334,8.504791666666668,10.7563125,5.2512083333333335,82.90041666666666,83.95083333333334,985.7083333333334,991.0416666666666
514,4.232208333333333,4.123145833333333,4.067916666666666,3.8140208333333336,0.3595625,0.391125,0.37227083333333333,0.38045833333333334,5.081770833333334,5.0394375,4.913333333333333,4.731895833333334,178.96875,6.032541666666667,178.775,5.467895833333333,194.4958333333333,6.44425,3.1105208333333336,4.390854166666666,5.769520833333334,4.7641875,83.74645833333334,85.99104166666666,997.3541666666666,1002.7083333333334
515,6.164791666666667,6.146145833333333,5.948708333333333,5.482729166666666,0.6219166666666667,0.6178125,0.6055833333333333,0.61875,7.739895833333333,7.716333333333334,7.507416666666667,7.140520833333333,179.9,5.554979166666667,184.23958333333334,5.1814375,204.10416666666666,6.4245833333333335,4.559958333333333,6.448625,8.466020833333333,3.6346875,86.88937499999999,89.57354166666666,1007.8333333333334,1013.4166666666666
516,4.9945208333333335,4.948229166666667,4.908875,4.531229166666667,0.568,0.5621458333333333,0.5541874999999999,0.6085625,6.3678333333333335,6.355229166666667,6.30825,6.067,143.475,8.913666666666666,144.89770833333333,8.6245,147.71216666666666,11.654874999999999,3.6392708333333332,5.234291666666667,7.0105,5.324041666666667,89.46249999999999,90.52916666666665,1006.0208333333334,1011.5208333333334
517,6.449000000000001,6.34075,6.407729166666666,6.189,0.5931875,0.587,0.6131041666666667,0.6625208333333333,7.8200416666666674,7.708125,7.8440625,7.775604166666667,116.71458333333334,5.943874999999999,120.34166666666665,6.4796249999999995,129.98333333333332,8.643875,5.0071875,6.601416666666666,8.3119375,3.4340625,86.87166666666667,87.335625,1021.1666666666666,1026.4583333333333
518,6.830416666666667,6.709854166666666,6.595520833333333,6.086604166666667,0.7849166666666667,0.768625,0.8400416666666667,0.8903125,8.674354166666667,8.5509375,8.5963125,8.350791666666668,106.29312499999999,6.722145833333333,111.07625,7.0346875,125.21041666666667,8.513854166666667,4.878770833333333,7.117625,9.562354166666667,2.6650625,75.21229166666667,77.41979166666667,1023.2083333333334,1028.6041666666667
519,9.205479166666667,9.256041666666667,8.4945,7.873,0.9776458333333333,0.8706666666666667,1.0620208333333332,1.2216458333333333,11.646354166666667,11.458187500000001,11.155999999999999,10.886875000000002,52.6875,5.726208333333333,55.80625,6.208708333333333,74.17145833333333,8.708666666666668,6.163541666666667,9.717416666666667,14.054583333333333,2.551791666666667,73.4525,75.09854166666666,1020.9583333333334,1026.0416666666667
520,12.532916666666667,13.122708333333334,11.571666666666667,10.363958333333334,1.129625,0.8712708333333333,1.2027291666666666,1.3585833333333335,15.116041666666668,14.959791666666668,14.204166666666666,13.734375,45.120000000000005,3.635479166666667,47.826249999999995,4.044791666666667,66.14916666666666,7.463479166666667,8.656604166666666,13.799166666666666,19.78770833333333,4.082833333333333,88.02145833333333,88.52791666666667,1020.5416666666666,1025.4583333333333
521,15.026458333333332,15.235,13.632083333333334,13.161666666666667,1.3419791666666667,1.1384166666666666,1.50875,1.5803333333333331,18.31625,17.929791666666667,17.292291666666667,17.159375,67.14541666666666,4.2738958333333334,70.79979166666666,4.644520833333334,89.18104166666666,6.177041666666667,9.655354166666667,15.710625,24.532916666666665,3.722583333333333,81.28708333333334,82.78895833333333,1023.1041666666666,1028.2708333333333
522,10.609354166666668,10.341125,10.537374999999999,9.961708333333332,1.0014375,0.9829791666666666,1.03525,1.1520833333333333,13.094583333333333,12.8075,13.101750000000001,12.870125,92.29083333333334,5.3635625000000005,96.35625,5.4396458333333335,112.45625,5.992708333333333,8.292666666666667,10.910375,13.543541666666668,4.920145833333334,90.56041666666665,89.73541666666667,1021.7916666666666,1027.375
523,5.992854166666667,5.884083333333333,5.903125,5.47325,0.5348958333333333,0.5261041666666667,0.5516666666666666,0.6290416666666666,7.249229166666667,7.137645833333334,7.221104166666667,6.972229166666666,132.20416666666668,8.617479166666667,135.4625,6.660270833333333,149.02708333333334,8.205979166666667,4.656083333333333,6.2300625,7.977979166666667,5.534375,85.8125,87.44166666666666,1018.125,1023.7291666666666
524,4.3542708333333335,4.347041666666667,3.9168333333333334,3.2380625,0.46937500000000004,0.4608125,0.43474999999999997,0.41385416666666663,5.512354166666667,5.499645833333333,5.053979166666667,4.301895833333333,203.46041666666667,6.642541666666666,201.81041666666667,8.2638125,214.05395833333333,9.919437499999999,3.3068333333333335,4.716958333333333,6.543270833333334,7.780458333333333,90.8,91.07916666666667,1017.0416666666666,1022.75
525,10.248604166666667,9.974166666666667,9.89625,9.323208333333334,0.8065000000000001,0.8888333333333334,0.775875,0.8027708333333333,12.4090625,12.2685625,11.898416666666668,11.482395833333333,227.4729166666667,4.3308333333333335,227.97083333333333,4.421812500000001,248.17083333333335,5.5485625,8.118020833333334,10.617333333333333,13.132333333333333,8.458229166666667,82.62729166666666,83.64812500000001,1014.3541666666666,1019.7916666666666
526,5.18,5.1781250000000005,4.892166666666666,4.255166666666667,0.41083333333333333,0.42802083333333335,0.3866875,0.40254166666666663,6.198625,6.218520833333333,5.853458333333333,5.226041666666666,215.16458333333333,5.8961250000000005,212.51250000000002,5.321,226.4125,6.164874999999999,3.9320625000000002,5.555375000000001,7.347833333333334,8.247708333333334,86.4225,89.023125,1017.2708333333334,1022.8333333333334
527,9.0075,8.930354166666666,8.5455,7.7249791666666665,0.7977500000000001,0.8390624999999999,0.7728125,0.815,11.0685,10.980375,10.618708333333332,9.8988125,215.21875,4.484708333333333,216.85416666666666,4.8328541666666665,238.38541666666666,6.055291666666666,7.145499999999999,9.481666666666667,11.840000000000002,9.636979166666666,85.02208333333333,85.81770833333333,1011.4791666666666,1016.8958333333334
528,8.3985,8.052125,8.130854166666667,7.6225,0.6296666666666667,0.7633125000000001,0.6166458333333333,0.6439374999999999,10.167979166666667,10.004895833333334,9.7958125,9.351166666666666,231.2125,4.311541666666667,231.5625,4.239979166666667,251.04999999999998,5.348229166666666,6.746395833333334,8.706166666666666,10.678916666666666,9.441833333333333,82.09333333333333,83.59208333333333,1008.8541666666666,1014.25
529,11.283125,11.155291666666665,10.9374375,10.440208333333333,0.9071458333333333,1.0026041666666667,0.87425,0.8909375,13.695625,13.70125,13.253541666666665,12.980208333333332,243.82083333333333,4.300291666666666,244.03958333333333,4.3453333333333335,261.23541666666665,5.94275,8.982333333333333,11.695625,14.418333333333335,11.598958333333334,80.60020833333333,82.34916666666668,1003.8541666666666,1009.25
530,11.121770833333334,10.957833333333333,10.733895833333333,10.119979166666667,1.0865208333333334,1.1825625,1.0574166666666667,1.0912708333333334,13.956041666666666,13.873541666666668,13.474375,13.003979166666667,234.41875000000002,4.4724375,234.81875,4.7244375,253.2854166666667,6.7298125,8.6371875,11.554020833333333,14.500208333333333,9.307645833333334,78.85895833333333,80.50479166666666,999.8958333333334,1005.2291666666666
531,12.838833333333334,13.009041666666667,12.549395833333334,12.229999999999999,1.382625,1.4429999999999998,1.3379791666666667,1.336875,16.375854166666667,16.637604166666666,15.888791666666668,15.751062500000002,252.8083333333333,5.3889375,252.7875,5.3825416666666674,267.45625,7.944333333333333,9.778125000000001,13.3051875,16.883583333333334,8.098333333333334,69.39479166666666,71.93895833333333,992.4166666666666,997.5833333333334
532,10.093541666666667,10.117458333333333,9.773125,8.692166666666667,0.973375,0.9797708333333333,0.9683541666666667,1.1911458333333333,12.526645833333333,12.513791666666668,12.181895833333334,11.507624999999999,238.60625000000002,5.5234375,237.9375,5.541833333333333,236.55997916666664,10.569229166666666,7.628833333333333,10.730770833333333,13.900333333333334,5.286520833333333,88.64520833333334,88.95,981.8333333333334,987.5
533,6.114791666666666,6.137270833333333,5.765333333333333,5.5120625,0.583125,0.6028749999999999,0.5773125,0.5769791666666667,7.5753125,7.619729166666667,7.2530833333333335,6.985541666666666,252.21041666666667,5.108020833333334,250.87291666666667,5.37775,263.9166666666667,7.8972291666666665,4.217208333333333,6.361916666666667,8.596770833333332,4.800145833333334,78.00937499999999,79.90895833333333,1004.375,1009.75
534,12.785729166666668,12.867541666666668,12.309354166666667,11.274208333333334,1.2670000000000001,1.2205208333333333,1.2534791666666667,1.3922083333333333,16.014125,15.985479166666666,15.554520833333333,14.875749999999998,214.82083333333333,5.043729166666666,215.9729166666667,5.441624999999999,236.54791666666665,7.064770833333333,10.1704375,13.4341875,16.722520833333334,8.876624999999999,85.54375,85.58583333333333,994.625,999.9583333333334
535,11.379770833333334,11.395666666666665,10.85375,9.770166666666666,1.1419791666666665,1.11925,1.0946458333333333,1.22175,14.4151875,14.309875,13.841895833333332,12.914145833333334,215.88333333333333,5.1710416666666665,215.96875,5.526104166666666,234.9,7.236979166666667,9.013187499999999,12.021645833333332,15.053208333333332,8.562125,82.06020833333334,82.77729166666667,988.0208333333334,993.5416666666666
536,6.1816458333333335,6.190437500000001,5.8659375,5.3557500000000005,0.6371041666666667,0.6462083333333334,0.6317916666666666,0.6605208333333333,7.789645833333334,7.804916666666667,7.487729166666667,7.062,217.85416666666666,7.040958333333333,218.25833333333333,7.1358749999999995,227.04895833333333,8.673979166666667,4.5429375,6.529375000000001,8.599124999999999,4.855416666666667,86.40770833333333,86.28333333333335,977.25,982.6041666666666
537,6.0485625,5.987958333333334,5.921729166666666,5.9323958333333335,0.5073124999999999,0.5692916666666666,0.5028958333333333,0.531875,7.309270833333333,7.3254166666666665,7.184875000000001,7.327249999999999,254.18041666666667,6.008500000000001,252.78604166666665,6.066708333333334,259.71,8.451229166666666,4.382604166666667,6.159666666666666,7.9848125,3.9419166666666663,78.543125,80.39583333333333,976.1875,981.2916666666666
538,6.813020833333333,6.617229166666667,6.5199375,6.344645833333334,0.56325,0.6465208333333333,0.5458333333333333,0.5581875,8.145,8.125416666666666,7.860062500000001,7.789270833333333,232.61666666666667,4.913895833333333,232.7229166666667,4.971125,253.2458333333333,6.2315000000000005,4.981333333333334,6.964770833333334,8.997145833333333,4.274895833333333,80.484375,82.46791666666667,985.875,991.2083333333334
539,9.289666666666667,9.191395833333333,9.058104166666666,8.868520833333333,0.8648333333333333,0.956,0.8453333333333334,0.85425,11.503,11.490541666666667,11.16375,11.066,235.4625,5.391958333333334,236.30416666666667,4.878958333333333,255.27083333333334,7.0305,7.0591875,9.535020833333332,12.042291666666666,5.429541666666666,75.794375,77.81125,993.1041666666666,998.2916666666666
540,6.285729166666666,6.2249375,6.045166666666667,5.492291666666667,0.6267083333333333,0.6132083333333334,0.609,0.6740833333333334,7.908354166666666,7.858375,7.575291666666668,7.1965208333333335,151.23333333333332,7.0802708333333335,152.84375,7.3312083333333335,168.88541666666666,8.654645833333333,4.793479166666667,6.606166666666667,8.513354166666668,6.0105208333333335,88.37333333333333,87.94229166666666,990.2291666666666,995.625
541,4.814770833333333,4.772583333333333,4.691916666666667,4.1673125,0.45818749999999997,0.4547083333333333,0.43945833333333334,0.4694375,5.923479166666667,5.847979166666666,5.743270833333334,5.334479166666667,153.25208333333333,6.7956666666666665,153.19166666666666,5.7315625,166.69375,6.749229166666667,3.5148333333333333,5.113854166666667,6.7993125,7.541791666666666,86.68583333333333,87.45541666666666,978.75,984.125
542,6.273958333333333,6.246770833333334,5.879291666666667,5.175604166666667,0.5633125,0.5480625,0.6014375,0.6913333333333332,7.6738333333333335,7.629541666666667,7.397270833333334,6.899979166666667,161.02889583333334,5.219166666666667,161.6330625,5.436020833333333,169.86916666666667,7.792395833333334,4.586749999999999,6.673208333333334,8.944729166666667,6.0854583333333325,87.30125,87.25729166666667,981.0833333333334,986.3958333333334
543,3.8680625,3.880395833333333,3.7496875,3.4416666666666664,0.3745,0.3841041666666667,0.36889583333333337,0.4590416666666666,4.721666666666667,4.754291666666666,4.6273333333333335,4.473083333333333,290.142625,7.271208333333333,285.41608333333335,6.325187499999999,269.216125,10.261145833333334,2.8357500000000004,4.083395833333333,5.468958333333333,5.704854166666667,90.46875,91.29166666666667,995.3333333333334,1000.7916666666666
544,5.0925,5.1235625,4.823104166666666,4.353354166666667,0.5799375,0.5955625,0.5440625,0.5832291666666667,6.613479166666667,6.629104166666667,6.228458333333333,5.8095,209.78460416666667,8.164833333333332,207.07939583333334,7.954541666666667,219.435625,10.510895833333334,3.4145833333333333,5.428520833333334,7.642666666666667,6.2117708333333335,77.524375,79.69958333333334,1005.25,1010.7291666666666
545,7.722666666666666,7.573145833333334,7.387375,6.860812500000001,0.786375,0.851125,0.7604583333333333,0.7750208333333334,9.692416666666666,9.663937500000001,9.291208333333334,8.812687500000001,226.93541666666667,5.651291666666666,227.20000000000002,5.776062499999999,243.70000000000002,7.640979166666667,5.956812500000001,8.0770625,10.246208333333334,8.6353125,76.27479166666667,78.31229166666667,999.125,1004.5208333333334
546,8.247479166666666,8.230625,7.914208333333334,7.330875,0.8015833333333333,0.8333125,0.7871874999999999,0.8170000000000001,10.195229166666666,10.243708333333332,9.792770833333334,9.319125,224.5066875,6.533124999999999,216.81733333333332,6.366041666666667,224.13541666666666,8.867416666666665,6.414604166666667,8.664458333333334,11.018666666666666,8.6695625,70.41333333333334,74.04645833333333,1009.1875,1014.5625
547,4.6548541666666665,4.643125,4.195166666666666,3.5066458333333332,0.412,0.4093333333333333,0.4172291666666667,0.41835416666666664,5.6299375000000005,5.642291666666666,5.16575,4.5417499999999995,204.87708333333333,5.935770833333333,207.73749999999998,6.53025,228.8791666666667,7.819187500000001,3.4586666666666663,5.0135,6.829999999999999,8.3494375,82.80187500000001,86.61354166666666,1014.6875,1020.125
548,4.704833333333333,4.716208333333333,4.439208333333333,3.78575,0.4393958333333334,0.42758333333333337,0.4375833333333334,0.49714583333333334,5.798291666666667,5.7571666666666665,5.517458333333334,5.008854166666667,180.85625000000002,6.1404375,175.63958333333335,5.422395833333333,187.27083333333334,7.136166666666667,3.6341875,5.0716875,6.7541875000000005,10.697916666666666,86.47083333333335,87.5625,1008.0625,1013.7291666666666
549,5.564191489361702,5.540702127659575,5.32168085106383,4.841255319148936,0.4837234042553191,0.5188510638297872,0.46855319148936164,0.48851063829787233,6.851702127659574,6.863297872340425,6.509170212765957,6.134063829787234,226.71702127659577,4.8131276595744685,225.34893617021277,4.698127659574468,238.9255319148936,6.0190851063829784,4.288893617021277,5.884808510638298,7.515404255319149,10.718574468085107,86.37829787234043,87.85702127659575,1006.1702127659574,1011.6595744680851
550,7.445250000000001,7.3480625,7.155645833333334,6.783437500000001,0.6200416666666667,0.6853124999999999,0.6033125,0.6291666666666667,9.050395833333333,9.067916666666667,8.679645833333334,8.38575,235.26666666666665,4.818145833333333,234.98125000000002,5.0123125,252.89166666666665,6.296812500000001,5.788458333333334,7.724291666666667,9.685458333333333,8.958645833333334,77.24583333333334,79.72833333333334,1017.2291666666666,1022.7291666666666
551,11.188062500000001,10.920104166666667,10.856479166666666,10.368145833333333,1.0545833333333332,1.1882708333333334,1.023,1.0344583333333335,13.944666666666668,13.926208333333333,13.541375,13.222125,241.74375,5.236083333333333,242.2770833333333,5.243291666666667,260.23125,6.687916666666666,8.712208333333333,11.5699375,14.451875,11.534583333333332,70.19729166666666,72.73479166666667,1018.2083333333334,1023.5625
552,7.397042553191489,7.384361702127659,7.049021276595745,6.47827659574468,0.6671702127659574,0.7080212765957447,0.6391914893617021,0.6219787234042553,9.027531914893617,9.033021276595745,8.717531914893616,8.040744680851065,229.2127659574468,4.584574468085107,229.84680851063828,4.925574468085107,249.58510638297872,6.281276595744681,5.844297872340426,7.767744680851064,9.705893617021276,9.475148936170212,70.25574468085107,73.61255319148935,1021.7659574468086,1027.2340425531916
553,10.785708333333332,10.472624999999999,10.441729166666667,9.994562499999999,1.002375,1.1022291666666668,0.9825416666666666,0.9822708333333333,13.345104166666667,13.228791666666666,12.931520833333332,12.528625,234.98749999999998,4.689020833333333,236.30208333333334,4.9653125000000005,255.71666666666667,6.8349375,8.4059375,11.124916666666666,13.8965625,8.842479166666667,77.63770833333334,79.469375,1009.5625,1014.7291666666666
554,11.910312500000002,11.379687500000001,11.625229166666665,11.200833333333334,1.0467916666666668,1.2223541666666666,1.0449583333333334,1.0835208333333333,14.703541666666666,14.448958333333332,14.4125,14.117916666666666,229.4645833333333,4.617125,230.35833333333335,4.98775,251.13541666666666,6.3915625,9.3084375,12.2043125,15.113541666666668,7.683854166666666,78.293125,79.38354166666666,999.4166666666666,1004.4166666666666
555,6.445020833333333,6.551520833333334,6.1854375,5.892479166666667,0.6753541666666667,0.6741041666666666,0.6449166666666667,0.6677083333333332,8.282541666666667,8.3605625,7.8989166666666675,7.661375,198.316875,7.348958333333333,193.510625,7.3924375,205.19000000000003,8.1973125,4.91225,6.7468125,9.025166666666667,9.552833333333334,84.97729166666666,86.44958333333334,996.0625,1001.2916666666666
556,10.3608125,9.99725,10.049583333333333,9.636229166666666,1.0628541666666667,1.1776041666666666,1.0356458333333334,1.0509166666666667,13.170583333333333,13.022666666666666,12.8644375,12.599583333333333,241.22083333333333,5.5161041666666675,241.38750000000002,5.3599375,258.08958333333334,7.4048541666666665,7.989229166666667,10.686895833333333,13.405708333333331,11.684583333333334,77.43333333333332,79.205,991.8958333333334,997.1875
557,10.515479166666667,10.368479166666667,10.199208333333333,9.681291666666667,1.0103333333333333,1.1001874999999999,0.9881875,1.0352291666666666,13.062125,13.021395833333335,12.685020833333333,12.402729166666667,227.30416666666667,4.976708333333334,227.73125000000002,5.234958333333333,245.80833333333337,7.354520833333333,8.307541666666667,10.907104166666665,13.532916666666667,8.756458333333333,73.16229166666666,75.27541666666667,988.9791666666666,994.0625
558,11.156166666666666,10.6176875,10.887541666666666,10.671791666666666,1.1649583333333333,1.3126875,1.145375,1.1308958333333334,13.938854166666667,13.727479166666667,13.719604166666668,13.5998125,226.98125000000002,5.4934166666666675,227.63541666666666,5.714125,247.11666666666667,6.937124999999999,8.552104166666666,11.346312500000002,14.167875,4.759645833333333,69.088125,71.64125,993.7708333333334,998.5416666666666
559,8.6789375,8.463833333333334,8.549395833333334,8.09275,0.7192291666666667,0.7019166666666666,0.7361875000000001,0.8075208333333334,10.47,10.242125,10.369333333333334,10.075687499999999,102.343125,4.687645833333334,105.81395833333333,4.733854166666666,121.52083333333333,5.372729166666667,6.785395833333333,8.9155,11.072666666666668,5.651708333333333,89.38979166666667,89.33541666666667,1000.4375,1005.6458333333334
560,7.475958333333334,7.363625,6.68725,6.683208333333333,0.7222916666666667,0.67475,0.8745416666666667,0.8252083333333333,9.311625000000001,9.1543125,8.9345625,8.853416666666666,73.41729166666667,5.408729166666666,77.45937500000001,5.300854166666666,96.01333333333334,5.6313125,4.353541666666667,7.542979166666666,12.294375,6.337708333333333,91.04166666666667,90.1125,1015.6666666666666,1020.9583333333334
561,4.001041666666667,3.9959791666666664,3.705416666666667,3.541,0.37041666666666667,0.33881249999999996,0.44045833333333334,0.48485416666666664,4.8641875,4.780125,4.7303749999999996,4.732145833333333,93.48395833333332,6.360708333333334,97.08125,6.306854166666667,116.42958333333333,7.450875,2.6096666666666666,4.155833333333333,6.261895833333334,6.219083333333334,85.96270833333334,86.73333333333333,1026.2083333333333,1031.7083333333333
562,4.723958333333333,4.641625,4.392666666666666,4.044479166666666,0.24654166666666666,0.26366666666666666,0.2732291666666667,0.28491666666666665,5.283666666666667,5.2170625,5.0101458333333335,4.705208333333333,172.94308333333333,3.5800208333333337,182.761875,3.8761666666666668,190.1989583333333,5.8261666666666665,3.3829166666666666,4.902958333333333,7.129458333333333,8.09625,56.61333333333334,74.175,1025.0625,1030.5
563,3.46775,3.4251458333333336,3.37325,3.0759375,0.24387499999999998,0.22320833333333334,0.27316666666666667,0.3875,4.105125,4.013437499999999,4.045958333333334,3.969791666666667,83.44629166666667,4.253291666666667,105.97874999999999,4.134604166666667,99.3574375,6.997583333333334,2.1884791666666668,3.6608958333333335,5.515041666666666,7.0176875,91.58208333333333,92.55,1021.125,1026.5625
564,3.7978541666666668,3.7095000000000002,3.906541666666667,3.815375,0.279125,0.2849791666666667,0.30722916666666666,0.3849375,4.490895833333333,4.433479166666666,4.61925,4.696416666666667,132.65770833333332,6.049812500000001,134.45520833333333,5.888125,150.89208333333332,7.2034375,2.7717916666666667,3.8779375,5.10925,5.981208333333334,94.65625,94.19375000000001,1016.8125,1022.2291666666666
565,3.787104166666667,3.7613749999999997,3.650625,3.35875,0.4119375,0.41631250000000003,0.41891666666666666,0.44554166666666667,4.830208333333333,4.793083333333334,4.676958333333333,4.427520833333333,162.384375,8.383208333333334,163.87270833333335,7.725625,182.01458333333335,7.4989375,2.768104166666667,3.9823125000000004,5.43975,7.2573125,88.87708333333335,88.70833333333333,1010.3541666666666,1015.8958333333334
566,6.701291666666666,6.706645833333333,6.1796875,5.0480624999999995,0.7350833333333333,0.7243125,0.7025,0.753375,8.6418125,8.548770833333334,8.010083333333332,6.9341875,201.44791666666666,6.4868125,202.5041666666667,6.907854166666667,222.43125,8.33475,5.2478541666666665,7.304520833333334,9.554416666666667,11.627916666666666,88.62083333333334,88.97291666666666,1008.0,1013.6041666666666
567,8.962125,8.971895833333333,8.4794375,7.3219375,1.0395833333333333,1.0220833333333335,1.0030625,1.0475208333333332,11.722291666666665,11.755875000000001,11.244145833333334,10.3116875,199.11041666666665,6.089291666666667,199.01874999999998,6.315479166666667,216.29999999999998,7.4823958333333325,6.961625000000001,9.613666666666667,12.308854166666668,14.366458333333334,81.933125,83.13625,1004.875,1010.4166666666666
568,8.7054375,8.5874375,8.239416666666667,7.2651666666666666,0.888125,0.9348125,0.8608333333333333,0.8799166666666666,10.996604166666666,10.941270833333334,10.485458333333334,9.617708333333333,196.54999999999998,5.875166666666666,195.97083333333333,5.931458333333333,211.31041666666667,7.028395833333334,6.764833333333333,9.253874999999999,11.798937500000001,14.008541666666666,67.43541666666667,69.76541666666667,996.9791666666666,1002.375
569,4.4993617021276595,4.45636170212766,4.286531914893617,3.726446808510638,0.4235531914893617,0.4379574468085106,0.41038297872340423,0.439,5.553361702127659,5.504914893617022,5.3475744680851065,4.8101276595744675,210.84340425531914,6.225085106382979,211.75659574468085,5.909446808510639,220.55851063829786,6.946,3.2469574468085107,4.817191489361702,6.517787234042554,10.155744680851063,83.7895744680851,86.48851063829787,999.7021276595744,1005.1276595744681
570,4.816145833333334,4.791458333333334,4.6305000000000005,4.2181875,0.3992291666666667,0.39581249999999996,0.36585416666666665,0.42391666666666666,5.811062499999999,5.7821875,5.547833333333333,5.243833333333334,215.08395833333336,5.400479166666667,214.33145833333333,5.098229166666667,206.82072916666667,7.466666666666666,3.566625,5.077333333333333,6.786479166666666,9.1055625,81.36229166666666,83.67666666666666,1013.3333333333334,1018.7708333333334
571,7.205208333333334,7.228208333333334,6.875020833333333,6.11825,0.7700416666666667,0.7481249999999999,0.7670208333333334,0.8405625,9.158770833333334,9.181541666666666,8.722354166666667,8.200854166666668,207.13541666666666,6.989708333333333,210.50208333333333,6.797416666666667,229.54375000000002,9.147041666666667,5.570208333333333,7.653979166666667,9.815875,10.888416666666666,70.09291666666667,71.61833333333333,1013.625,1019.0416666666666
572,6.244979166666667,6.27375,5.936416666666666,5.422729166666667,0.5410208333333334,0.5553541666666667,0.5387291666666667,0.5433958333333334,7.528854166666666,7.583854166666666,7.205208333333334,6.7035833333333334,218.19125,5.292041666666667,218.13750000000002,5.6511458333333335,224.87604166666665,6.4615625,4.8980625,6.583145833333333,8.537875,9.8233125,72.66541666666667,77.08333333333333,1017.7291666666666,1022.8541666666666
573,6.7435833333333335,6.858416666666667,6.550854166666666,6.344562499999999,0.7356666666666666,0.7661666666666668,0.7193333333333333,0.7417083333333333,8.561625,8.704770833333333,8.341916666666666,8.265625,284.8875,6.497395833333333,283.4479166666667,6.460145833333333,280.78416666666664,9.035708333333334,5.014625,7.0138125,9.057708333333332,9.619729166666668,66.85125000000001,69.961875,1022.2083333333334,1027.3333333333333
574,5.777104166666667,5.744708333333333,5.703708333333334,5.608020833333334,0.5581666666666666,0.6136458333333333,0.5662083333333333,0.6167083333333333,7.1213750000000005,7.1839375,7.044520833333333,7.154708333333333,246.1625,6.545854166666667,245.59166666666667,6.190729166666666,261.93541666666664,7.7564375,4.441291666666666,5.936729166666667,7.453041666666667,8.968145833333333,76.82895833333333,78.88666666666667,1021.8125,1026.8541666666667
575,4.157520833333334,4.129083333333333,4.155291666666667,4.012604166666667,0.4295833333333334,0.47570833333333334,0.4354375,0.46114583333333337,5.187812500000001,5.2188125,5.14125,5.113145833333333,258.62708333333336,6.7400416666666665,256.3354166666667,6.016020833333333,269.93958333333336,8.082895833333334,3.081729166666667,4.316083333333333,5.7240625,8.718416666666666,74.90395833333334,77.53833333333334,1018.6041666666666,1023.7083333333334
576,3.5744375,3.5132708333333333,3.594875,3.4749583333333334,0.25045833333333334,0.25729166666666664,0.23979166666666665,0.2884375,4.1795,4.1316041666666665,4.1993125000000004,4.12175,163.01270833333334,4.363791666666667,167.37666666666667,4.1745,196.29770833333336,6.036104166666667,2.5314791666666667,3.6732708333333335,5.560583333333334,8.3136875,81.39583333333333,87.56875000000001,1014.9166666666666,1020.0416666666666
577,8.072625,7.9800625,7.752604166666667,7.093145833333334,0.7306458333333333,0.7837083333333333,0.7386666666666666,0.76675,9.808895833333333,9.859833333333333,9.479958333333334,9.008375,233.4333333333333,4.788125,236.74166666666667,4.937,257.6958333333333,7.5179583333333335,6.176083333333334,8.504145833333334,10.982875,13.034833333333333,67.745,73.631875,1009.2291666666666,1014.3333333333334
578,6.2245,6.266437499999999,5.9894791666666665,5.800541666666667,0.6717916666666667,0.6826875,0.6597916666666667,0.6721041666666667,8.075666666666667,8.062229166666667,7.7081875,7.53925,214.25997916666665,6.333645833333333,213.49835416666667,6.285916666666666,225.7975,9.800395833333333,4.3961875,6.452312500000001,8.644208333333333,7.953166666666667,67.58770833333334,70.8325,1016.2916666666666,1021.2708333333334
579,10.300062500000001,9.928833333333333,10.116770833333334,9.984541666666667,0.9264791666666666,1.0834375,0.8908958333333333,0.9169791666666667,12.674083333333334,12.618583333333333,12.447604166666666,12.397041666666667,240.94375,4.9461458333333335,240.92083333333335,5.091166666666667,258.53125,7.338104166666667,7.826666666666667,10.502145833333334,13.211979166666666,8.716875,73.81604166666666,75.63145833333333,1014.9166666666666,1019.6666666666666
580,11.571333333333333,11.528500000000001,11.350499999999998,11.213791666666665,1.1252708333333332,1.2406249999999999,1.0755208333333333,1.0864583333333333,14.448125,14.603958333333333,14.115,14.051041666666668,264.02500000000003,5.0594375000000005,263.3875,5.222979166666667,276.60833333333335,8.247729166666668,8.8168125,11.900979166666666,15.041666666666666,9.888875,70.65729166666667,72.76041666666667,1006.125,1010.9583333333334
581,7.750958333333333,7.827083333333333,7.6284375,7.643958333333334,0.82425,0.8783124999999999,0.7931666666666667,0.7890208333333333,9.9034375,10.121395833333333,9.666895833333333,9.750104166666667,262.62708333333336,6.133916666666667,261.40416666666664,6.003354166666667,274.175,8.845270833333332,5.7084375,7.950937499999999,10.2475,8.333041666666666,70.40708333333333,72.58395833333334,1007.875,1012.7291666666666
582,7.373833333333334,7.460583333333333,7.154708333333333,6.8814375000000005,0.6639791666666667,0.6885625000000001,0.6498125,0.6826458333333334,8.941520833333334,9.097458333333334,8.723437500000001,8.519499999999999,240.70624999999998,4.949979166666666,240.79375000000002,5.027229166666666,257.6979166666667,7.334041666666667,5.6926041666666665,7.665145833333334,9.661729166666666,9.250625000000001,77.78895833333333,79.463125,1004.5625,1009.4166666666666
583,10.741333333333332,11.0715,10.40125,10.319645833333334,1.0028958333333333,1.0000625,0.9629791666666666,0.9501875000000001,13.214374999999999,13.566458333333332,12.872354166666668,12.827791666666668,270.39166666666665,5.326145833333333,268.99375000000003,5.2727916666666665,279.69374999999997,8.772041666666667,7.793041666666666,11.117770833333333,14.493958333333333,7.863854166666667,64.46770833333333,67.93916666666667,1007.1458333333334,1011.9791666666666
584,5.643999999999999,5.71525,5.355708333333333,5.2623125,0.6518541666666667,0.6345,0.6748958333333334,0.6623958333333333,7.3159375,7.345208333333333,7.1156875,6.962625,177.9891458333333,6.659416666666666,178.24427083333333,7.099708333333333,193.03666666666666,9.645083333333334,3.634,5.834895833333333,8.4029375,6.0101249999999995,80.19729166666666,80.80083333333333,1012.2916666666666,1017.1875
585,5.280583333333333,5.1771875,5.0768125,4.5025208333333335,0.46399999999999997,0.4482083333333333,0.5027916666666666,0.6982291666666667,6.417604166666667,6.2739375,6.284,6.129145833333333,95.02506249999999,8.200666666666667,96.1756875,9.090666666666666,60.82427083333334,11.916020833333334,3.9481875,5.573833333333333,7.3465,6.352458333333334,69.455,69.435,1017.7291666666666,1022.6666666666666
586,5.512583333333333,5.4758125,5.3652291666666665,4.9235,0.5110416666666667,0.4859791666666667,0.5398125,0.6817083333333334,6.733750000000001,6.653229166666667,6.663166666666666,6.501895833333333,128.03074999999998,6.8546875,129.37172916666665,6.827125,130.3090625,9.772708333333332,4.011333333333334,5.7913749999999995,7.785791666666667,5.813791666666667,71.26979166666666,71.47208333333333,1026.5,1031.4583333333333
587,6.929479166666667,6.949041666666666,6.745562499999999,6.168270833333334,0.6021666666666666,0.5903333333333333,0.6013958333333334,0.7378958333333333,8.373458333333334,8.40525,8.242770833333333,7.903458333333333,207.96041666666667,4.945,208.63333333333333,5.2327916666666665,228.47083333333333,7.333145833333333,5.550541666666667,7.297020833333334,9.054229166666667,8.151375,74.640625,75.39166666666667,1027.625,1032.6666666666667
588,6.4446666666666665,6.5685,6.3210625,6.042375,0.5959166666666667,0.6140833333333333,0.5875416666666667,0.605,7.811354166666667,7.993166666666667,7.680416666666667,7.572604166666667,252.04375000000002,5.502416666666666,251.57916666666665,5.423854166666666,267.06041666666664,7.046291666666666,5.091104166666667,6.739166666666667,8.410625,11.816458333333335,76.69,78.48291666666667,1025.1458333333333,1030.1041666666667
589,7.138166666666667,7.091,7.030208333333333,6.753520833333333,0.6227291666666667,0.6889791666666666,0.6367708333333334,0.7033333333333333,8.700291666666667,8.8208125,8.486625,8.4674375,220.99458333333334,5.843833333333333,221.71166666666667,5.6721458333333326,237.80895833333332,7.449958333333334,5.606000000000001,7.4325624999999995,9.3336875,10.228250000000001,79.75354166666666,82.16666666666667,1021.4166666666666,1026.25
590,3.7005416666666666,3.6728124999999996,3.6303750000000004,3.350604166666667,0.3690833333333334,0.3584791666666667,0.38495833333333335,0.4561875,4.580875,4.520791666666667,4.533333333333333,4.437979166666667,156.80016666666668,5.926041666666666,149.27222916666668,6.172958333333334,142.08083333333335,9.048333333333334,2.6349791666666667,3.8914375,5.290041666666666,6.737104166666666,73.82229166666666,74.37395833333333,1022.2083333333334,1027.1875
591,5.573645833333334,5.429083333333334,5.548895833333333,5.525604166666667,0.5621875,0.6227291666666667,0.5486666666666666,0.5855208333333334,6.970270833333333,6.9290625,6.892895833333333,7.038208333333333,221.17499999999998,9.0409375,221.31041666666667,8.044520833333333,240.61875,8.530395833333333,4.221770833333333,5.6759375,7.343145833333334,8.874354166666667,66.66104166666666,69.60666666666667,1016.25,1021.1458333333334
592,8.975446808510638,9.03604255319149,8.796872340425532,8.482829787234042,1.057127659574468,1.09468085106383,1.0477446808510638,1.1081063829787234,11.461531914893618,11.535595744680851,11.280212765957446,11.086531914893618,271.31212765957446,7.914446808510638,270.46829787234043,7.989893617021276,276.586914893617,11.883106382978722,6.654468085106383,9.306212765957447,12.066617021276596,6.484340425531915,69.16744680851063,71.60829787234043,1005.5531914893617,1010.3404255319149
593,13.224874999999999,13.2491875,12.965416666666668,11.206895833333334,1.1852916666666666,1.1716041666666668,1.2085416666666666,1.7875625,16.076625,16.0556875,15.8465,15.165708333333333,315.4728333333333,6.510333333333333,321.12083333333334,6.247770833333333,296.41810416666664,16.4573125,10.037979166666666,14.184125,18.3725,3.9337916666666666,78.04916666666666,79.80916666666667,1006.9166666666666,1011.375
594,9.390659574468085,9.356468085106384,9.27031914893617,8.30476595744681,0.7841914893617021,0.782340425531915,0.8236382978723404,1.1822340425531914,11.340468085106382,11.289765957446809,11.316468085106383,10.841574468085106,262.1423829787234,7.170234042553192,260.7558936170213,7.206021276595744,206.30312765957444,13.385914893617022,7.349808510638297,9.932510638297872,12.532489361702128,4.377255319148936,80.13021276595744,80.57297872340425,1012.5106382978723,1017.2127659574468
595,6.9368541666666665,6.824041666666666,6.782291666666667,6.374187500000001,0.6314583333333333,0.6831458333333332,0.6120833333333333,0.7077916666666666,8.52,8.525875000000001,8.336562500000001,8.187291666666667,243.89470833333334,6.050375,242.577,6.1089166666666666,235.1069375,9.793750000000001,5.232083333333334,7.217729166666667,9.227291666666668,6.9801874999999995,80.74499999999999,81.876875,1009.3958333333334,1014.2291666666666
596,4.915851063829787,4.919744680851064,4.767404255319149,4.513,0.42214893617021276,0.41793617021276597,0.41548936170212764,0.5295531914893616,5.875276595744681,5.901446808510638,5.768063829787234,5.736276595744681,212.8991489361702,5.2671063829787235,196.68955319148935,5.329468085106384,187.84987234042552,8.435744680851064,3.4800425531914896,5.1140425531914895,6.865404255319149,6.531851063829787,80.12212765957446,80.40382978723405,1009.2553191489362,1014.2553191489362
597,4.433170212765957,4.389170212765958,4.365808510638297,4.005893617021276,0.43348936170212765,0.4182127659574468,0.440063829787234,0.45455319148936174,5.416617021276595,5.363361702127659,5.401936170212766,5.135553191489362,131.59,7.383085106382978,136.4540425531915,5.9184255319148935,156.2931914893617,7.067531914893617,3.2007659574468086,4.651872340425532,6.197468085106383,9.025510638297872,77.22531914893618,81.48021276595745,1006.1702127659574,1011.1276595744681
598,11.496395833333333,11.213458333333334,11.160895833333333,10.405770833333333,0.7499166666666667,0.7337291666666667,0.7521666666666667,0.9233958333333333,13.442916666666667,13.172916666666666,13.1775,12.619875,102.95041666666667,3.8765625,105.64375,3.7909166666666665,119.95833333333333,4.606416666666667,9.282895833333333,11.868229166666666,14.473541666666668,8.719979166666667,82.81666666666666,84.09770833333333,999.375,1004.3333333333334
599,7.121770833333334,7.0292708333333325,6.596291666666667,6.045354166666667,0.5910833333333333,0.5699166666666666,0.7165208333333334,0.7749166666666666,8.724124999999999,8.599625,8.366395833333334,8.048875,72.24895833333333,4.839645833333333,73.83229166666666,4.5964374999999995,90.14125,5.365645833333333,4.373270833333334,7.461375,11.378291666666668,8.886041666666666,91.49374999999999,91.35625,1002.3958333333334,1007.1875
600,4.763808510638298,4.6452340425531915,4.456446808510639,3.9090212765957446,0.3234042553191489,0.3176808510638298,0.3670212765957447,0.5817021276595745,5.547510638297872,5.411106382978724,5.3218297872340425,5.160872340425532,87.83902127659574,4.172297872340426,88.52165957446809,4.202127659574468,82.78070212765958,8.828936170212765,3.2627021276595745,5.027276595744681,6.9258510638297865,7.947127659574468,97.72340425531915,96.37659574468084,1016.5744680851063,1021.5106382978723
601,9.325617021276596,8.992127659574468,8.284510638297872,7.2088936170212765,0.4915957446808511,0.47957446808510634,0.5658723404255319,0.8262340425531914,10.48368085106383,10.137936170212766,9.73723404255319,9.11372340425532,23.795744680851065,3.0573404255319145,32.10382978723405,3.5382978723404257,41.700425531914895,7.602489361702128,6.391851063829788,9.771680851063829,13.217021276595746,8.171723404255319,89.60617021276595,89.34255319148937,1021.7446808510638,1026.659574468085
602,8.678291666666667,8.874541666666667,7.487895833333333,6.6863125,0.6689583333333333,0.5357708333333333,0.7191458333333333,0.9259166666666667,10.327666666666667,10.174145833333332,9.268291666666666,8.978854166666666,48.02916666666667,3.454041666666667,50.708958333333335,3.8031458333333332,69.48854166666666,8.0906875,5.28475,9.356729166666666,14.270520833333334,8.239541666666666,90.88333333333333,90.20416666666667,1022.5416666666666,1027.1458333333333
603,7.632979166666666,7.687562499999999,6.662624999999999,6.09725,0.5853333333333334,0.49081250000000004,0.6356041666666666,0.8618541666666667,9.097354166666667,8.947625,8.200708333333333,8.139645833333333,42.951249999999995,3.3564375,45.221666666666664,3.50025,63.861250000000005,8.696958333333333,4.5911875,8.083791666666666,12.110208333333333,8.165000000000001,88.69583333333333,87.86874999999999,1020.2083333333334,1025.0
604,7.355583333333333,7.334208333333333,6.762416666666667,5.9394791666666675,0.48722916666666666,0.4401875,0.5520416666666667,0.8845208333333333,8.604916666666666,8.440416666666666,8.142895833333332,7.90375,80.35222916666667,3.5961458333333334,81.8406875,3.8045833333333334,77.01914583333333,9.159895833333334,5.093208333333333,7.865291666666667,10.8725,8.1525625,93.51666666666667,91.88541666666667,1012.0,1016.9166666666666
605,11.121458333333335,10.955208333333333,10.853541666666667,8.842125,0.8312499999999999,0.8211041666666666,0.8635,1.6522083333333333,12.984583333333333,12.850625,12.836666666666666,12.088333333333333,347.3145833333333,6.855145833333334,346.8,6.6074166666666665,136.55710416666668,15.928541666666668,8.718562499999999,12.077916666666667,15.442708333333334,7.7253125,87.44708333333334,86.94770833333332,1016.6875,1021.1666666666666
606,11.722130434782608,11.481217391304346,11.456913043478261,9.724717391304347,0.8527391304347826,0.8341521739130435,0.9328043478260869,1.3263260869565219,13.630869565217392,13.355869565217391,13.503695652173912,12.708695652173914,105.46130434782609,7.6310652173913045,113.41067391304347,8.371152173913043,18.968652173913043,10.337217391304348,9.349717391304347,12.526739130434782,15.708913043478262,7.474695652173914,77.52456521739131,77.92891304347826,1023.0,1027.6739130434783
607,5.206875,5.143854166666666,5.099583333333333,4.661958333333334,0.46216666666666667,0.45089583333333333,0.49114583333333334,0.5716875,6.3544583333333335,6.275333333333333,6.334020833333334,6.012979166666667,122.24941666666666,7.315,123.81633333333333,7.611104166666666,126.45458333333333,9.600166666666667,3.9434791666666666,5.458375,7.133,7.453812500000001,74.35833333333333,75.21104166666667,1015.875,1020.7708333333334
608,5.724687500000001,5.6439375,5.7106666666666674,5.5191875,0.3378125,0.33227083333333335,0.34410416666666666,0.42222916666666666,6.575583333333333,6.4785625,6.5661249999999995,6.505041666666667,145.33812500000002,4.6141250000000005,148.38520833333334,4.601625,167.17895833333333,5.315979166666667,4.105770833333334,5.856833333333333,7.831458333333334,9.011708333333333,77.50375,82.51645833333333,1000.0208333333334,1005.0
609,6.169979166666667,5.981854166666667,6.337604166666666,6.222833333333334,0.37895833333333334,0.37052083333333335,0.41422916666666665,0.523,7.1602500000000004,6.951104166666667,7.327000000000001,7.379791666666667,136.79541666666668,4.844354166666666,140.531625,4.563791666666667,165.51854166666666,5.575395833333334,5.073625,6.250979166666667,8.143354166666667,9.237604166666666,87.69666666666666,91.48541666666667,992.3958333333334,997.3125
610,3.5887499999999997,3.5755416666666666,3.2355208333333336,2.9585416666666666,0.258125,0.2328125,0.29852083333333335,0.4188958333333333,4.220208333333333,4.169666666666667,3.9594166666666664,3.9500833333333336,43.06133333333333,4.362416666666667,51.14566666666667,4.5125,60.25666666666667,8.705562500000001,2.2312083333333335,3.784333333333333,5.5638749999999995,8.900625,98.47500000000001,96.40833333333335,990.4375,995.3958333333334
611,6.9833125,6.983833333333333,6.673479166666667,5.786270833333333,0.7383333333333333,0.7268125,0.7271875,0.8165625,8.880625,8.826604166666668,8.551666666666668,7.876479166666667,163.5919375,7.919208333333334,167.78116666666668,7.223020833333333,175.91833333333332,8.3918125,5.407145833333334,7.488062500000001,9.7278125,12.680416666666666,76.96770833333333,78.09208333333333,995.7083333333334,1000.8541666666666
612,7.767333333333333,7.567166666666666,7.436708333333333,6.8330625000000005,0.7464166666666667,0.8277916666666667,0.7594791666666666,0.7987500000000001,9.576895833333333,9.53225,9.3526875,8.872479166666666,223.54999999999998,5.7181875,223.5666666666667,5.9089583333333335,239.61666666666667,7.558541666666667,6.024395833333333,8.144979166666667,10.3155,13.207291666666668,66.64125,69.61354166666666,1007.2291666666666,1012.25
613,9.65368085106383,9.673170212765958,9.04940425531915,7.7690638297872345,1.0729148936170212,1.0387446808510639,1.057808510638298,1.1272978723404254,12.470553191489362,12.383234042553191,11.772042553191488,10.732872340425532,182.52553191489363,5.353468085106383,180.27872340425532,5.658170212765957,192.97021276595746,7.424042553191489,7.315787234042553,10.371659574468085,13.612680851063828,13.888510638297872,80.17255319148937,82.81914893617021,1010.4255319148937,1015.531914893617
614,10.016895833333333,9.970895833333334,9.5759375,8.492583333333334,1.0035625,0.9966666666666666,0.9657708333333334,1.0661875,12.594916666666668,12.565979166666667,12.015791666666667,11.161583333333333,216.4375,5.107958333333333,216.85208333333333,5.3505625,234.88958333333335,6.973229166666666,7.9301666666666675,10.648354166666666,13.386229166666666,16.250625,82.17479166666666,83.0775,1009.7916666666666,1014.8958333333334
615,4.102708333333333,4.0684375,3.8965625,3.3467083333333334,0.31816666666666665,0.332875,0.3164791666666667,0.3488541666666667,4.868875,4.856270833333333,4.629395833333334,4.1698125,210.01458333333335,5.0730625,209.04375000000002,5.6883333333333335,226.73333333333335,7.9100624999999996,3.2686875,4.4003749999999995,5.58575,12.572291666666667,80.46062500000001,83.225625,1008.4166666666666,1013.4166666666666
616,4.852854166666667,4.758291666666667,5.0056875,4.767458333333333,0.3953541666666667,0.40625,0.3920416666666667,0.4598541666666667,5.757833333333333,5.690416666666667,5.914416666666667,5.8111041666666665,185.8814583333333,5.265916666666667,187.29979166666666,5.175666666666667,203.97354166666665,6.9171875,3.350354166666667,5.012395833333334,6.8965,11.364104166666666,78.25854166666666,84.39812500000001,1003.8541666666666,1008.8541666666666
617,3.88925,3.8567291666666663,3.8880416666666666,3.4681875000000004,0.25445833333333334,0.25564583333333335,0.26285416666666667,0.4996875,4.488708333333333,4.4552708333333335,4.509479166666667,4.4582291666666665,301.4304583333333,5.460354166666666,299.9774791666667,5.04775,239.55227083333332,11.195604166666667,2.9563333333333333,4.124833333333333,5.3209375,9.330625,89.239375,89.18708333333332,1004.2291666666666,1009.1666666666666
618,6.103979166666666,6.140583333333333,5.9454375,5.5093125,0.6398125,0.6445625,0.6553749999999999,0.7160833333333333,7.6585624999999995,7.729166666666667,7.538,7.2468125,222.12291666666667,6.977291666666667,223.18125,7.394979166666666,242.70624999999998,9.093291666666667,4.750104166666667,6.408,8.114729166666667,11.123333333333333,79.326875,79.8475,1006.1458333333334,1011.0833333333334
619,7.421770833333333,7.440854166666667,7.063187500000001,6.1685625,0.6531875,0.6398333333333334,0.639375,0.7628125,9.0863125,9.104854166666668,8.706375,8.051625,190.01250000000002,5.5924375,189.91875000000002,5.1936875,206.57291666666666,6.951416666666667,5.973645833333333,7.918104166666667,9.876833333333332,12.840416666666668,72.72291666666666,74.06291666666667,1013.2083333333334,1018.2708333333334
620,5.962833333333333,5.9439166666666665,5.531333333333333,4.660166666666666,0.45416666666666666,0.45491666666666664,0.4638333333333333,0.5039166666666667,7.0715,7.108083333333333,6.728583333333333,5.945416666666667,157.75,5.3069999999999995,157.21666666666667,4.922,169.15,6.646249999999999,4.594916666666666,6.426833333333334,8.320166666666667,12.637500000000001,77.34916666666668,79.89333333333333,1010.75,1015.8333333333334
621,9.189354838709678,9.205967741935483,8.62374193548387,7.4028709677419355,1.161516129032258,1.1215483870967742,1.1488064516129033,1.1858709677419355,12.290645161290323,12.233645161290323,11.63483870967742,10.547774193548387,181.82258064516128,6.445838709677419,181.8516129032258,6.728967741935484,197.09354838709677,8.607129032258065,6.839322580645161,9.89058064516129,13.05483870967742,13.331935483870968,86.28290322580645,86.12290322580645,990.516129032258,995.4516129032259
622,8.253416666666666,8.364416666666667,8.187833333333334,7.898729166666667,0.8046041666666667,0.7917291666666667,0.7544791666666667,0.7612083333333333,10.4735625,10.552833333333334,10.289145833333334,9.980770833333333,195.29125,5.03025,191.26458333333335,5.925458333333334,201.20000000000002,6.738895833333333,5.863604166666666,8.587854166666666,11.546979166666667,12.053333333333333,94.17291666666667,94.09375,980.6041666666666,985.5416666666666
623,12.245375000000001,12.418916666666666,12.033999999999999,11.893041666666667,1.2555833333333333,1.286875,1.2433958333333333,1.2611875,15.529020833333334,15.775833333333333,15.237708333333332,15.3849375,262.15000000000003,5.4206458333333325,261.3645833333333,5.494958333333333,274.54375,8.143416666666667,9.245520833333334,12.6480625,16.099083333333333,12.409999999999998,70.11395833333333,72.411875,995.4583333333334,1000.2916666666666
624,6.922041666666666,6.902166666666666,6.673354166666667,5.978979166666666,0.8183958333333333,0.8091458333333333,0.7909166666666666,0.8225625,9.015520833333333,8.993916666666667,8.780770833333333,8.184541666666666,174.1208333333333,6.371833333333334,173.26874999999998,6.442104166666667,187.32708333333335,7.289750000000001,5.1760625,7.3417708333333325,9.602770833333333,14.070833333333333,87.45291666666667,87.58520833333334,995.7916666666666,1000.8333333333334
625,8.6501875,8.439874999999999,8.3920625,7.839104166666666,0.8406666666666666,0.9150625,0.8317083333333333,0.8963333333333333,10.681229166666666,10.630895833333334,10.387479166666667,9.998166666666666,222.51458333333335,5.361125,222.8395833333333,5.451249999999999,241.75833333333333,6.548625,6.8771458333333335,9.010291666666665,11.157479166666667,14.575416666666667,71.82979166666667,73.9875,999.3333333333334,1004.2916666666666
626,9.2910625,9.321541666666667,8.750145833333333,7.414375,0.9913124999999999,0.9527083333333333,0.9847083333333333,1.1249583333333333,11.926270833333334,11.882062500000002,11.27625,10.266125,193.48333333333335,5.414791666666667,193.01874999999998,5.677333333333333,209.3708333333333,7.7852500000000004,7.217229166666667,10.032375,12.907083333333333,15.085416666666667,85.85562499999999,85.67562500000001,1002.9791666666666,1008.0833333333334
627,12.430104166666666,12.419833333333335,12.055666666666667,11.159791666666665,1.2864166666666665,1.2925833333333332,1.2537083333333332,1.31375,15.635208333333333,15.654583333333333,15.329166666666666,14.545625000000001,216.2854166666667,5.400729166666667,217.38541666666666,5.775708333333333,238.38125,7.198416666666667,9.989979166666666,13.001125,16.030625,15.21125,74.24104166666667,75.29604166666667,999.0625,1003.9166666666666
628,10.446250000000001,10.243833333333333,10.231979166666667,9.970729166666667,1.0854375,1.2176875,1.0479791666666667,1.0606666666666666,13.273541666666667,13.340208333333335,12.973125000000001,12.896187500000002,246.28958333333333,5.024979166666667,246.81041666666667,5.1659999999999995,264.175,7.0566458333333335,8.183895833333333,10.749083333333333,13.331874999999998,14.231458333333334,73.911875,75.97,1003.3958333333334,1008.2291666666666
629,7.05975,6.824895833333334,6.8979375,6.393666666666667,0.5220208333333333,0.643375,0.5614583333333333,0.5997708333333334,8.331770833333334,8.289875,8.246708333333332,7.9326875,232.8708333333333,4.141145833333334,232.86458333333334,4.589520833333333,252.9375,5.796020833333333,5.788270833333333,7.359333333333333,8.939645833333334,15.180625,77.45270833333333,80.22083333333333,1009.8541666666666,1014.8541666666666
630,6.583708333333334,6.590979166666667,6.2603125,5.509541666666667,0.6311041666666667,0.627375,0.6265416666666667,0.6553333333333333,8.118416666666667,8.157937500000001,7.835979166666667,7.2015416666666665,184.15,6.603770833333333,183.90625,6.8369375,197.71354166666666,8.278041666666667,5.226541666666667,7.011541666666666,8.992520833333334,18.041666666666668,73.74791666666667,76.20895833333334,1007.9166666666666,1013.125
631,9.6895,9.314625,9.435104166666667,8.875770833333332,0.9060833333333332,1.0633958333333333,0.9201874999999999,0.9437083333333334,11.891187500000001,11.85125,11.628708333333334,11.324208333333333,224.63750000000002,4.960958333333333,225.28333333333333,5.175145833333334,244.34583333333333,6.396208333333334,7.7164166666666665,10.038604166666667,12.380291666666666,16.130416666666665,71.32416666666667,73.43354166666667,1003.0833333333334,1007.875
632,8.732520833333334,8.515125,8.57875,8.332583333333334,0.7356250000000001,0.8558333333333333,0.7321458333333334,0.7928333333333333,10.446895833333334,10.519708333333334,10.330291666666666,10.3296875,244.72916666666666,5.135625,244.94791666666666,5.329395833333334,262.01666666666665,6.861416666666667,6.921479166666667,8.992458333333333,11.074166666666665,15.303333333333333,77.26125,79.014375,1012.5416666666666,1017.4375
633,8.166229166666666,8.0111875,7.948729166666666,7.524708333333333,0.6064166666666667,0.7223333333333333,0.6288125,0.6457499999999999,9.6123125,9.642958333333334,9.433625000000001,9.056666666666667,237.98125000000002,4.453229166666667,238.89791666666667,4.7369375,257.95,5.419125,6.7714791666666665,8.465854166666666,10.164270833333333,20.346041666666668,61.87229166666666,65.38604166666667,1016.3333333333334,1021.2291666666666
634,4.8186875,4.735895833333333,4.9833541666666665,4.503,0.3525416666666667,0.3915208333333333,0.35293749999999996,0.392375,5.706166666666667,5.6847916666666665,5.80075,5.3886875,194.16666666666666,5.0560625,194.76041666666666,5.631875,211.88333333333333,5.818874999999999,3.4783333333333335,5.1053125,7.596229166666667,20.104166666666668,56.178958333333334,67.41333333333334,1015.2083333333334,1020.2291666666666
635,4.639083333333333,4.552395833333333,4.878979166666666,4.2789166666666665,0.3267083333333333,0.32295833333333335,0.3354166666666667,0.402125,5.3564791666666665,5.276604166666666,5.591458333333333,5.249625,185.87704166666666,5.473645833333333,196.9790416666667,5.0367500000000005,200.10695833333332,7.437666666666668,2.9319375,4.952583333333333,7.375,19.268541666666668,70.97104166666666,80.57875,1012.6041666666666,1017.625
636,6.5800625,6.424875,6.343395833333333,5.823854166666667,0.34727083333333336,0.3346458333333333,0.40229166666666666,0.5332708333333334,7.467479166666667,7.307291666666667,7.319333333333333,7.087125,71.30477083333334,3.439666666666667,72.55558333333333,3.3376875,87.31458333333335,4.915770833333333,4.8570625000000005,6.846604166666666,9.13325,14.278541666666667,91.28583333333334,92.30624999999999,1014.4375,1019.3333333333334
637,4.1790625,4.111604166666667,4.4204375,3.9498541666666664,0.43964583333333335,0.43231250000000004,0.45208333333333334,0.5053541666666667,5.224083333333334,5.146333333333334,5.4615,5.114583333333333,132.12916666666666,7.050979166666667,128.25625,6.515208333333334,139.86875,7.013270833333333,2.8118541666666665,4.4517291666666665,7.441,16.79041666666667,82.92083333333333,88.46666666666665,1007.6875,1012.7083333333334
638,4.560979166666667,4.3760625,4.3713125,3.87425,0.4068541666666667,0.44908333333333333,0.3928958333333334,0.44193750000000004,5.555416666666667,5.489625,5.3331875,4.936979166666666,234.10089583333334,6.234729166666667,234.10964583333336,6.001145833333333,221.06564583333332,8.02,3.5408958333333334,4.827354166666667,6.166666666666667,16.113125,91.46104166666667,91.99374999999999,1001.4583333333334,1006.3333333333334
639,9.076375,8.820583333333333,8.80275,8.308979166666667,0.8214583333333333,0.9125416666666667,0.8045625,0.8641875,11.103958333333333,10.9940625,10.765416666666667,10.5003125,230.6604166666667,4.999104166666666,231.27916666666667,5.3581875,250.81041666666667,6.728458333333333,7.2235625,9.4018125,11.594145833333334,15.623750000000001,83.533125,84.25958333333334,1001.9583333333334,1006.6875
640,9.359875,9.19525,9.206520833333334,9.032395833333334,0.9656250000000001,1.0780833333333333,0.9457291666666666,0.9775625,11.707416666666667,11.6893125,11.556770833333333,11.5670625,249.98541666666665,5.663250000000001,250.3479166666667,5.828479166666667,266.2375,7.8023750000000005,7.220083333333334,9.6143125,12.0643125,14.871041666666665,69.45395833333333,71.91604166666667,1001.25,1006.0416666666666
641,9.256255319148936,9.35691489361702,9.118063829787234,9.057787234042554,0.9476170212765956,1.0121276595744682,0.9411063829787234,0.9798085106382979,11.520872340425532,11.738255319148935,11.387510638297872,11.530765957446809,259.25957446808513,6.152595744680852,258.48297872340424,6.313553191489362,271.59574468085106,8.62831914893617,7.008042553191489,9.530744680851063,12.081893617021278,14.089574468085107,61.106808510638295,64.6268085106383,1001.5531914893617,1006.2553191489362
642,4.7986458333333335,4.681520833333333,4.778375,4.678791666666666,0.3607291666666667,0.372875,0.3662916666666667,0.41654166666666664,5.764520833333333,5.6438125,5.703729166666666,5.711812500000001,133.22270833333332,5.232958333333333,134.61077083333333,5.402208333333333,152.49895833333332,6.6223125,3.5180833333333332,4.890395833333334,6.3976875,11.890416666666667,78.18625,79.61854166666667,1007.1041666666666,1011.9791666666666
643,7.0269375,6.868041666666667,6.946604166666667,6.712791666666667,0.4353125,0.4311041666666667,0.4514375,0.5103333333333333,8.109708333333334,7.9495625,8.069395833333333,7.975395833333334,105.70625,3.499,108.14375,3.447854166666667,122.0625,4.086374999999999,5.788166666666666,7.153604166666667,8.520979166666667,11.909999999999998,88.943125,89.08166666666666,1002.6458333333334,1007.4583333333334
644,11.045479166666667,10.896708333333335,10.279041666666666,8.908875,0.8042083333333333,0.7597083333333333,0.8838958333333333,1.2171874999999999,12.931333333333333,12.69775,12.447583333333334,11.656520833333333,116.27897916666666,6.645499999999999,125.22760416666667,6.965729166666667,67.21439583333334,9.560520833333333,8.156854166666667,11.7689375,15.830479166666668,10.956041666666666,93.52708333333334,93.00625000000001,995.0625,999.8125
645,10.434,10.375291666666667,9.936708333333334,8.269458333333334,0.6117291666666667,0.6049583333333334,0.6650208333333333,1.0860208333333332,11.876666666666667,11.81425,11.505895833333334,10.534791666666667,299.75152083333336,4.3449583333333335,297.7300833333333,3.8181666666666665,228.68641666666667,12.602833333333335,8.513083333333332,11.267770833333332,14.030166666666666,12.023125,99.65833333333335,99.28750000000001,987.4583333333334,992.2708333333334
646,7.132625,7.092583333333334,6.6702916666666665,5.5886458333333335,0.43520833333333336,0.43031250000000004,0.4656666666666667,0.7971041666666667,8.113104166666666,8.070937500000001,7.801125,7.2304375,267.2710416666667,4.865833333333334,279.66889583333335,4.5704375,247.4544791666667,14.413375,5.563416666666666,7.681958333333333,9.928645833333333,12.341458333333334,99.71249999999999,99.49166666666667,998.0208333333334,1003.1875
647,6.71225,6.4854375,6.615458333333334,6.4639999999999995,0.6804583333333333,0.7936458333333333,0.6709791666666667,0.713,8.431854166666666,8.453333333333333,8.246291666666666,8.2824375,244.92079166666667,9.393791666666667,241.29691666666668,8.476145833333334,248.50204166666666,10.912708333333333,5.2071875,6.8804791666666665,8.748520833333332,14.741875,80.92770833333333,81.701875,1006.625,1011.4583333333334
648,9.004125,9.075979166666666,8.865166666666667,8.769229166666667,0.9130208333333334,0.9716874999999999,0.9064791666666667,0.9314166666666667,11.191541666666666,11.419458333333333,11.042729166666668,11.091666666666667,256.0208333333333,5.675166666666667,255.41875000000002,5.7590625,269.9583333333333,8.0065625,6.921958333333333,9.263875,11.662895833333332,14.598958333333334,67.18124999999999,69.89375,1010.8541666666666,1015.7708333333334
649,6.395104166666666,6.4476249999999995,6.2326875,5.9493125000000004,0.6338750000000001,0.6521458333333333,0.6415625,0.6738750000000001,7.804145833333333,7.9033541666666665,7.710979166666667,7.461020833333333,224.7975,5.842833333333334,225.08666666666667,6.12075,240.896875,7.402562499999999,4.874458333333333,6.649458333333333,8.524895833333334,14.594583333333333,73.17520833333333,76.90458333333333,1010.4166666666666,1015.3333333333334
650,4.1606250000000005,4.115,4.0880833333333335,3.8615208333333335,0.3418541666666666,0.36018750000000005,0.35733333333333334,0.41575,5.014958333333333,4.982479166666667,4.964395833333334,4.855895833333333,197.42583333333334,5.188875,197.71020833333333,5.179541666666666,214.34979166666668,6.609416666666667,3.132520833333333,4.323145833333333,5.627,13.1875,90.184375,90.49374999999999,1011.5625,1016.5625
651,5.9518958333333325,5.783083333333334,5.428333333333334,4.83875,0.4043541666666666,0.384625,0.4484791666666667,0.6983333333333334,6.943645833333334,6.736999999999999,6.610083333333333,6.433062499999999,61.520604166666665,3.8117291666666664,71.44770833333332,4.1176458333333334,80.968125,6.921895833333333,4.305104166666667,6.222645833333334,8.348479166666666,12.304375,96.91250000000001,95.47916666666667,1012.9583333333334,1017.875
652,3.2001458333333335,3.169958333333333,3.324666666666667,3.0587916666666666,0.33047916666666666,0.3267083333333333,0.2960625,0.3431666666666667,3.947729166666667,3.9048958333333332,4.007520833333333,3.826,148.03275,8.61975,161.00583333333333,6.9679166666666665,147.06977083333334,8.432979166666668,2.1343541666666668,3.3695833333333334,5.290291666666667,14.805,93.32291666666667,95.37083333333334,1008.2708333333334,1013.3541666666666
653,6.322937499999999,6.150104166666666,6.166708333333333,5.825,0.5224791666666667,0.6266875,0.5353958333333334,0.5726666666666667,7.555708333333333,7.585999999999999,7.439229166666667,7.2078125,236.04166666666666,4.746229166666667,235.13333333333333,4.808916666666667,252.42291666666665,6.107291666666666,5.000520833333334,6.557291666666667,8.1276875,17.248958333333334,81.593125,83.949375,1006.9166666666666,1012.1041666666666
654,5.983270833333333,5.9582291666666665,5.898041666666667,5.742729166666667,0.5191875,0.555125,0.5173958333333334,0.5575625,7.206583333333334,7.268395833333333,7.1408958333333326,7.079875,220.12833333333333,6.2417083333333325,219.86729166666666,5.844770833333333,234.18416666666667,8.178312499999999,4.326666666666667,6.184291666666667,8.224520833333333,13.795833333333334,66.38895833333333,71.70145833333333,1010.0833333333334,1015.1666666666666
655,6.722625,6.656770833333333,6.524875000000001,6.157479166666666,0.6197291666666667,0.668375,0.6169166666666667,0.6692083333333333,8.2868125,8.264583333333333,8.009270833333334,7.7464375,215.14104166666667,6.813312499999999,211.63583333333335,7.5370833333333325,235.311875,8.319770833333333,5.390270833333333,6.993333333333333,8.716270833333335,16.7225,73.00666666666667,76.05916666666667,1003.9583333333334,1009.1041666666666
656,2.9388958333333335,2.919625,2.8233333333333337,2.5056458333333333,0.34418750000000004,0.3500208333333334,0.3485416666666667,0.42539583333333336,3.7036041666666666,3.6717291666666667,3.5829583333333335,3.4189583333333338,198.46872916666666,11.808937499999999,204.9711875,11.035395833333332,198.00464583333334,11.416833333333335,2.1738750000000002,3.1279583333333334,4.313854166666666,14.045833333333334,89.74229166666667,90.22395833333333,1000.5,1005.5625
657,4.5252083333333335,4.400416666666667,4.2800625000000005,4.03475,0.34441666666666665,0.374875,0.3681666666666667,0.4746666666666666,5.3591041666666674,5.256125,5.137708333333333,5.152625,143.12131250000002,5.014020833333333,143.59708333333333,5.552333333333333,154.005625,8.456249999999999,3.1696666666666666,4.699979166666666,6.327145833333333,12.295625000000001,87.94583333333333,87.51520833333332,1001.3541666666666,1006.4375
658,6.130270833333333,6.0054791666666665,5.924270833333334,5.2703125,0.35962500000000003,0.3428333333333333,0.41020833333333334,0.6590416666666666,6.921520833333333,6.779645833333333,6.819187500000001,6.651541666666667,124.392875,4.749229166666667,125.7369375,5.104854166666667,82.41616666666667,7.251333333333334,4.777645833333334,6.453645833333333,8.205520833333333,13.129375000000001,79.15833333333333,79.34708333333333,1010.5208333333334,1015.6041666666666
659,7.523208333333333,7.356854166666667,7.3396875,6.974,0.6627291666666667,0.7273125,0.6674583333333333,0.7105625,9.255083333333333,9.196145833333334,9.022645833333334,8.818520833333332,223.58333333333334,5.287166666666667,226.475,5.5914166666666665,249.00833333333333,6.530083333333334,5.984604166666667,7.778583333333334,9.594208333333333,16.242083333333333,65.97208333333333,69.40083333333332,1010.6875,1015.9166666666666
660,6.942270833333333,6.988291666666666,6.804312499999999,6.728666666666666,0.6822916666666666,0.7206874999999999,0.6568958333333333,0.6664375,8.68325,8.818104166666666,8.511166666666666,8.501770833333333,235.89895833333333,7.708562499999999,230.99687500000002,7.143145833333333,246.92937500000002,8.760708333333334,5.123729166666666,7.143791666666666,9.4143125,14.403541666666667,73.37625,76.77583333333334,1009.6458333333334,1014.6875
661,9.973604166666666,9.951479166666667,9.653645833333334,8.835729166666667,0.8574999999999999,0.8693958333333334,0.8456458333333333,0.9574166666666667,12.196645833333333,12.147395833333334,11.861375,11.249208333333334,213.11041666666665,4.9901875,213.63125,5.1301875,233.62291666666667,6.6374375,8.1299375,10.472270833333333,12.8254375,16.75375,85.62645833333333,85.94166666666666,1008.5833333333334,1013.6666666666666
662,6.064708333333333,6.0612708333333325,5.9655,5.749937500000001,0.6844791666666666,0.7476250000000001,0.6711666666666667,0.6979166666666666,7.678062499999999,7.8600208333333335,7.585520833333334,7.5106874999999995,276.00416666666666,7.90625,268.5293125,7.969874999999999,268.812,11.200333333333333,4.7374374999999995,6.303625,7.931041666666666,16.779791666666664,67.60395833333332,70.52770833333334,1013.2916666666666,1018.4166666666666
663,4.451,4.375229166666666,4.347645833333334,4.0395625,0.4511875,0.45227083333333334,0.4664375,0.451875,5.403020833333333,5.359083333333333,5.391583333333333,5.069208333333333,190.51479166666664,7.291979166666667,186.6158333333333,7.089270833333334,200.70833333333334,8.434583333333334,3.0720625,4.6474166666666665,6.863770833333334,16.58791666666667,68.07291666666667,76.85354166666666,1014.8958333333334,1020.0625
664,6.215625,6.052625,6.260916666666667,5.904166666666666,0.3777083333333333,0.365875,0.3802083333333333,0.4713958333333333,7.181562499999999,6.9872708333333335,7.2044375,7.0005625,109.710625,5.268208333333333,136.64497916666667,5.862625,147.26020833333334,5.540500000000001,4.7698125,6.418041666666667,8.696395833333334,15.696666666666667,82.45770833333334,87.86375,1012.0,1017.0833333333334
665,5.5118125000000004,5.393291666666666,5.285458333333334,4.768541666666667,0.5064583333333333,0.4945,0.501,0.558625,6.870104166666667,6.7625,6.6270625,6.1511875,98.93,5.244041666666667,100.59333333333332,6.071187500000001,114.56333333333333,6.9239999999999995,3.8932916666666664,5.783854166666667,7.893541666666667,15.078541666666666,97.28750000000001,96.73125,999.8125,1004.8541666666666
666,6.031083333333334,5.934916666666666,5.849895833333334,5.585895833333333,0.5491666666666667,0.5962500000000001,0.563375,0.5807708333333333,7.346916666666666,7.384104166666667,7.191104166666666,6.982625,234.77916666666667,6.183208333333333,234.75,6.685666666666666,250.66666666666666,8.0018125,4.692833333333334,6.249270833333334,7.925791666666666,15.163124999999999,80.46124999999999,82.47708333333334,997.0208333333334,1002.0625
667,8.434458333333334,8.309979166666666,8.248854166666666,7.431375,0.6988333333333333,0.6969375000000001,0.6869583333333332,0.7343958333333332,10.160291666666668,10.062916666666666,9.987562500000001,9.286479166666666,129.13958333333332,5.857937499999999,128.86875,4.835458333333333,140.45000000000002,5.322104166666667,6.621708333333333,8.861229166666666,11.1295,15.647291666666666,74.98875,80.31645833333333,999.2083333333334,1004.3125
668,7.155958333333333,6.968229166666667,7.173645833333333,6.527583333333333,0.5332083333333334,0.5286458333333334,0.5045625,0.5812291666666667,8.536791666666668,8.327291666666666,8.499416666666667,7.969854166666667,114.87166666666667,4.987604166666666,117.63416666666667,4.098145833333334,132.20624999999998,4.666645833333333,5.232125,7.482875,9.8503125,15.170625,87.92750000000001,92.07604166666665,1000.0625,1005.1458333333334
669,6.130083333333334,6.0810208333333335,5.740666666666667,4.5475208333333335,0.4048333333333333,0.40214583333333337,0.43,0.6873958333333333,7.080375,7.0497499999999995,6.7805,6.0477083333333335,279.59272916666663,6.896999999999999,269.34377083333334,6.985812500000001,200.16454166666665,12.398708333333333,4.966666666666667,6.716,8.675916666666668,13.871250000000002,92.47395833333333,93.76875,1003.0,1008.1875
670,13.6979375,13.722541666666666,13.208479166666665,11.71425,0.9183541666666667,0.9153125000000001,0.9643125,1.4041041666666667,15.755625,15.815833333333332,15.409166666666666,14.625875,331.46875,4.763541666666667,329.21458333333334,3.4154999999999998,343.3645833333333,20.094041666666666,11.2265,14.514354166666665,17.810624999999998,12.606875,94.88333333333333,93.92916666666667,1008.0625,1013.375
671,4.6760625,4.639479166666667,4.540958333333333,4.313791666666667,0.3093125,0.30404166666666665,0.32283333333333336,0.4570625,5.446437499999999,5.380937500000001,5.3229999999999995,5.290500000000001,187.795,4.519416666666666,188.336875,4.038854166666667,196.3425,10.005,3.5297291666666664,4.827354166666667,6.345020833333333,12.936250000000001,88.97916666666667,88.23958333333333,1008.5208333333334,1013.6458333333334
672,7.5363125,7.419833333333333,7.223979166666666,6.5966458333333335,0.8322291666666667,0.8725416666666667,0.8252916666666666,0.8657083333333334,9.5768125,9.504875,9.2755,8.738520833333334,190.88750000000002,6.690458333333333,188.00208333333333,6.879791666666667,200.88333333333333,8.814041666666666,5.748375,7.919708333333333,10.321708333333333,15.881458333333333,83.63979166666667,84.36604166666667,994.9583333333334,999.9583333333334
673,8.374808510638298,8.33472340425532,8.087127659574469,7.563893617021276,0.7858723404255319,0.8163617021276596,0.7757872340425532,0.8239148936170213,10.319765957446808,10.285893617021276,10.049595744680852,9.668446808510637,217.02978723404254,5.2388085106382976,218.06170212765957,5.631234042553191,239.25531914893617,7.0057446808510635,6.585,8.723,10.879425531914894,13.92,78.37191489361702,79.57531914893617,993.4893617021277,998.6382978723404
674,8.868583333333333,8.788791666666667,8.614812500000001,8.108458333333333,0.82425,0.8548125,0.8270208333333334,0.8851041666666667,10.9705,10.892333333333333,10.702270833333332,10.28975,220.1604166666667,5.8345625,221.05416666666667,6.212208333333333,240.9729166666667,7.681312500000001,7.037291666666667,9.208395833333332,11.409895833333332,15.162708333333333,78.62875,79.48458333333333,993.3541666666666,998.2916666666666
675,8.074,7.913106382978723,7.817851063829788,7.366787234042553,0.6840638297872341,0.7644468085106383,0.6858510638297872,0.7036382978723403,9.766,9.742021276595745,9.537659574468085,9.17836170212766,224.30851063829786,4.753851063829788,224.98723404255318,5.223574468085107,245.0191489361702,6.387617021276596,6.501510638297872,8.361808510638298,10.232872340425532,15.62063829787234,74.97510638297872,77.12829787234043,995.4468085106383,1000.4893617021277
676,6.623666666666666,6.461604166666667,6.3970625000000005,5.949625,0.67525,0.7608541666666667,0.6816249999999999,0.7192083333333333,8.263375,8.232125,8.068375,7.748,222.07500000000002,5.252666666666666,222.36249999999998,5.621104166666666,240.54583333333335,7.33875,5.184645833333334,6.901062499999999,8.649791666666667,15.573958333333332,74.31645833333333,76.748125,994.2083333333334,999.2291666666666
677,8.955166666666667,8.906333333333334,8.632541666666667,7.9723749999999995,0.8494166666666666,0.8754583333333333,0.8457291666666666,0.9192916666666666,11.061958333333335,11.055208333333333,10.760604166666667,10.3656875,214.32500000000002,5.197729166666667,214.85625000000002,5.6820208333333335,234.4375,7.169375,7.195333333333333,9.362791666666666,11.542104166666666,15.407083333333333,73.54791666666667,75.184375,998.6666666666666,1003.8125
678,7.67625,7.7026875,7.3781875,6.596791666666667,0.7791458333333333,0.7837291666666667,0.7765416666666667,0.8739583333333334,9.668479166666666,9.695479166666667,9.319875,8.717541666666667,205.76041666666666,5.9455625,205.80208333333334,6.491416666666667,224.51041666666666,8.516208333333333,6.062875000000001,8.1441875,10.260708333333334,15.121250000000002,76.244375,76.85083333333334,1002.7083333333334,1008.0208333333334
679,7.068124999999999,7.077583333333333,6.766375,6.055666666666667,0.7953125,0.78425,0.7721041666666667,0.8170000000000001,9.1220625,9.105229166666666,8.786854166666666,8.237958333333333,176.52083333333334,6.606708333333334,176.14166666666665,6.526291666666666,190.70000000000002,7.8356875,5.3221875,7.5025625,9.756,15.875,82.6575,82.59104166666667,999.7291666666666,1004.875
680,10.1376875,9.819374999999999,9.8058125,9.15225,0.9147708333333333,1.0232708333333334,0.8978541666666667,0.9449166666666667,12.568645833333333,12.464,12.195166666666665,11.589395833333333,219.3375,4.822479166666667,219.93541666666667,5.105520833333333,239.55625,6.6122708333333335,8.002541666666668,10.535041666666666,13.084583333333333,16.38479166666667,79.28604166666666,80.28041666666667,991.2083333333334,996.2916666666666
681,10.057208333333334,10.0925,9.836583333333333,9.599729166666666,0.9406249999999999,0.9981249999999999,0.9226875,0.9427291666666666,12.411333333333333,12.525729166666666,12.093000000000002,12.073645833333332,247.3083333333333,5.198145833333333,247.37708333333333,5.2299375,263.31458333333336,7.336875,7.788708333333333,10.381604166666667,13.003291666666668,16.035625,70.66833333333334,72.826875,998.1875,1003.1666666666666
682,6.140604166666667,6.0346875,5.901666666666666,5.666458333333334,0.6137708333333333,0.706,0.6053125,0.6324375,7.645770833333334,7.698770833333334,7.441333333333334,7.289229166666666,245.6850208333333,8.745916666666666,240.67575,9.393854166666666,236.45479166666667,11.660499999999999,4.5456875000000005,6.355208333333334,8.349916666666667,13.546458333333334,74.49145833333334,77.63229166666666,1006.8333333333334,1011.875
683,7.693979166666666,7.642416666666667,7.336562499999999,6.852104166666667,0.7206041666666666,0.7346666666666667,0.6964583333333333,0.7478750000000001,9.459583333333333,9.444770833333333,9.087145833333333,8.700375,217.90625,5.180854166666666,218.4020833333333,5.3921874999999995,238.71666666666667,6.9440833333333325,5.80075,8.012708333333334,10.2440625,13.773125,79.27958333333333,80.92895833333334,1009.9375,1015.0
684,7.4197021276595745,7.260297872340425,7.197510638297873,6.70995744680851,0.6547234042553192,0.7250425531914894,0.6551276595744681,0.7088510638297872,9.079468085106383,9.016340425531915,8.842872340425533,8.525872340425533,223.94255319148934,5.324255319148937,224.22340425531914,5.533425531914895,243.45531914893616,6.487744680851064,5.87495744680851,7.729808510638297,9.60163829787234,15.016170212765957,74.5563829787234,77.11702127659575,1006.4255319148937,1011.6170212765958
685,6.508744680851064,6.39663829787234,6.222702127659574,5.180978723404255,0.3852978723404255,0.392,0.4144893617021277,0.7001276595744681,7.438000000000001,7.320446808510638,7.191425531914894,6.6092765957446815,256.273914893617,5.172212765957447,260.4275531914893,4.721021276595745,199.9117446808511,11.194808510638296,5.075744680851064,7.014170212765958,9.025170212765957,12.496808510638298,93.23191489361702,93.93191489361702,1006.4042553191489,1011.3404255319149
686,10.253791666666666,10.17925,9.638416666666666,7.330395833333333,0.5865208333333333,0.5799791666666666,0.63775,1.3275833333333333,11.6325,11.538625000000001,11.156520833333333,9.9238125,338.30625000000003,4.236270833333333,336.0208333333333,3.4683541666666664,310.74931250000003,18.570333333333334,8.290166666666666,11.357833333333334,14.435666666666668,13.234166666666667,91.77499999999999,91.52083333333333,1012.125,1017.0833333333334
687,4.731895833333334,4.65575,4.7565,4.626833333333333,0.4421458333333333,0.47360416666666666,0.42808333333333337,0.42914583333333334,5.79175,5.789354166666667,5.760583333333333,5.647375,218.38958333333335,6.324625,216.57083333333333,5.7509375,233.50625,6.606437499999999,3.4533958333333334,4.871125,6.596416666666666,14.713958333333332,74.99541666666667,79.01041666666667,1015.625,1020.8958333333334
688,9.592833333333333,9.617791666666667,9.2275625,8.474729166666666,0.8139166666666666,0.8035416666666667,0.7994374999999999,0.8958541666666666,11.547229166666668,11.565041666666666,11.238520833333332,10.689729166666666,213.11666666666667,4.626854166666667,213.8395833333333,4.95675,234.19583333333333,6.3570416666666665,7.738083333333333,10.058854166666666,12.399895833333334,15.069375,83.99145833333334,84.58875,1005.9791666666666,1011.0416666666666
689,5.083666666666667,4.9365625,4.906125,4.3702499999999995,0.3883541666666667,0.4532291666666666,0.39029166666666665,0.5070833333333333,5.984625,5.9683125,5.815229166666666,5.497604166666666,266.272375,6.707979166666667,265.9145833333333,6.954833333333333,245.4140625,10.000395833333334,3.9456458333333333,5.377583333333334,6.836520833333334,14.04625,86.41562499999999,88.07666666666667,1006.0208333333334,1011.125
690,4.559645833333334,4.4234374999999995,4.512458333333334,4.2964375,0.36533333333333334,0.4020416666666667,0.3529166666666667,0.3773125,5.494541666666667,5.441187500000001,5.421520833333333,5.2463125,158.388125,6.103729166666667,160.788125,5.492583333333333,178.58354166666666,6.2513125,3.2501041666666666,4.708020833333333,6.256770833333333,13.32,74.03937499999999,78.18395833333334,1012.5208333333334,1017.7708333333334
691,5.913354166666667,5.912291666666667,5.554791666666667,4.771020833333334,0.7828125,0.7692916666666667,0.7629583333333333,0.7806875,7.956708333333334,7.897395833333333,7.541104166666667,6.755875,181.82291666666666,10.150666666666668,175.9225,9.2566875,186.0895833333333,11.999041666666669,4.366833333333333,6.374458333333333,8.648708333333333,16.77958333333333,68.32020833333333,69.31791666666668,1007.5625,1012.7083333333334
692,8.5880625,8.442854166666667,8.337625000000001,7.811916666666666,0.85575,0.9679583333333334,0.8701875,0.9232916666666666,10.630479166666666,10.677624999999999,10.4393125,10.1288125,224.2125,5.592416666666666,224.60416666666666,5.826479166666666,242.04999999999998,7.777416666666666,6.725958333333334,8.958979166666667,11.221041666666666,16.476041666666667,72.75604166666666,74.48416666666667,1004.625,1009.5416666666666
693,8.426520833333333,8.459291666666667,7.9597083333333325,6.878354166666667,0.8680833333333333,0.8505833333333332,0.8963541666666667,1.0028958333333333,10.582416666666667,10.555020833333334,10.246875,9.360416666666667,198.03333333333333,5.503458333333334,199.0875,6.0573958333333335,218.63541666666666,8.470875000000001,6.456104166666667,9.036479166666666,11.661875,16.611666666666668,67.83958333333334,69.05708333333332,1007.1458333333334,1012.2916666666666
694,7.698416666666667,7.646354166666666,7.4230833333333335,6.7750625,0.8197916666666667,0.8544999999999999,0.8024999999999999,0.8670625,9.666875,9.686916666666667,9.376333333333333,8.9040625,218.32500000000002,5.791666666666667,219.34375,6.091479166666667,239.18125,7.236479166666666,6.058645833333333,8.099645833333334,10.162354166666667,17.52875,72.45333333333333,73.86791666666666,999.0208333333334,1004.0416666666666
695,10.589854166666667,10.254166666666666,10.290270833333333,9.764958333333334,1.0160833333333332,1.129625,1.0054791666666667,1.0513958333333333,13.263333333333334,13.058750000000002,12.906541666666667,12.5576875,222.07708333333335,5.211416666666667,222.81875,5.518395833333333,242.4416666666667,6.891625,8.2536875,10.941729166666667,13.66125,14.944583333333334,68.70916666666666,70.72020833333333,996.8958333333334,1001.6875
696,10.4761875,10.5486875,10.283041666666668,10.182812499999999,1.1333541666666667,1.2038333333333333,1.1264583333333333,1.15475,13.3775,13.551375,13.304354166666668,13.36725,248.14166666666665,5.795125,248.23125000000002,5.803708333333334,263.91041666666666,8.439895833333333,7.792375,10.769916666666667,13.78675,14.365,71.59958333333334,73.611875,1002.9166666666666,1007.7708333333334
697,5.156,5.043958333333333,5.221020833333333,5.0741875,0.47952083333333334,0.5337916666666667,0.47631249999999997,0.49885416666666665,6.355229166666667,6.315041666666667,6.424916666666667,6.3141875,195.71562500000002,5.8546249999999995,197.301875,5.304708333333333,214.88750000000002,6.25425,3.5457708333333335,5.30575,7.187729166666667,14.77625,72.89979166666667,78.54083333333334,1012.6875,1017.5625
698,3.0564583333333335,3.0338541666666665,3.0766458333333335,2.7997916666666662,0.35864583333333333,0.35237500000000005,0.348625,0.3826041666666667,3.9159375,3.9005833333333335,3.9330208333333334,3.675104166666667,169.05916666666667,9.2495,167.11583333333334,8.183895833333333,178.83020833333333,8.682166666666665,2.052020833333333,3.2432083333333335,5.093729166666667,14.956041666666666,79.64333333333333,85.204375,1013.9166666666666,1018.9375
699,3.8818750000000004,3.8089791666666666,4.125041666666667,3.5756875000000004,0.31372916666666667,0.30833333333333335,0.28910416666666666,0.3191041666666667,4.636083333333334,4.5511875,4.7794791666666665,4.32775,112.95437500000001,4.045729166666667,114.50729166666667,4.1667708333333335,124.49,4.605666666666667,2.421125,4.176916666666666,6.5514375,17.046041666666667,91.37458333333332,94.48541666666667,1011.2291666666666,1016.3125
700,5.550583333333333,5.379104166666667,5.544270833333333,5.14325,0.48658333333333337,0.5239375000000001,0.46854166666666663,0.48891666666666667,6.82125,6.74475,6.7593749999999995,6.345458333333333,173.43979166666668,7.851187499999999,172.34020833333332,5.966666666666666,184.823125,6.894416666666667,4.183166666666667,5.792104166666667,7.6803333333333335,16.739791666666665,85.39895833333333,88.46020833333334,1004.5416666666666,1009.625
701,7.647916666666667,7.464166666666667,7.347604166666667,6.888708333333334,0.6315416666666667,0.7141041666666667,0.6242916666666667,0.6599166666666667,9.2324375,9.179020833333334,8.903270833333334,8.547979166666666,226.525,4.2820833333333335,227.95416666666665,4.659895833333334,249.725,5.914666666666666,6.104208333333333,7.932416666666666,9.782854166666667,15.665833333333333,77.93625,80.34166666666667,1005.6041666666666,1010.6041666666666
702,6.202270833333333,6.085041666666666,5.968812499999999,5.368833333333334,0.5539166666666667,0.5992708333333333,0.5496666666666666,0.5971666666666667,7.470458333333333,7.435479166666667,7.229020833333333,6.783541666666667,217.03958333333333,5.038020833333333,217.83124999999998,5.241708333333333,236.88750000000002,6.374875,4.982375,6.544395833333333,8.114541666666666,16.167291666666667,76.81541666666666,78.96875,1008.1875,1013.2291666666666
703,4.415595744680851,4.403446808510638,4.353382978723404,3.9844680851063834,0.44172340425531914,0.45770212765957446,0.44357446808510637,0.4477659574468085,5.534893617021276,5.540425531914893,5.438510638297872,5.128957446808511,216.75446808510637,9.812212765957446,206.734914893617,6.7627021276595745,209.61297872340424,7.5,3.396659574468085,4.6744468085106385,6.5025957446808516,16.16,74.24255319148936,78.7959574468085,1008.3617021276596,1013.3829787234042
704,5.610659574468086,5.457829787234042,5.429255319148936,5.047404255319149,0.4789148936170213,0.5356808510638298,0.4792340425531915,0.48414893617021276,6.731978723404255,6.683702127659575,6.561765957446809,6.193808510638298,225.7340425531915,4.092659574468085,227.18723404255317,4.336893617021277,249.60425531914893,5.139170212765958,4.482127659574468,5.835893617021276,7.200234042553191,16.922553191489364,73.36489361702128,76.40191489361702,1010.1276595744681,1015.1276595744681
705,8.770375,8.600291666666667,8.501333333333333,7.913354166666667,0.7572916666666667,0.8317708333333332,0.7457083333333333,0.786625,10.669333333333334,10.666083333333333,10.422208333333334,9.921875,222.71041666666667,4.812625,223.97916666666666,5.2450625,244.35,6.5159375,7.1043125,9.135791666666666,11.197416666666667,17.724166666666665,78.0425,79.79854166666667,1006.8958333333334,1011.8125
706,4.828729166666666,4.828458333333333,4.718875,4.608416666666667,0.4454166666666666,0.47679166666666667,0.4453125,0.49675,5.848416666666666,5.933958333333333,5.805854166666666,5.8041875,254.04583333333335,6.644208333333332,253.32708333333335,6.772520833333334,262.230125,9.204812500000001,3.6356249999999997,4.9731875,6.3498125,13.858541666666667,78.29833333333333,79.21958333333333,1005.9375,1010.9375
707,3.8778936170212766,3.7795319148936173,3.8377021276595746,3.770021276595745,0.3537659574468085,0.3856170212765957,0.3569148936170212,0.3840638297872341,4.795297872340425,4.752702127659575,4.684914893617021,4.671106382978723,210.62170212765957,7.408595744680851,210.96829787234043,7.040468085106383,221.0659574468085,8.56995744680851,2.6377021276595745,3.9642765957446806,5.439595744680851,13.352553191489363,74.24978723404254,79.28702127659575,1005.2553191489362,1010.2553191489362
708,4.4535625,4.3858125,4.39225,4.243166666666666,0.3539375,0.383,0.3589166666666667,0.38214583333333335,5.231229166666666,5.210041666666666,5.1756874999999996,5.101895833333333,214.07354166666667,5.634354166666667,206.41666666666666,5.5253958333333335,225.3685416666667,7.036375,3.245791666666667,4.580145833333334,6.0078125,13.285416666666668,76.62666666666667,79.41958333333334,1008.6875,1013.6458333333334
709,3.8705833333333337,3.8057083333333335,3.761645833333333,3.5995000000000004,0.2537291666666667,0.2639375,0.28458333333333335,0.38208333333333333,4.4555625,4.406645833333333,4.436645833333333,4.4741875,178.08085416666665,4.199145833333334,178.52477083333335,4.591520833333333,161.0665625,6.9589583333333325,2.755333333333333,3.9899791666666666,5.327770833333333,12.590625000000001,87.52291666666667,87.33333333333333,1015.1875,1020.1666666666666
710,4.500914893617021,4.449744680851064,4.449787234042553,4.292212765957447,0.33674468085106385,0.35417021276595745,0.3614255319148937,0.39514893617021274,5.269234042553191,5.23736170212766,5.28536170212766,5.219361702127659,166.63659574468085,5.49368085106383,161.5044680851064,5.007404255319149,180.81297872340423,7.256127659574468,3.3225744680851066,4.622212765957447,6.063085106382978,13.14191489361702,81.70744680851064,84.70340425531914,1013.7659574468086,1018.7446808510638
711,7.416489361702127,7.398893617021276,7.180659574468085,6.430297872340425,0.7750425531914894,0.7717659574468085,0.7628297872340426,0.7893829787234042,9.421404255319148,9.409489361702127,9.177,8.503595744680851,151.35106382978722,6.675297872340426,150.79574468085104,5.956723404255319,161.7872340425532,7.061468085106383,5.544148936170212,7.863085106382979,10.251617021276596,15.06255319148936,73.72808510638298,75.41553191489362,1004.3191489361702,1009.3829787234042
712,5.820479166666666,5.792645833333334,5.533479166666666,4.878666666666667,0.6167708333333334,0.6164583333333333,0.606,0.6408125,7.4594375,7.409041666666667,7.1355208333333335,6.571104166666667,187.29166666666666,6.257833333333333,187.4333333333333,6.414541666666666,203.2541666666667,8.006020833333332,4.440416666666667,6.201229166666667,8.0145,16.0725,88.52083333333333,88.19145833333333,1001.9791666666666,1007.0416666666666
713,6.4951875,6.435791666666667,6.089583333333334,5.3737708333333325,0.5705416666666666,0.5911458333333334,0.5543333333333333,0.5575,7.951354166666667,7.882916666666667,7.457166666666667,6.8418125,220.69375,4.729041666666666,220.50208333333333,4.595645833333333,236.9729166666667,6.215208333333333,5.093895833333334,6.910770833333333,8.746708333333332,16.23604166666667,86.58854166666667,88.47041666666667,1002.375,1007.375
714,7.751333333333334,7.588020833333334,7.5444375,7.3940625,0.6527083333333333,0.7717291666666667,0.6486875,0.6712083333333334,9.392583333333333,9.446895833333334,9.143895833333334,9.162125,247.11041666666665,4.5796874999999995,246.94375,4.6633125,263.54583333333335,7.0220625000000005,5.928958333333333,7.950145833333333,9.987499999999999,13.853125,76.60145833333333,79.07791666666667,1007.375,1012.3125
715,7.9141875,7.928249999999999,7.593166666666666,6.9780625,0.755375,0.7560833333333333,0.7427083333333333,0.8196875,9.921,9.907729166666668,9.615333333333334,9.112916666666667,213.51250000000002,4.785,214.50625,5.029125,235.48958333333334,6.3877291666666665,6.168708333333334,8.302291666666667,10.4525,14.078958333333333,86.096875,86.525625,1000.7083333333334,1005.6041666666666
716,8.08227659574468,7.8054893617021275,7.835829787234043,7.622914893617021,0.6768936170212766,0.8154680851063829,0.6798723404255319,0.687404255319149,9.877148936170213,9.796404255319148,9.626489361702127,9.44359574468085,238.14255319148938,4.742659574468085,238.8531914893617,4.978297872340425,258.2808510638298,6.629893617021277,6.208382978723404,8.272574468085105,10.352978723404254,13.785531914893616,77.20574468085107,79.05170212765957,987.063829787234,991.8936170212766
717,5.637282608695652,5.57654347826087,5.46454347826087,4.968652173913044,0.39191304347826084,0.4060652173913043,0.40752173913043477,0.5861739130434782,6.542347826086956,6.497586956521739,6.40145652173913,6.254173913043479,268.9359347826087,4.839217391304348,267.94763043478264,4.9298913043478265,190.79960869565215,8.85845652173913,4.299956521739131,5.920999999999999,7.5627391304347835,12.106521739130434,90.37608695652175,89.9391304347826,988.1739130434783,992.8913043478261
718,9.801854166666667,9.804729166666666,9.339145833333333,8.433666666666666,1.013125,0.9942708333333333,0.9928750000000001,1.1096875,12.303541666666668,12.276145833333333,11.831916666666666,11.170604166666665,207.85416666666666,5.211416666666667,208.73541666666665,5.725583333333333,228.97916666666666,7.530874999999999,7.488229166666667,10.342812499999999,13.235708333333333,12.998333333333333,82.39770833333334,82.94458333333334,983.1666666666666,987.9375
719,9.406291666666666,9.493812499999999,9.1413125,8.781833333333333,0.9584791666666667,0.9843125,0.9274583333333334,0.9654583333333333,11.864375,11.971666666666666,11.490625,11.245208333333332,245.4104166666667,5.558041666666667,244.9125,5.753020833333333,259.95,8.129583333333334,7.184083333333334,9.780645833333333,12.419166666666667,13.286041666666668,77.81083333333333,79.07041666666667,978.2708333333334,983.0833333333334
720,8.590375,8.607125,8.44125,8.394,0.8791458333333333,0.9085416666666667,0.8628958333333333,0.8746041666666667,10.943354166666666,11.038125,10.655520833333334,10.714333333333334,226.8166666666667,5.967833333333334,227.0041666666667,5.924791666666667,241.54375000000002,8.333416666666666,6.335312500000001,8.799979166666667,11.316958333333334,12.796458333333334,74.04854166666667,76.01604166666667,990.3125,994.9583333333334
721,9.243979166666668,9.4266875,9.120479166666668,9.048145833333333,0.9346666666666666,0.9514374999999999,0.9187500000000001,0.9651041666666668,11.514541666666666,11.748041666666667,11.404041666666666,11.565375000000001,257.2214583333333,5.5700625,256.3,5.429479166666667,268.5708333333333,9.0339375,6.87625,9.523083333333334,12.214270833333332,11.269583333333335,80.66145833333333,81.60333333333334,984.5625,989.375
722,6.945270833333333,7.007708333333333,6.674875,6.416625,0.6659791666666667,0.6731666666666666,0.6420416666666667,0.7006875,8.677020833333334,8.717125000000001,8.384416666666667,8.140166666666667,267.1804583333333,6.9113541666666665,264.58660416666663,6.898020833333334,254.80293749999998,10.958374999999998,4.835791666666666,7.213416666666666,9.713875,10.985833333333334,82.07375,83.10854166666667,998.0625,1002.9583333333334
723,7.574645833333334,7.614770833333334,7.4264375,6.978083333333333,0.7008958333333334,0.7064791666666667,0.6651875,0.8393541666666667,9.40125,9.4643125,9.193791666666668,9.028625,302.2576666666667,6.392395833333333,300.56625,5.843062499999999,306.68958333333336,11.1213125,5.688354166666667,7.915500000000001,10.239062500000001,11.384166666666667,83.84208333333333,84.08729166666667,1005.0208333333334,1009.7708333333334
724,10.38723404255319,10.353829787234043,10.17627659574468,8.738787234042553,0.7197234042553191,0.7125106382978723,0.7416382978723404,1.2534042553191491,12.093404255319149,11.980212765957448,11.91468085106383,11.290617021276596,335.82978723404256,4.7276808510638295,334.26382978723404,4.224234042553192,287.06659574468085,15.766553191489361,8.183446808510638,11.132765957446809,14.090425531914894,11.016170212765957,90.8127659574468,90.17659574468085,1005.1063829787234,1010.0212765957447
725,9.619148936170212,9.489574468085106,9.075531914893617,7.025574468085106,0.5342127659574468,0.5223829787234042,0.574063829787234,1.2109787234042553,10.879148936170212,10.731063829787235,10.48468085106383,9.466978723404255,331.7855531914894,5.617744680851064,337.48653191489365,5.133042553191489,189.77887234042552,15.679148936170211,7.819936170212766,10.580851063829787,13.344680851063831,12.330851063829787,96.23617021276597,95.21489361702129,1008.8297872340426,1013.4468085106383
726,7.0265208333333335,7.038729166666666,6.925125,6.191020833333333,0.4797291666666667,0.4750208333333333,0.4947708333333333,0.8600625000000001,8.201145833333333,8.221833333333334,8.122562499999999,7.983270833333333,324.8229166666667,5.0665000000000004,322.02500000000003,4.6146875,327.2914583333333,14.121708333333332,5.374958333333333,7.453791666666667,9.565791666666668,10.950000000000001,89.06916666666666,88.64375,1011.4791666666666,1016.3333333333334
727,4.5225625,4.431895833333333,4.455979166666666,4.288479166666667,0.38277083333333334,0.4297916666666666,0.37622916666666667,0.3876041666666667,5.500958333333333,5.474916666666666,5.425020833333334,5.271041666666666,240.9645833333333,6.0894375,239.79791666666665,5.425729166666667,258.79791666666665,6.560729166666667,3.4061875,4.669770833333334,6.029708333333333,11.173104166666667,79.76229166666667,81.95770833333333,1012.2708333333334,1017.375
728,6.9385625,6.9646875,6.444125,5.6351875,0.6657291666666666,0.645875,0.6431458333333333,0.706,8.592354166666667,8.6029375,8.07325,7.366604166666666,202.91458333333333,4.689375,204.57500000000002,5.303145833333333,226.50625,7.038833333333333,5.157916666666667,7.397458333333333,9.670833333333333,14.346458333333333,83.22708333333334,84.50458333333333,1006.3125,1011.4166666666666
729,8.0383125,8.028145833333333,7.519416666666667,6.527208333333333,0.8498749999999999,0.851125,0.8599166666666668,0.9134583333333334,10.214479166666667,10.184270833333334,9.746020833333334,8.855041666666667,210.51458333333335,5.2530624999999995,210.08541666666667,5.535666666666667,226.375,7.427666666666667,6.01725,8.613145833333332,11.287041666666667,14.520208333333334,84.43354166666667,85.23333333333333,1003.9791666666666,1009.1041666666666
730,6.2651875,6.276125,5.8144583333333335,5.159604166666667,0.6515624999999999,0.6371041666666667,0.6395416666666667,0.68825,7.881458333333334,7.878479166666666,7.470416666666666,6.920145833333333,194.49791666666667,5.891479166666667,197.5625,6.2383125,217.61666666666667,7.844541666666667,4.367770833333333,6.655229166666667,9.077291666666666,12.204374999999999,79.99041666666666,81.454375,1010.7291666666666,1015.9583333333334
731,6.337659574468085,6.321893617021277,5.856808510638298,4.9600638297872335,0.6566382978723405,0.6418723404255319,0.6387872340425532,0.6807234042553192,8.010829787234043,7.917744680851064,7.470382978723404,6.6318936170212766,175.0191489361702,5.480893617021276,175.04468085106384,5.7659361702127665,189.16382978723405,7.140148936170212,4.732744680851064,6.828872340425532,8.99768085106383,14.829148936170213,84.32787234042553,84.05893617021276,1011.5957446808511,1016.8723404255319
732,7.107729166666666,7.045437499999999,6.896625,6.258666666666667,0.7314166666666666,0.7132291666666667,0.7171249999999999,0.7464791666666667,9.014541666666666,8.869395833333334,8.729520833333334,8.242625,141.80833333333334,6.624145833333333,142.10625000000002,6.191729166666666,155.15208333333334,7.138541666666666,5.290229166666667,7.487979166666666,9.7689375,15.208333333333334,78.06979166666666,79.25645833333333,1011.8958333333334,1017.1458333333334
733,4.76175,4.6582083333333335,5.103083333333333,4.640875,0.2900416666666667,0.28941666666666666,0.2846458333333333,0.3527708333333333,5.519312500000001,5.4113125,5.7898125,5.473916666666667,106.64375,6.473354166666667,107.46249999999999,3.328875,117.4875,3.445895833333333,2.9172708333333333,5.0099583333333335,7.4299375,14.5875,91.925,95.97083333333335,1014.4166666666666,1019.4583333333334
734,4.120458333333334,4.045875,4.048145833333334,3.701458333333333,0.37377083333333333,0.3647916666666667,0.35935416666666664,0.3951875,4.974375,4.878770833333333,4.9010625,4.600583333333334,106.03083333333332,7.135541666666668,106.45770833333334,5.954416666666667,119.56416666666667,6.534333333333333,2.8668333333333336,4.303333333333334,5.8544583333333335,12.981875,95.925,97.35208333333333,1016.5625,1021.6041666666666
735,7.684541666666667,7.544333333333333,7.5428749999999996,6.7631875,0.555,0.5438125,0.5337916666666667,0.572,9.1638125,8.996062499999999,8.908541666666666,8.2588125,119.45,4.654416666666667,120.28750000000001,4.117,132.23541666666668,4.64175,6.069500000000001,8.077395833333332,10.101979166666666,14.348958333333334,88.030625,91.24791666666665,1011.9166666666666,1017.0833333333334
736,4.121833333333333,4.097625,3.838645833333333,3.2579999999999996,0.4565416666666667,0.4624791666666667,0.44275,0.4700625,5.400854166666666,5.3419375,4.9908125,4.472104166666667,179.94583333333333,10.297666666666666,178.0895833333333,7.908729166666667,182.27291666666667,9.664979166666667,3.0663750000000003,4.451645833333333,6.1661874999999995,15.235,82.69583333333334,85.17937500000001,1008.5208333333334,1013.7916666666666
737,6.6204375,6.580395833333333,6.258583333333333,5.4863125,0.6670416666666666,0.6744166666666667,0.630625,0.6756875,8.450083333333334,8.421958333333334,7.991395833333333,7.257208333333334,196.76666666666665,6.183333333333334,196.1208333333333,5.972666666666666,212.45000000000002,7.64875,5.0944375,7.062708333333333,9.080604166666667,13.872916666666667,80.73104166666667,82.2475,1004.875,1010.0
738,4.590022222222222,4.608955555555555,4.335888888888889,3.9305555555555554,0.5612,0.5651333333333334,0.5428222222222222,0.5478888888888889,5.937088888888889,5.962711111111111,5.6604222222222225,5.269488888888889,212.61111111111111,9.601288888888888,214.4622222222222,9.5482,230.94444444444446,10.895266666666666,3.405644444444444,4.8644,6.582222222222222,11.562222222222221,83.48422222222221,83.96977777777778,1005.4222222222222,1010.5555555555555
739,9.085191489361703,8.932893617021277,8.663936170212766,7.794404255319149,1.0160851063829788,1.0227872340425532,1.0073191489361701,1.0611702127659575,11.76,11.607936170212765,11.247000000000002,10.694872340425531,176.87829787234043,5.625659574468085,177.4985106382979,5.6648297872340425,194.06382978723406,7.114914893617022,6.878382978723404,9.582659574468085,12.358893617021275,14.660212765957446,87.61893617021276,87.58574468085106,996.4042553191489,1001.468085106383
740,14.578125,13.893749999999999,14.211458333333333,13.890208333333334,1.4683958333333333,1.7083125,1.4338125000000002,1.4504166666666667,18.556041666666665,18.328541666666666,18.056458333333335,17.961041666666667,245.29166666666666,5.040958333333333,245.88958333333335,5.321625,263.4145833333333,7.678520833333334,11.0535625,14.888125,18.756041666666665,13.203333333333333,73.864375,75.868125,995.9166666666666,1000.5833333333334
741,9.8660625,10.0004375,9.587354166666666,9.493020833333334,1.0945,1.1158333333333335,1.05675,1.0265625,12.756645833333332,12.86325,12.284166666666666,12.265666666666668,261.77500000000003,5.8077499999999995,261.11875000000003,5.8127708333333326,274.65833333333336,8.305854166666666,7.099833333333334,10.1775625,13.316520833333334,11.707083333333335,70.15291666666667,72.44562499999999,1009.8541666666666,1014.8333333333334
742,9.497875,9.03475,9.191229166666666,8.831104166666668,0.957125,1.063,0.9311666666666666,0.9421041666666666,11.9960625,11.810708333333332,11.678166666666668,11.286375,232.93541666666667,5.791875,234.50833333333333,6.0406249999999995,254.88750000000002,7.572041666666667,7.242125000000001,9.7481875,12.353645833333333,11.949791666666668,82.37208333333334,83.1375,1005.7708333333334,1010.5416666666666
743,10.707958333333332,10.88575,10.380625,9.951375,1.0458958333333335,1.065,1.0092291666666666,1.0374999999999999,13.372250000000001,13.573749999999999,12.938749999999999,12.737562500000001,281.92083333333335,5.855583333333333,279.8833333333333,5.895145833333333,290.85625,9.550541666666666,7.941333333333333,11.172645833333334,14.46875,11.47125,75.730625,77.56541666666666,1005.5208333333334,1010.7916666666666
744,6.679604166666667,6.720624999999999,6.402520833333334,6.16575,0.7060833333333334,0.7129583333333334,0.667625,0.7131249999999999,8.555520833333334,8.57625,8.2471875,8.014645833333333,261.5366666666667,7.683479166666667,261.3497916666667,7.8960625,254.55689583333333,9.654145833333333,4.664270833333333,6.937375,9.406708333333333,10.084,74.09729166666666,75.74791666666667,1015.6666666666666,1020.6666666666666
745,8.185416666666667,8.269520833333333,7.913520833333333,7.6349583333333335,0.8549166666666667,0.8756666666666667,0.8251041666666666,0.8316041666666667,10.442479166666667,10.519916666666667,10.016541666666667,9.871604166666666,249.45833333333334,5.8666875,248.48958333333334,5.688520833333333,263.16041666666666,7.547666666666667,6.024458333333333,8.507458333333334,11.064375,13.241875,82.58395833333333,83.391875,1004.8541666666666,1009.7916666666666
746,3.5491041666666665,3.4596666666666667,3.4703541666666666,3.0676875,0.27239583333333334,0.3099166666666667,0.27495833333333336,0.2918541666666667,4.2306875,4.205979166666666,4.136333333333334,3.831958333333333,196.6138125,6.006041666666667,194.56916666666666,5.350750000000001,201.34472916666667,6.1311875,2.542333333333333,3.7744166666666668,5.078854166666667,12.753749999999998,80.05479166666667,84.42520833333333,1010.9583333333334,1016.0
747,6.579083333333333,6.526083333333333,6.397875,5.961666666666667,0.5618333333333333,0.582,0.5549166666666666,0.6269375,8.0345,8.059,7.741291666666666,7.488979166666667,221.91458333333333,4.512625,222.29166666666666,4.742604166666667,241.68541666666667,6.176708333333333,5.2866875,6.869958333333333,8.461166666666667,13.437708333333333,83.621875,84.83145833333333,1008.0416666666666,1013.0833333333334
748,8.741666666666667,8.6505,8.436708333333334,7.9199166666666665,0.78125,0.8206666666666665,0.7540833333333333,0.7833958333333334,10.7975,10.779666666666666,10.4326875,9.939770833333332,223.91875000000002,4.730083333333334,224.71875,5.137458333333334,244.92708333333334,6.345229166666667,6.871895833333333,9.092208333333334,11.341395833333332,13.799166666666666,79.983125,81.03604166666666,1000.3125,1005.2291666666666
749,11.734729166666668,11.652854166666666,11.281687499999999,10.518895833333334,1.1998333333333333,1.2130625,1.140875,1.2086875000000001,14.947291666666667,14.85725,14.418479166666666,13.76325,221.89791666666667,4.8384583333333335,222.75833333333333,5.171854166666667,242.3395833333333,6.9316458333333335,9.1171875,12.2425625,15.395416666666668,13.769583333333335,83.72041666666667,84.25395833333333,993.5625,998.4791666666666
750,9.5379375,9.469541666666666,9.131916666666667,8.605083333333333,0.9572916666666668,0.9852708333333333,0.9251874999999999,0.9573958333333333,11.978895833333333,11.929729166666666,11.518833333333333,11.105395833333333,219.32708333333335,5.275645833333333,219.79375000000002,5.566395833333334,239.7145833333333,6.89225,7.309291666666667,9.9015,12.556624999999999,12.009791666666667,73.61687500000001,75.20166666666667,1005.7916666666666,1010.6875
751,12.878541666666665,12.969999999999999,12.413145833333333,11.336500000000001,1.1913125,1.1521875,1.1705416666666666,1.2872708333333334,16.031875,15.994583333333333,15.431875,14.690416666666666,212.86875,4.6975625,214.25833333333333,5.1439375,235.25,6.424375,10.331333333333333,13.545416666666666,16.774583333333332,17.275833333333335,84.806875,83.55020833333333,1004.3958333333334,1009.3125
752,9.477934782608695,9.337565217391305,9.123326086956522,8.368608695652174,0.8986739130434782,0.9311956521739131,0.8665217391304347,0.9127826086956522,11.738478260869567,11.644304347826088,11.326804347826087,10.754565217391304,217.80217391304348,4.963413043478261,218.48695652173913,5.3157826086956526,238.1195652173913,6.490804347826087,7.676826086956522,9.933065217391304,12.211521739130434,17.011304347826087,85.81978260869565,87.27391304347826,1009.804347826087,1014.8478260869565
753,10.162666666666667,10.162645833333334,9.682604166666666,8.589645833333334,0.8617291666666667,0.8600625000000001,0.8299791666666666,0.9662083333333333,12.306145833333334,12.253395833333334,11.833625,11.110583333333333,210.09583333333333,4.618250000000001,210.94375,5.005416666666666,230.76874999999998,6.670979166666666,8.248145833333334,10.788499999999999,13.345083333333333,15.517708333333333,81.45375,86.41875,1005.8958333333334,1010.9583333333334
754,9.855666666666666,9.855354166666666,9.405624999999999,8.202625,1.0965416666666667,1.0680208333333334,1.0680208333333334,1.1727291666666666,12.5528125,12.474229166666667,12.037416666666667,11.081729166666667,171.341875,6.4221875,172.15979166666668,6.4908125000000005,187.668125,8.072229166666666,7.6314166666666665,10.520458333333334,13.463958333333332,15.502291666666666,77.28416666666666,86.7,1001.3541666666666,1006.4166666666666
755,14.809083333333334,14.38375,14.374291666666666,13.546395833333333,1.4586041666666667,1.618625,1.47575,1.4956666666666667,18.535,18.3445625,18.1293125,17.391833333333334,228.32291666666666,4.475145833333333,229.0354166666667,4.849708333333333,251.27916666666667,6.4584375,11.858041666666667,15.313249999999998,18.790291666666665,12.373541666666666,75.17395833333333,86.7,1002.125,1006.7291666666666
756,3.686541666666667,3.6188333333333333,3.7368333333333332,3.749333333333333,0.3550625,0.35952083333333335,0.36566666666666664,0.3779166666666667,4.5532916666666665,4.4750625,4.605854166666666,4.6496458333333335,161.09541666666667,7.326854166666666,164.71104166666666,6.2497291666666674,182.14645833333336,6.9795625,2.6472083333333334,3.7363750000000002,5.309729166666666,10.302916666666667,91.4375,86.7,1005.9166666666666,1010.9791666666666
757,5.091562499999999,5.060854166666666,4.844270833333334,4.3095,0.5052083333333334,0.5066875000000001,0.5080625,0.536,6.345979166666667,6.341270833333333,6.0925625,5.6669374999999995,157.20854166666666,6.433229166666667,158.115,6.7058125,173.05625,7.8208125,3.8000416666666665,5.398104166666666,7.0769375,12.791458333333333,94.51041666666667,86.7,995.3958333333334,1000.625
758,4.814166666666667,4.7824583333333335,4.6571875,4.183583333333334,0.49004166666666665,0.48491666666666666,0.4661041666666667,0.4812708333333333,6.087020833333334,6.0073125,5.814958333333333,5.3629999999999995,184.6725,7.3812291666666665,181.935625,7.0118125000000004,187.67291666666665,8.97275,3.6450416666666663,5.09825,6.754333333333332,13.220416666666667,87.78229166666667,86.7,992.4375,997.4791666666666
759,10.194042553191489,10.14487234042553,9.71540425531915,8.871553191489362,1.3717872340425532,1.4021702127659574,1.3268936170212766,1.283404255319149,13.864446808510639,13.843638297872339,13.25131914893617,12.494553191489363,180.0212765957447,7.265808510638298,179.78936170212768,7.131063829787235,192.6404255319149,8.557872340425533,7.36568085106383,10.763553191489361,14.31848936170213,12.60468085106383,83.87489361702127,86.7,984.6382978723404,989.8936170212766
760,12.092979166666666,12.137833333333333,11.772625,11.698791666666667,1.2361250000000001,1.3090833333333334,1.184375,1.1763333333333332,15.452520833333333,15.559958333333334,15.053312499999999,14.957958333333332,259.40833333333336,5.176520833333334,258.59791666666666,5.2756875,271.96666666666664,8.757541666666667,8.741854166666666,12.4276875,16.182895833333333,10.851458333333333,80.55125,86.7,996.3958333333334,1001.125
761,6.031,6.0105625,5.609895833333333,4.842625,0.5630625,0.5766041666666667,0.5616875,0.6233541666666667,7.404604166666666,7.420604166666667,7.027375,6.402166666666666,202.15625,5.363833333333333,201.4125,5.828520833333333,217.84375,7.5412083333333335,4.594875,6.460333333333334,8.409583333333334,12.08,86.395625,86.7,1005.9791666666666,1011.0416666666666
762,7.915229166666666,7.799479166666667,7.524770833333334,6.745041666666666,0.7781250000000001,0.8202916666666668,0.7654375,0.8119166666666667,9.962729166666668,9.907541666666667,9.585270833333334,8.957958333333334,211.5270833333333,5.4457916666666675,211.05625,5.778645833333333,228.52916666666667,7.695541666666667,6.155083333333334,8.376791666666668,10.652145833333334,13.960833333333333,83.811875,86.7,1003.1458333333334,1008.3125
763,7.631458333333334,7.329875,7.349854166666667,7.030874999999999,0.6580208333333334,0.75875,0.6428333333333334,0.6647083333333333,9.2184375,9.147916666666667,8.9105,8.693895833333334,227.375,4.403083333333334,227.95208333333335,4.860854166666667,248.2229166666667,6.346520833333333,5.914729166666667,7.843770833333333,9.787208333333334,12.087916666666667,81.21062500000001,86.7,1008.0416666666666,1013.0625
764,6.773020833333334,6.7054374999999995,6.345791666666667,5.928791666666666,0.48825,0.5281875,0.4619166666666667,0.45747916666666666,8.063604166666666,8.050229166666666,7.652333333333334,7.113666666666667,247.05208333333334,4.067395833333333,246.30208333333334,4.267979166666667,263.21666666666664,5.753729166666666,5.035645833333334,7.0596041666666665,9.116020833333334,11.639166666666666,80.27770833333334,86.7,1015.5416666666666,1020.5416666666666
765,5.654645833333333,5.65625,5.436833333333333,5.406770833333333,0.5650625,0.587875,0.5304791666666667,0.5380833333333334,7.183979166666667,7.198520833333333,6.9059375,6.9056041666666665,273.69625,7.203416666666667,264.4370833333333,7.2445208333333335,277.855,8.6215625,3.8084791666666664,5.795604166666667,7.880020833333333,9.650395833333333,78.05458333333333,86.7,1023.9583333333334,1029.125
766,12.028489361702128,12.14059574468085,11.677765957446809,11.359255319148936,1.2316595744680852,1.2883191489361703,1.2152127659574468,1.2183404255319148,15.36308510638298,15.535936170212766,14.881702127659576,14.688595744680851,247.44893617021276,5.025191489361702,246.92978723404258,5.156404255319149,263.3914893617021,7.231489361702128,9.045872340425532,12.43223404255319,15.870851063829788,12.790851063829786,82.68893617021277,86.7,1011.1914893617021,1016.0425531914893
767,11.084166666666667,11.1514375,10.9165625,9.9569375,0.9530625,0.9522708333333334,0.9552083333333333,1.3265208333333334,13.462604166666667,13.494208333333333,13.302999999999999,12.997375,321.70208333333335,5.461749999999999,319.87708333333336,5.203229166666667,311.03454166666666,13.0465,8.729895833333334,11.6818125,14.650020833333334,9.149375000000001,74.75729166666666,86.7,1016.6875,1021.5416666666666
768,5.922583333333333,5.932708333333333,5.880291666666667,5.780625000000001,0.48060416666666667,0.498,0.4694583333333333,0.5735416666666667,7.109541666666666,7.159041666666667,7.025770833333333,7.058,237.54375000000002,5.102270833333333,236.63750000000002,5.217604166666667,255.13125,7.437791666666667,4.4180625000000004,6.076666666666667,7.785145833333334,6.819416666666666,80.15708333333333,86.7,1021.75,1026.7708333333333
769,8.902208333333332,8.695770833333333,8.518770833333333,8.032020833333332,0.7007916666666666,0.7492708333333332,0.68,0.7014166666666667,10.739875,10.602708333333334,10.246,9.903958333333334,223.57500000000002,4.031125,224.80625,4.371833333333334,246.6833333333333,5.4169374999999995,6.952125,9.2103125,11.485083333333334,11.834583333333333,89.58125,86.7,1012.25,1017.625
770,9.230208333333334,8.945124999999999,8.84575,8.309,0.7342083333333332,0.8295625000000001,0.7134583333333334,0.7576041666666667,10.991666666666667,10.912958333333334,10.590125,10.361395833333333,228.63750000000002,4.226875000000001,229.2541666666667,4.677854166666667,250.00208333333333,5.856020833333333,7.351208333333333,9.5520625,11.766895833333335,12.212291666666665,78.90458333333333,86.7,1007.0208333333334,1012.1458333333334
771,5.4837291666666665,5.496541666666666,5.396916666666667,4.956395833333334,0.4368541666666667,0.43993750000000004,0.4336041666666666,0.6661458333333333,6.531541666666667,6.56025,6.4658541666666665,6.385416666666667,303.7375,5.3691458333333335,301.23541666666665,5.299708333333333,277.6455416666667,11.71925,4.1392291666666665,5.773666666666667,7.451333333333333,9.112520833333333,87.59583333333335,86.7,1007.9166666666666,1012.9583333333334
772,5.5526875,5.513104166666667,5.3529583333333335,5.083541666666666,0.5310208333333334,0.5554791666666666,0.52575,0.5599166666666667,6.901958333333333,6.902979166666667,6.750541666666667,6.487854166666666,217.8395833333333,5.813083333333334,221.5354166666667,5.9294375,242.85625000000002,7.5752291666666665,4.083083333333334,5.7535,7.503374999999999,8.836541666666667,85.62166666666667,86.7,1003.3125,1008.4375
773,5.4661914893617025,5.4345531914893614,5.24504255319149,5.049702127659574,0.5338085106382978,0.5633191489361702,0.5202765957446809,0.5455106382978723,6.7913404255319145,6.819574468085106,6.494382978723404,6.469808510638298,237.46382978723403,5.129723404255319,236.9851063829787,5.456510638297873,253.25744680851065,7.970510638297871,3.950148936170213,5.655,7.417638297872341,8.749170212765957,84.81936170212767,86.7,995.1276595744681,1000.2127659574468
774,7.628895833333334,7.6571875,7.313958333333333,7.217666666666666,0.685,0.7053541666666666,0.6589791666666667,0.6654375,9.421125,9.483854166666667,9.083270833333334,8.931229166666666,279.375,5.5800833333333335,274.76458333333335,5.7448958333333335,286.04583333333335,8.973479166666666,5.268354166666667,7.833395833333333,10.542125,5.912916666666667,77.27312500000001,86.7,1005.2708333333334,1010.2083333333334
775,7.354083333333333,7.362520833333334,6.9708125,6.383770833333333,0.7274583333333333,0.7154166666666666,0.7145,0.7566666666666667,9.176208333333333,9.177041666666666,8.75325,8.373458333333334,204.8125,5.260083333333333,206.6208333333333,5.548354166666667,226.03333333333333,7.4725624999999996,5.263645833333333,7.736145833333333,10.298854166666667,6.019166666666667,82.99145833333334,86.7,1012.9375,1018.0833333333334
776,8.944458333333333,9.02275,8.4940625,7.627291666666667,1.038875,1.0028958333333333,1.0148541666666666,1.0881458333333334,11.715145833333333,11.743020833333333,11.202062499999998,10.549229166666667,240.2458333333333,6.554666666666667,238.93125,6.6805208333333335,252.47708333333333,8.952145833333333,6.5133125000000005,9.517895833333332,12.635645833333333,9.0714375,83.28583333333333,86.7,1006.375,1011.6875
777,6.4691875,6.455333333333333,6.339416666666666,6.2471041666666665,0.555625,0.5769166666666666,0.5042708333333333,0.5605416666666666,7.894583333333333,7.954916666666667,7.670541666666666,7.658604166666667,241.20833333333334,5.504104166666667,239.78125,5.220916666666667,257.70208333333335,6.926312500000001,4.70075,6.62675,8.613999999999999,6.628791666666667,80.5225,86.7,1014.375,1019.3958333333334
778,8.9803125,9.037854166666667,8.629208333333333,8.210541666666666,0.915,0.9358958333333334,0.8501666666666666,0.8731041666666667,11.497,11.613145833333334,10.969145833333334,10.475583333333333,247.5375,5.773666666666667,246.5895833333333,5.786458333333333,261.28125,7.975874999999999,6.671125,9.369395833333334,12.162770833333333,10.248333333333333,74.59791666666666,86.7,1010.8541666666666,1015.8958333333334
779,9.773083333333334,9.776333333333334,9.448854166666667,9.325270833333333,0.9352708333333334,0.9879791666666667,0.8897708333333334,0.8483333333333333,12.234479166666667,12.333104166666667,11.865625,11.621250000000002,252.60416666666666,4.8695208333333335,252.2229166666667,4.949916666666667,267.16875,7.775645833333333,7.086541666666666,10.048916666666667,13.067083333333334,7.6066875,74.26708333333333,86.7,1006.7916666666666,1011.5625
780,6.636458333333334,6.664375,6.211625000000001,6.1465,0.47931250000000003,0.5192708333333333,0.4850625,0.45612499999999995,7.781166666666667,7.896229166666667,7.411770833333333,7.245604166666666,270.18333333333334,4.143,266.34583333333336,4.515,277.53749999999997,7.3728541666666665,4.242458333333333,6.826208333333334,9.534979166666666,5.865833333333334,78.47979166666667,86.7,1003.1458333333334,1008.1458333333334
781,12.46325,12.629791666666668,12.072875000000002,11.634229166666666,1.1524166666666666,1.1579166666666667,1.1273958333333334,1.1885000000000001,15.4029375,15.580145833333333,14.9851875,14.672666666666666,301.86041666666665,5.253666666666667,299.5708333333333,4.9541875,312.37916666666666,10.566270833333332,9.301979166666667,12.906291666666666,16.5925,5.070666666666667,76.705625,86.7,1005.3125,1010.1041666666666
782,8.253083333333333,8.288083333333333,8.050333333333333,7.817291666666667,0.7606666666666667,0.7700416666666667,0.7402291666666666,0.813625,10.224791666666667,10.266229166666667,9.927520833333334,9.7690625,249.88125,5.896583333333333,248.70208333333332,5.991625,265.09791666666666,8.277,6.132708333333333,8.518229166666666,10.985770833333333,4.674791666666667,77.51166666666667,86.7,1015.8958333333334,1020.875
783,5.535166666666666,5.357916666666667,5.173854166666667,4.6374375,0.4369375,0.47475,0.4232708333333333,0.4244791666666667,6.580645833333333,6.485729166666666,6.248874999999999,5.691333333333333,215.38479166666664,5.154958333333334,211.29250000000002,6.329229166666667,208.06027083333333,6.830770833333333,4.324791666666667,5.834625,7.663854166666667,10.159291666666666,88.179375,86.7,1010.8125,1015.8333333333334
784,3.060083333333333,3.044770833333333,2.814666666666667,2.6700208333333335,0.27899999999999997,0.28670833333333334,0.24585416666666668,0.24170833333333333,3.770895833333334,3.7612916666666667,3.433520833333333,3.2527291666666667,220.54791666666665,5.346270833333333,222.10979166666667,6.4266250000000005,234.62416666666664,7.204208333333334,1.9367916666666665,3.1765416666666666,4.679708333333333,7.4714375,88.80208333333333,86.7,1015.2291666666666,1020.3958333333334
785,8.576375,8.589791666666667,8.116291666666667,7.496291666666667,0.7883541666666667,0.8176041666666666,0.7967708333333333,0.8380416666666667,10.578875,10.628958333333333,10.153416666666667,9.696187499999999,235.52083333333334,4.918208333333333,234.375,5.2156666666666665,251.06041666666667,7.384145833333334,6.4126666666666665,9.009354166666666,11.670083333333332,8.487166666666667,78.198125,86.7,1012.1458333333334,1017.3958333333334
786,7.827791666666666,7.663666666666667,7.280208333333333,6.9238125,0.5622916666666666,0.6240416666666667,0.5637083333333334,0.5653958333333333,9.362583333333333,9.2759375,8.81425,8.369083333333334,223.45208333333335,3.849020833333334,224.78958333333333,4.519875,247.86875,5.898208333333333,5.514166666666667,8.0564375,10.642708333333333,5.918520833333333,79.62916666666666,86.7,1017.125,1022.1458333333334
787,8.242916666666668,8.280416666666666,7.747354166666667,7.574541666666666,0.6806458333333333,0.7243333333333334,0.658625,0.6087083333333333,10.051270833333334,10.093354166666666,9.4486875,9.259270833333334,262.7895833333333,4.485041666666667,260.4270833333333,4.7571875,272.70208333333335,7.9971875,5.563291666666667,8.512604166666668,11.589166666666666,6.3021875,75.844375,86.7,1011.0,1015.9583333333334
788,5.127574468085107,5.126553191489362,4.892255319148936,4.915617021276596,0.4774468085106383,0.5089574468085106,0.4407021276595745,0.4077872340425532,6.372659574468085,6.461382978723404,6.017319148936171,5.939744680851064,250.4063829787234,6.298148936170212,247.3404255319149,5.849808510638297,262.4085106382979,7.660446808510638,3.188872340425532,5.238893617021277,7.475744680851064,4.197978723404256,74.53,86.7,1013.8510638297872,1018.8510638297872
789,5.5983125,5.547270833333333,5.213375,4.585520833333333,0.45733333333333337,0.497125,0.440375,0.43622916666666667,6.821395833333334,6.8286041666666675,6.403875,5.7711875,219.50208333333333,4.940625,218.50208333333333,5.378208333333333,235.40416666666667,6.785104166666667,4.20925,5.965645833333333,7.782541666666667,9.054625,91.71249999999999,86.7,1001.7916666666666,1006.7916666666666
790,7.3970416666666665,7.410104166666667,6.8595625,6.096604166666666,0.6888541666666667,0.6845208333333334,0.6551458333333333,0.68325,9.145145833333332,9.147395833333333,8.5830625,7.795541666666666,212.24375,4.9451875,214.975,6.649208333333333,239.26666666666665,8.591916666666666,5.6163541666666665,7.8268125,10.163520833333333,11.517083333333334,92.88208333333334,86.7,994.5208333333334,999.625
791,13.693583333333335,13.677895833333332,12.965000000000002,11.423479166666667,1.5249375,1.4902291666666667,1.4606666666666666,1.6120416666666666,17.9498125,17.823333333333334,17.038354166666668,15.674104166666666,204.41666666666666,5.652729166666667,204.62708333333333,5.99675,222.61666666666667,7.833354166666666,10.650895833333333,14.565249999999999,18.5395,13.466041666666667,81.655625,86.7,977.4375,982.6666666666666
792,9.265354166666667,9.098229166666668,8.9958125,8.776104166666666,0.9876458333333334,1.03425,0.9564583333333333,0.9870416666666667,11.810729166666667,11.740875,11.446020833333334,11.286333333333333,234.76874999999998,5.0600625,235.17499999999998,5.266770833333333,253.86458333333334,7.123541666666667,6.954875,9.502229166666666,12.0789375,6.5398125,82.66979166666667,86.7,981.4166666666666,986.4791666666666
793,7.139937499999999,6.889354166666667,6.794395833333333,6.748125000000001,0.5361250000000001,0.6358958333333333,0.5433958333333334,0.5393125,8.458291666666666,8.387541666666666,8.140541666666666,8.1216875,230.68125,4.085729166666667,231.64791666666667,4.528395833333334,253.27916666666667,6.272395833333333,5.104875,7.221333333333334,9.395875,3.832104166666667,82.35541666666667,86.7,999.75,1004.7291666666666
794,8.874106382978722,8.950404255319148,8.425872340425533,8.42631914893617,0.7841489361702128,0.8312127659574469,0.7477659574468084,0.6904468085106383,10.88936170212766,11.01063829787234,10.387978723404256,10.357085106382979,247.65319148936172,4.456531914893617,247.27872340425532,4.601851063829788,263.65106382978723,7.657744680851064,5.949574468085106,9.060446808510639,12.252765957446808,3.167191489361702,81.18468085106383,86.7,1003.4893617021277,1008.4468085106383
795,9.02959574468085,9.182234042553192,8.598851063829787,8.394148936170213,0.9551702127659575,0.9467021276595744,0.8830425531914894,0.8545319148936169,11.438829787234043,11.571702127659574,10.87368085106383,10.609127659574469,251.431914893617,5.224,250.08510638297872,5.284787234042553,262.40212765957443,8.281446808510639,6.1657446808510645,9.366212765957446,12.673468085106384,4.714510638297872,78.58382978723404,86.7,1009.4468085106383,1014.5531914893617
796,10.057958333333334,10.109645833333333,9.723354166666667,9.544020833333333,1.0350833333333334,1.0801874999999999,0.9544166666666666,0.9607916666666667,12.748458333333334,12.802645833333335,12.329374999999999,12.172062500000001,251.17916666666667,5.155854166666667,250.46666666666667,5.178041666666666,265.51458333333335,8.192874999999999,7.240145833333333,10.374458333333333,13.572249999999999,6.1259375,82.11833333333333,86.7,998.0833333333334,1003.125
797,10.755020833333333,10.949625,10.483354166666667,10.254145833333334,1.1111666666666666,1.1049583333333333,1.0457083333333332,1.0723958333333334,13.641708333333334,13.786083333333332,13.228708333333332,12.946666666666667,302.7916666666667,5.8685,300.09583333333336,5.713458333333333,311.4270833333333,8.793458333333334,8.0135,11.121020833333333,14.370416666666666,3.9916666666666667,82.9775,86.7,999.8541666666666,1005.0416666666666
798,13.220416666666667,13.323125,12.93,12.165416666666667,1.2059374999999999,1.2029791666666665,1.1833541666666667,1.3860208333333333,16.392708333333335,16.51395833333333,16.097708333333333,15.579166666666666,289.33637500000003,5.565979166666668,287.48495833333334,5.444916666666667,293.16395833333337,9.281541666666667,10.270375,13.786666666666667,17.32375,3.648145833333333,85.71520833333334,86.7,1003.9166666666666,1009.3958333333334
799,14.422083333333333,14.540625,14.119791666666666,13.308958333333335,1.4091875,1.4039374999999998,1.3761666666666665,1.6200625000000002,17.992708333333333,18.094166666666666,17.641666666666666,17.261458333333334,302.8611458333333,5.779229166666667,301.04614583333336,5.905541666666667,299.1128958333333,9.564895833333333,11.0666875,15.032708333333334,19.033958333333334,1.9982291666666665,85.24416666666667,86.7,1005.1458333333334,1010.2916666666666
800,9.956875,9.8798125,9.637708333333334,8.828416666666667,0.948125,0.9434583333333334,0.9708333333333333,1.1014791666666668,12.131104166666667,12.042916666666665,11.911916666666668,11.352895833333333,210.697375,6.1064791666666665,209.35164583333335,5.9051875,217.19708333333332,9.286458333333334,7.642520833333333,10.429499999999999,13.239833333333335,4.559145833333333,78.57354166666667,86.7,1016.375,1021.4375
801,4.918854166666667,4.857020833333333,4.779166666666667,4.631,0.40558333333333335,0.46122916666666663,0.36704166666666665,0.36283333333333334,6.0080833333333326,6.030208333333333,5.773604166666666,5.599687500000001,233.18541666666667,5.697875,228.91875000000002,5.4247499999999995,244.92291666666665,5.3656250000000005,3.4501666666666666,5.071104166666667,6.737708333333334,5.348375,88.33395833333333,86.7,1016.8958333333334,1022.1875
802,5.678229166666667,5.761604166666667,5.171520833333333,4.7769375,0.4370833333333333,0.45068749999999996,0.4227083333333333,0.40641666666666665,6.836479166666667,6.918666666666667,6.358416666666667,5.902916666666667,281.93958333333336,5.060645833333333,276.8229166666667,5.094604166666667,285.60625,6.5027083333333335,3.7559583333333335,5.993083333333334,8.389291666666667,7.4050625,85.02645833333334,86.7,1018.4375,1023.6458333333334
803,5.828291666666666,5.779770833333333,5.4971875,5.098145833333334,0.4798125,0.5471041666666666,0.45375000000000004,0.4485208333333333,7.070020833333333,7.123541666666667,6.718541666666667,6.2084375,243.29999999999998,5.157104166666667,238.83541666666667,5.06275,252.91458333333333,6.068520833333333,4.117333333333334,6.1200833333333335,8.169437499999999,6.6675625,85.97291666666666,86.7,1022.8333333333334,1028.0833333333333
804,8.471787234042553,7.940361702127659,8.14231914893617,7.797234042553192,0.7772340425531915,0.912191489361702,0.754,0.7562127659574468,10.574829787234043,10.328617021276596,10.155617021276596,9.817553191489361,235.068085106383,5.010510638297872,234.78297872340423,5.221744680851064,253.79787234042553,6.888957446808511,6.384,8.68131914893617,10.998063829787235,7.577063829787234,81.51127659574469,86.7,1021.7872340425532,1026.9148936170213
805,12.635833333333332,12.35875,12.118125,11.182625,1.2273125,1.2743541666666667,1.1719166666666667,1.2405833333333334,15.930208333333333,15.695416666666667,15.33375,14.449166666666668,220.14791666666667,4.691354166666667,220.91875000000002,5.042854166666667,241.26041666666666,6.7318125,9.932458333333333,13.186458333333334,16.467708333333334,10.041875,77.15604166666667,86.7,1009.1458333333334,1014.25
806,13.128833333333333,13.282541666666667,12.760229166666667,12.225312500000001,1.4885208333333333,1.4922083333333334,1.4184791666666667,1.4572708333333333,17.067916666666665,17.178124999999998,16.447083333333335,16.082708333333333,239.10625000000002,5.368291666666667,239.22916666666666,5.588583333333333,255.1520833333333,8.2130625,9.946708333333333,13.652041666666667,17.40375,7.7349375,76.58166666666666,86.7,992.8958333333334,998.0208333333334
807,9.677021276595745,9.943617021276596,9.431063829787234,9.526531914893617,1.0923829787234043,1.080744680851064,1.0127659574468086,0.9741914893617021,12.607872340425534,12.815106382978723,12.175744680851064,12.181063829787234,276.6659574468085,6.118510638297872,274.82978723404256,6.050063829787234,285.331914893617,9.545936170212766,6.591021276595745,9.951510638297872,13.456595744680852,1.6916382978723405,68.61702127659575,86.7,1003.1702127659574,1008.2127659574468
808,6.186645833333333,6.180020833333334,5.9606875,5.977916666666666,0.6815000000000001,0.7325833333333334,0.6280416666666667,0.5860833333333334,7.994729166666667,8.038791666666667,7.744375000000001,7.570145833333334,247.32916666666665,6.6285,245.58333333333334,6.606958333333334,260.06666666666666,9.790041666666665,3.9298749999999996,6.334125,8.933541666666667,0.76575,77.38229166666666,86.7,1002.7916666666666,1007.875
809,5.7017021276595745,5.7573617021276595,5.425127659574468,5.2076170212765955,0.6337234042553191,0.6211063829787234,0.6362978723404255,0.7301914893617022,7.2403191489361705,7.285148936170213,6.986127659574469,6.924127659574468,171.55076595744683,9.25504255319149,172.7744255319149,9.05236170212766,189.50021276595746,11.690255319148937,3.806425531914894,5.941808510638298,8.385340425531915,1.2780425531914894,80.70234042553192,86.7,978.2127659574468,983.2765957446809
810,4.662999999999999,4.6299166666666665,4.894645833333334,5.12525,0.4716666666666667,0.49639583333333337,0.4482083333333333,0.45999999999999996,5.8639375,5.871104166666666,5.988354166666667,6.183333333333334,256.69166666666666,8.253854166666667,249.89791666666667,7.037875,265.71666666666664,8.27375,3.1461666666666663,4.684666666666667,6.5191875,-0.28220833333333334,83.73895833333333,86.7,983.1458333333334,988.1458333333334
811,7.768041666666666,7.805062499999999,7.383854166666667,6.809229166666667,0.7232708333333333,0.7080416666666666,0.6778333333333334,0.7633541666666667,9.607395833333333,9.6144375,9.144854166666667,8.650812499999999,221.19375,5.346479166666666,219.3708333333333,5.616854166666666,235.51874999999998,7.420729166666667,5.655229166666667,8.164020833333334,10.752583333333334,1.8853958333333332,88.77291666666667,86.7,994.4583333333334,999.9166666666666
812,9.019541666666667,8.931541666666666,8.592916666666666,8.149291666666667,0.8102291666666667,0.8621458333333334,0.7621041666666667,0.7915,11.167625000000001,11.152208333333334,10.591729166666667,10.163416666666667,224.36458333333334,4.875020833333333,224.95624999999998,5.249645833333333,245.3083333333333,6.870104166666667,6.7381874999999996,9.33925,11.968458333333333,4.448041666666667,86.63958333333333,86.7,981.3333333333334,986.5833333333334
813,8.320229166666666,8.295270833333333,7.965770833333334,7.696791666666667,0.7092291666666667,0.7329166666666667,0.6921041666666666,0.7065,10.040333333333333,10.039166666666667,9.725645833333333,9.518791666666667,235.5,4.498020833333333,234.55625,4.808354166666667,251.43125,6.7043541666666675,6.120875000000001,8.575416666666667,11.086541666666667,3.2134583333333335,85.435,86.7,975.7708333333334,980.9166666666666
814,10.718666666666666,10.795250000000001,10.384104166666667,9.641958333333333,0.97375,0.96775,0.9373333333333332,1.1398125,13.218020833333334,13.309416666666666,12.7915625,12.172270833333334,308.1310416666667,6.2831875,305.45458333333335,5.963479166666667,303.296125,11.881770833333334,8.231250000000001,11.233791666666667,14.305479166666666,3.9687916666666667,85.80395833333334,86.7,992.125,997.7916666666666
815,7.452104166666667,7.574770833333333,7.187874999999999,7.220375,0.6441458333333333,0.6726041666666666,0.5800416666666667,0.5588958333333333,9.133541666666666,9.312333333333333,8.744708333333334,8.673083333333333,281.46458333333334,5.4108125,276.7375,5.186270833333333,288.3229166666667,7.091895833333333,4.9709375,7.638833333333333,10.386270833333333,2.1337291666666665,77.58791666666666,86.7,1008.8125,1014.1458333333334
816,8.2115,8.279395833333334,7.610270833333334,6.9875625,0.6594791666666667,0.6478125,0.6100416666666667,0.6363125,9.912291666666667,9.911687500000001,9.181708333333333,8.573375,231.60208333333333,4.0806458333333335,231.78958333333333,4.592291666666667,250.34375,6.09725,5.936583333333334,8.627708333333333,11.386541666666666,4.2493541666666665,83.94895833333334,86.7,1009.9375,1015.4375
817,6.045000000000001,6.054145833333333,5.6541875,5.170416666666667,0.4561458333333333,0.47356250000000005,0.43589583333333337,0.4284791666666667,7.217333333333333,7.23675,6.749125,6.209395833333333,234.59583333333333,5.19575,230.73958333333334,5.102,248.11666666666667,5.871354166666666,4.3550625,6.362375,8.558333333333334,4.6226666666666665,85.81020833333334,86.7,1019.7916666666666,1025.2083333333333
818,7.552458333333334,7.5523541666666665,6.926895833333333,5.9934375,0.5049791666666666,0.50425,0.4337708333333334,0.467625,8.914229166666667,8.904520833333333,8.105708333333334,7.142812500000001,221.73333333333335,3.558125,222.84375,3.9934583333333333,244.43541666666667,4.914645833333334,5.980229166666667,8.056145833333334,10.149854166666666,8.223374999999999,90.00208333333335,86.7,1022.7916666666666,1028.25
819,6.500333333333334,6.411229166666666,5.950625,5.153708333333333,0.46620833333333334,0.5054791666666667,0.46989583333333335,0.4170416666666667,7.599020833333333,7.622979166666667,7.094437500000001,6.1745833333333335,236.83333333333334,4.0455625,236.025,4.463208333333333,253.94583333333333,5.6976249999999995,4.9269791666666665,6.927895833333333,8.988354166666666,10.146041666666667,87.83604166666667,86.7,1023.7291666666666,1029.0416666666667
820,4.136833333333334,4.02625,3.8793958333333336,3.4251875,0.385125,0.4349375,0.3651041666666666,0.32054166666666667,4.992229166666667,4.966083333333334,4.688041666666667,4.140875,204.135625,4.855645833333333,205.38312499999998,5.235145833333333,219.70749999999998,6.3090625,3.2665624999999996,4.372729166666667,6.0413749999999995,8.621166666666666,87.56395833333333,86.7,1025.1875,1030.5208333333333
821,5.399604166666666,5.3650625000000005,5.120104166666667,4.532208333333333,0.3932291666666667,0.3984375,0.38558333333333333,0.38177083333333334,6.347437500000001,6.282604166666666,6.008770833333333,5.479604166666667,192.56791666666666,4.176708333333333,199.75770833333334,4.4371875,222.09722916666666,6.290937499999999,4.311208333333333,5.71775,7.3031250000000005,8.2634375,97.125,86.7,1025.4166666666667,1030.6875
822,11.670166666666667,11.614979166666666,11.168229166666668,10.292395833333332,0.8152499999999999,0.8338125000000001,0.7669583333333333,0.7984583333333334,13.907083333333333,13.8125,13.261458333333332,12.419479166666667,223.86875,3.558291666666667,224.13125,3.9591666666666665,245.48125000000002,4.773104166666667,9.609604166666667,12.186250000000001,14.766458333333333,9.555208333333333,87.75833333333333,86.7,1018.0833333333334,1023.1875
823,14.195531914893616,13.76531914893617,13.695744680851066,12.937021276595743,1.3084893617021278,1.4266808510638298,1.2679574468085106,1.2987872340425533,17.847872340425532,17.477659574468085,17.084468085106383,16.40148936170213,230.16382978723405,4.38563829787234,231.35106382978722,4.745638297872341,252.7936170212766,6.128234042553191,11.245063829787235,14.669574468085107,18.11936170212766,10.916170212765957,84.92085106382979,86.7,1005.5106382978723,1010.3829787234042
824,11.640104166666667,11.717708333333334,11.212020833333334,10.27575,1.3247291666666667,1.2895,1.2951249999999999,1.3573125,15.302958333333335,15.2391875,14.666645833333334,13.826645833333332,220.07083333333333,5.467208333333333,220.5979166666667,5.744666666666666,239.01250000000002,7.416729166666666,9.033854166666666,12.2500625,15.512770833333335,9.867875,81.34208333333333,86.7,989.1666666666666,994.2291666666666
825,6.946020833333333,6.8468333333333335,6.734229166666666,6.627104166666666,0.6073958333333334,0.6811875000000001,0.5876458333333333,0.6062083333333333,8.565624999999999,8.584354166666666,8.2564375,8.1860625,264.55625000000003,5.904979166666667,262.80625000000003,5.995208333333333,268.9774791666667,9.854166666666666,4.910895833333334,7.132395833333334,9.417666666666667,3.4434166666666663,86.45125,86.7,981.8958333333334,986.8958333333334
826,11.052229166666665,11.090958333333333,10.7431875,9.979645833333334,1.0149583333333332,1.0148958333333333,1.00025,1.2457708333333333,13.542124999999999,13.541833333333335,13.19225,12.812125,288.57364583333333,7.1498125,286.4041875,7.568854166666667,224.28650000000002,12.1576875,8.304833333333333,11.576270833333332,14.9225,2.903583333333333,77.72,86.7,984.0416666666666,988.9375
827,7.2729375,7.297979166666667,6.844791666666667,6.79075,0.7162916666666667,0.7594583333333333,0.6477083333333333,0.5767083333333333,9.245770833333333,9.351270833333333,8.570229166666666,8.405770833333333,257.1479166666667,5.784791666666667,254.35416666666666,5.57225,267.0,8.389916666666666,4.501979166666667,7.4831666666666665,10.680166666666667,1.9572291666666668,77.078125,86.7,990.875,995.9166666666666
828,6.080395833333333,6.0765,5.68875,5.326229166666667,0.5469375,0.5614791666666666,0.513375,0.5256458333333334,7.403083333333334,7.3976041666666665,6.967020833333333,6.659729166666666,192.9020833333333,5.276770833333333,195.20000000000002,5.749,214.24791666666667,7.413395833333333,4.280395833333333,6.327208333333334,8.472291666666667,2.0864166666666666,88.27333333333333,86.7,985.1041666666666,990.2708333333334
829,7.402148936170213,7.231872340425532,6.982446808510638,6.419340425531915,0.6588085106382978,0.7144893617021277,0.6224893617021277,0.6634042553191489,9.076659574468085,9.01763829787234,8.611978723404254,8.095382978723404,202.10425531914893,5.818085106382979,203.6595744680851,5.794510638297872,222.9468085106383,6.930340425531915,5.598425531914893,7.73631914893617,9.95468085106383,4.34268085106383,88.09617021276597,86.7,982.4255319148937,987.5957446808511
830,11.812312499999999,11.749208333333334,11.290791666666665,10.437520833333332,1.1966666666666665,1.2015208333333334,1.1350416666666667,1.1536250000000001,15.115958333333333,15.049895833333332,14.3749375,13.464333333333334,207.12708333333333,5.024791666666666,207.9729166666667,5.264625,227.48541666666665,6.483208333333334,9.1685625,12.348083333333333,15.574791666666668,7.627375,79.61416666666666,86.7,977.6666666666666,982.625
831,8.0793125,8.059375000000001,7.6269375,7.031666666666666,0.7282500000000001,0.7505416666666666,0.6876458333333333,0.6867708333333334,9.9780625,9.981875,9.447583333333332,8.856250000000001,230.77291666666667,4.3366875,230.42916666666667,4.628791666666666,247.67708333333334,6.3389375,6.2227500000000004,8.476875,10.7598125,5.711666666666667,83.70833333333333,86.7,984.4583333333334,989.5208333333334
832,8.116145833333333,8.035145833333333,7.504458333333333,6.494416666666666,0.9239583333333333,0.950625,0.8777291666666667,0.8947708333333333,10.451749999999999,10.387875,9.744979166666667,8.807333333333334,204.88125,7.227625,203.59166666666667,7.624479166666667,219.08333333333334,9.511645833333334,6.051749999999999,8.681458333333333,11.457541666666666,5.5963125,85.123125,86.7,989.5,994.7291666666666
833,12.906687499999999,12.773333333333333,12.544354166666666,12.109395833333332,1.3518125,1.4229166666666666,1.3226875,1.31575,16.587229166666667,16.538270833333332,16.0400625,15.74975,249.24166666666667,4.916270833333333,248.87708333333333,4.9750625,264.95416666666665,7.377479166666667,9.755104166666667,13.345708333333334,16.973333333333333,7.069416666666666,79.16333333333334,86.7,976.75,981.6666666666666
834,6.0214,5.965775,5.6942,5.1531,0.49905,0.520425,0.466575,0.490775,7.350700000000001,7.357225,6.894150000000001,6.38275,198.2645,5.367175,197.05825,5.798975,210.13975,7.741425,4.53515,6.36245,8.235175,5.7786,89.9725,86.7,980.775,985.85
835,5.889054054054054,5.825621621621622,5.536297297297297,5.220621621621622,0.4307567567567568,0.46654054054054056,0.4344864864864865,0.46332432432432435,6.974351351351351,7.013972972972973,6.605783783783783,6.362351351351352,240.33810810810812,4.435891891891892,239.70972972972973,4.718459459459459,255.05702702702703,7.305675675675675,4.2375675675675675,6.134324324324324,8.090675675675676,3.9686216216216215,92.2081081081081,86.7,985.1081081081081,990.1891891891892
836,12.699145833333333,12.362291666666666,11.452229166666667,9.671645833333335,1.0526875,0.968875,1.121125,1.4230833333333335,14.967708333333334,14.464583333333332,14.016458333333333,13.049999999999999,27.823229166666664,4.132770833333333,29.373666666666665,4.840875,47.03104166666666,9.270125,9.2420625,13.5273125,17.951666666666664,5.602291666666667,75.86104166666667,86.7,1007.4791666666666,1012.1875
837,5.220375,5.288104166666667,4.7333541666666665,4.369458333333333,0.5068958333333333,0.47685416666666663,0.5509375,0.5703541666666666,6.446625,6.422583333333333,6.055562500000001,5.7955000000000005,84.09416666666667,6.285416666666666,88.51395833333333,6.720645833333333,106.39520833333334,7.938833333333334,3.409854166666667,5.546937499999999,8.161125,4.552833333333333,75.44208333333333,86.7,1024.0833333333333,1029.3333333333333
838,7.045791666666666,6.931562499999999,6.568375,5.938854166666666,0.61725,0.6188958333333333,0.58975,0.6059791666666666,8.586458333333333,8.526791666666666,8.111416666666667,7.461333333333333,118.34375,5.6690625,124.43541666666665,5.8535208333333335,143.17916666666667,6.734375,5.242916666666667,7.389375,9.742645833333333,3.8525833333333335,72.94791666666667,86.7,1018.7291666666666,1024.0
839,5.0268749999999995,5.012354166666666,4.902104166666667,4.5047291666666665,0.5825208333333333,0.5787291666666666,0.5742083333333333,0.6140416666666667,6.548791666666666,6.490520833333334,6.370562499999999,6.137354166666667,139.48125000000002,6.3765624999999995,141.35208333333333,6.466458333333333,151.86249999999998,8.483291666666666,3.6945,5.2855625,6.9238541666666675,3.706208333333333,92.20208333333333,86.7,1000.8125,1005.9375
840,3.4463333333333335,3.3974375,3.3422083333333332,3.0806458333333335,0.3145208333333333,0.3330625,0.31864583333333335,0.3863958333333333,4.191604166666667,4.178895833333333,4.064166666666667,3.9515833333333332,251.00208333333333,5.634291666666667,250.3708333333333,5.469541666666667,266.72291666666666,8.674604166666667,2.511270833333333,3.6174999999999997,4.902770833333333,4.867041666666666,97.74583333333334,86.7,997.3958333333334,1002.4583333333334
841,6.37325,6.396145833333333,6.186229166666667,5.588333333333334,0.43745833333333334,0.43397916666666664,0.433875,0.6343541666666667,7.404395833333333,7.4098125,7.211541666666666,6.983104166666667,308.67125,4.191708333333334,319.87039583333336,3.474833333333333,333.54479166666664,13.083416666666666,5.099875,6.7281249999999995,8.3761875,6.007666666666666,97.27916666666665,86.7,1012.0416666666666,1017.125
842,4.081229166666667,4.062,3.8230833333333334,3.3247291666666663,0.39466666666666667,0.38885416666666667,0.40472916666666664,0.4585416666666667,5.062145833333333,4.995020833333333,4.7871250000000005,4.4279375,174.01191666666668,7.541229166666667,188.90625,7.809229166666667,194.321875,9.44075,3.0726875000000002,4.358,5.925145833333333,5.760541666666668,93.57083333333333,86.7,1017.9583333333334,1023.3125
843,7.1856875,7.171208333333333,6.9103125,6.289687499999999,0.7773541666666667,0.7587083333333333,0.7288125,0.7705833333333333,9.266875,9.246916666666666,8.924895833333332,8.304125,147.34791666666666,5.934041666666666,147.67291666666668,5.678625,159.15,6.640666666666667,5.4898125,7.572229166666666,9.7185,5.3071875,84.73541666666667,86.7,1012.3333333333334,1017.6875
844,8.675208333333332,8.701145833333333,8.178354166666667,6.956333333333333,1.1356249999999999,1.10425,1.1406875,1.1914583333333333,11.566875000000001,11.479333333333335,11.068375000000001,9.987666666666668,182.23541666666665,6.809541666666667,182.17916666666667,7.0678125,197.47708333333333,9.067520833333333,6.491333333333333,9.374208333333334,12.342479166666665,3.759395833333333,83.13333333333334,86.7,1007.4166666666666,1012.7916666666666
845,10.904125,10.788041666666667,10.369854166666666,9.459333333333333,1.0393125,1.0733958333333333,0.9984166666666666,1.1025208333333334,13.737229166666667,13.647208333333333,13.098895833333332,12.404083333333332,224.02916666666667,4.73525,224.30208333333334,5.076708333333333,242.61666666666667,7.1038958333333335,8.455208333333333,11.464895833333335,14.503291666666668,6.340583333333334,85.28729166666666,86.7,981.625,986.7083333333334
846,10.369604166666667,9.842583333333334,10.063291666666666,10.014875,0.9554999999999999,1.1269583333333333,0.9180833333333333,0.9237916666666667,13.003749999999998,12.755625,12.518958333333332,12.456458333333332,238.64374999999998,4.8748125,238.85416666666666,5.080416666666667,257.9166666666667,6.8380833333333335,7.581145833333333,10.493625,13.441041666666665,2.5105,83.20979166666667,86.7,978.0,982.9166666666666
847,11.278479166666665,11.422270833333334,10.891770833333332,10.596416666666666,1.1963541666666666,1.209,1.1142083333333332,1.0919999999999999,14.559020833333333,14.625187500000001,14.042125,13.5088125,239.40833333333333,5.179104166666667,239.25625,5.222291666666667,254.57291666666666,7.731958333333334,8.264104166666668,11.678083333333333,15.141041666666666,3.256104166666667,78.86625,86.7,987.0625,991.9375
848,8.0365625,7.755083333333334,7.735625,7.592979166666667,0.6883541666666666,0.7693958333333333,0.6725416666666666,0.6850208333333333,9.777541666666666,9.630958333333334,9.4441875,9.2961875,214.42535416666666,5.006875,214.5620625,5.120729166666666,224.23014583333335,7.802104166666666,5.646520833333334,8.213208333333332,10.879604166666667,2.0593541666666666,90.30624999999999,86.7,987.1041666666666,992.2083333333334
849,7.262687499999999,7.0739374999999995,6.973708333333334,6.7959375,0.6681458333333333,0.7391666666666666,0.6409375,0.641375,8.982916666666666,8.925291666666666,8.638416666666666,8.525062499999999,229.08124999999998,5.0802708333333335,229.75625,5.282020833333333,250.77916666666667,6.852916666666666,5.318520833333333,7.424125,9.562729166666667,2.856145833333333,80.65916666666666,86.7,994.2916666666666,999.5208333333334
850,5.925770833333334,5.893041666666666,5.488125,5.138395833333333,0.45941666666666664,0.4829791666666667,0.45208333333333334,0.4953958333333333,7.073875,7.106104166666667,6.661291666666667,6.360812500000001,253.20416666666665,4.631958333333333,250.60625000000002,5.1965208333333335,264.2104166666667,7.9347916666666665,4.025479166666667,6.1809166666666675,8.413833333333333,2.074666666666667,84.90125,86.7,994.6458333333334,999.7083333333334
851,5.809041666666666,5.782729166666667,5.470375,5.118270833333333,0.6255000000000001,0.6459583333333333,0.5805208333333333,0.5803333333333333,7.4328125,7.3941875,7.040125,6.6243541666666665,206.65,5.881854166666667,208.44791666666666,6.209833333333333,228.69583333333333,7.1955833333333326,4.061166666666667,6.0588750000000005,8.231354166666668,0.7892291666666668,87.82604166666665,86.7,1000.7916666666666,1006.0208333333334
852,8.443708333333333,8.104145833333334,7.851916666666667,7.1300625,0.7354375000000001,0.819,0.6902916666666666,0.677,10.3624375,10.2055,9.670479166666667,8.855979166666666,231.51458333333335,5.619604166666666,230.0979166666667,6.275041666666667,246.71875,7.083854166666666,6.464979166666667,8.846625,11.3765625,5.721729166666667,85.08333333333333,86.7,999.0833333333334,1004.375
853,11.699041666666666,11.654000000000002,11.0729375,9.832895833333334,1.1316041666666667,1.1316041666666667,1.0733333333333335,1.1500000000000001,14.777083333333332,14.699166666666668,14.078270833333335,12.950229166666666,209.4333333333333,5.064291666666667,209.62291666666667,5.447020833333333,228.41666666666666,7.299354166666666,9.20675,12.4076875,15.657916666666667,9.364708333333333,82.359375,86.7,997.5208333333334,1002.7916666666666
854,14.919166666666667,14.900416666666667,14.313749999999999,13.146458333333333,1.5438749999999999,1.52775,1.4937291666666666,1.5606458333333333,18.941875,18.827083333333334,18.2475,17.330625,213.6604166666667,4.973229166666667,214.69583333333333,5.258020833333333,235.05208333333334,6.556729166666667,11.77625,15.640625,19.535208333333333,8.686229166666667,76.41854166666667,86.7,986.375,991.4583333333334
855,8.631354166666666,8.618229166666667,8.207583333333334,7.4065208333333326,0.8411875000000001,0.8376250000000001,0.8114583333333334,0.864375,10.858812499999999,10.8085,10.408166666666666,9.736375,205.56458333333333,5.054125,206.25625,5.3999375,224.5583333333333,6.983083333333333,6.713020833333334,9.115708333333334,11.557354166666668,6.085854166666667,80.80791666666667,86.7,993.2708333333334,998.4583333333334
856,6.019583333333333,6.046125,5.701895833333334,4.924979166666667,0.5032708333333333,0.5119166666666667,0.5030416666666667,0.6137916666666666,7.190833333333334,7.232145833333333,6.866770833333334,6.351729166666666,285.92083333333335,5.034875,283.33958333333334,5.018291666666667,288.54929166666665,10.745604166666666,4.825,6.454604166666667,8.119833333333334,5.206791666666667,87.020625,86.7,1010.7916666666666,1016.0
857,11.915895833333332,11.9226875,11.3656875,10.302875,1.2070625,1.195,1.1319583333333334,1.2545416666666667,15.1775,15.173541666666667,14.595625,13.570104166666667,216.20208333333335,5.095729166666667,216.65,5.4082291666666675,234.99375,7.412979166666666,9.255041666666667,12.573791666666667,15.929583333333333,8.027708333333333,80.97979166666667,86.7,1008.5625,1013.7916666666666
858,13.09775,12.825354166666665,12.613333333333335,11.741333333333335,1.1291458333333333,1.2107083333333333,1.1140625,1.194625,16.066458333333333,15.844791666666666,15.546604166666667,14.903395833333335,226.84166666666667,4.248770833333333,227.86666666666667,4.576479166666666,249.29583333333335,5.749874999999999,10.515291666666666,13.625895833333333,16.750833333333333,10.3024375,81.24895833333333,86.7,1011.8125,1016.9166666666666
859,11.372937499999999,11.4680625,10.944395833333333,10.607104166666668,1.0927291666666668,1.15175,1.0550416666666667,1.0724375,14.199625,14.347229166666667,13.674458333333334,13.513458333333332,255.62708333333333,4.727520833333333,255.43958333333333,4.842125,270.09791666666666,7.858250000000001,8.49475,11.775416666666667,15.093958333333333,7.848583333333334,77.32604166666667,86.7,1012.6875,1017.75
860,9.007416666666666,8.833916666666667,8.599791666666667,8.0648125,0.9217708333333333,0.9362291666666667,0.8817499999999999,0.9198333333333334,11.4426875,11.302958333333335,10.848791666666665,10.369479166666666,221.36249999999998,4.9505,221.84583333333333,5.2809375,242.24791666666667,6.737375,6.858458333333334,9.355354166666666,11.892291666666667,5.2914375,79.746875,86.7,1012.875,1018.0625
861,10.867375000000001,10.401562499999999,10.574604166666667,10.303645833333333,1.033625,1.1655625,1.0131041666666667,1.0180624999999999,13.552708333333333,13.290416666666667,13.1025,13.022354166666666,233.47916666666666,4.982291666666667,233.93125,5.2463125,253.66458333333333,6.904583333333334,8.1945625,11.095833333333333,14.033333333333333,4.0295625,81.53208333333333,86.7,988.1875,993.1458333333334
862,11.1249375,11.390979166666668,10.741875,10.5269375,1.1460000000000001,1.1448333333333334,1.0795625,1.054,14.35225,14.555,13.849708333333334,13.4185,284.38124999999997,5.561916666666666,281.9270833333333,5.4629375,292.26458333333335,8.320979166666666,7.9601875,11.536083333333332,15.2025,4.372645833333333,71.58541666666666,86.7,991.9375,996.9583333333334
863,8.978416666666666,9.055979166666667,8.674458333333334,8.027625,0.8091458333333333,0.8235416666666667,0.8067083333333334,0.9050208333333334,10.951291666666668,11.056458333333333,10.721208333333335,10.254041666666668,306.5208333333333,5.204,303.78125,4.900145833333333,309.6986875,9.5540625,7.130645833333333,9.422812500000001,11.7445625,4.719375,81.05520833333334,86.7,1002.3541666666666,1007.6666666666666
864,4.78425,4.7224375,4.594062500000001,4.168729166666666,0.35902083333333334,0.3666875,0.38697916666666665,0.5147708333333333,5.623562499999999,5.603354166666667,5.512083333333333,5.3531458333333335,219.0020625,4.6155,229.04033333333334,5.194395833333333,232.9465625,9.553145833333334,3.368895833333333,5.025145833333333,6.792020833333333,3.0901875000000003,90.35895833333332,86.7,1000.7916666666666,1005.8958333333334
865,5.824291666666666,5.917229166666666,5.3072083333333335,4.963041666666666,0.7091666666666666,0.6420625,0.7572291666666667,0.8333541666666666,7.5188125,7.4415000000000004,7.126020833333333,7.050208333333334,53.337916666666665,5.720041666666667,56.74,6.064145833333334,75.67604166666666,8.485645833333333,3.6780625,6.169,9.323520833333333,3.6703958333333335,75.48125,86.7,1021.2291666666666,1026.5
866,3.3678333333333335,3.3484583333333333,3.3003750000000003,3.2063333333333333,0.4593333333333333,0.4690625,0.5007083333333333,0.5275208333333333,4.394875,4.393208333333333,4.4282916666666665,4.481104166666666,153.82854166666667,9.762333333333332,155.671875,9.918520833333334,172.50479166666665,11.3675625,2.2607708333333334,3.4804791666666666,4.980916666666666,2.341791666666667,74.40979166666666,86.7,1021.7708333333334,1027.1666666666667
867,6.630354166666667,6.643208333333334,6.563416666666666,6.513166666666667,0.564,0.5844583333333334,0.532875,0.5976041666666667,8.099541666666667,8.196937499999999,7.948583333333333,7.978354166666667,259.21666666666664,5.235666666666667,258.52708333333334,5.4299583333333326,275.89166666666665,7.0577708333333335,5.0185208333333335,6.779625,8.563583333333334,0.9199791666666667,80.16791666666667,86.7,1011.3958333333334,1016.5833333333334
868,6.7434166666666675,6.7236875000000005,6.640416666666667,6.596791666666667,0.5616458333333333,0.6010208333333333,0.5456458333333333,0.6345416666666667,8.17075,8.247333333333334,8.024166666666668,8.109520833333333,261.8979166666667,5.366854166666666,260.40000000000003,5.402666666666666,275.98541666666665,7.1468125,4.9855,6.8935208333333335,8.832749999999999,0.8354166666666667,71.185,86.7,1012.2708333333334,1017.4583333333334
869,10.3635,10.4203125,9.863979166666667,8.775625,0.9532291666666667,0.9162499999999999,0.9140416666666668,1.0311666666666668,12.84125,12.849791666666667,12.22125,11.339979166666666,202.91666666666666,4.608041666666667,203.49791666666667,5.0584999999999996,222.32500000000002,7.066645833333333,8.2201875,11.007,13.817916666666667,5.44925,87.15625,86.7,1001.4375,1006.8125
870,7.299541666666666,7.354354166666667,6.960645833333333,6.533270833333333,0.62,0.6423958333333334,0.6184583333333333,0.6626875,8.9594375,9.0214375,8.609625,8.252208333333334,256.7395833333333,4.596729166666667,254.36666666666667,4.928770833333333,267.71250000000003,7.2565625,5.491645833333333,7.6385625,9.823291666666668,3.791770833333333,82.15770833333333,86.7,999.5833333333334,1004.7916666666666
871,9.549833333333334,9.590020833333334,8.814333333333334,7.437916666666666,0.9650416666666667,0.9297708333333333,0.9281666666666667,1.0509583333333332,11.977375,11.9486875,11.157166666666667,10.159125,193.48541666666665,5.223354166666667,192.82083333333333,5.547458333333334,208.5375,7.579729166666667,7.2285416666666675,10.3115,13.463354166666667,4.8490416666666665,86.21291666666667,86.7,994.25,999.5625
872,10.486270833333334,10.749875000000001,10.205729166666666,10.108916666666667,1.2198958333333334,1.2161875,1.1573541666666667,1.1289166666666668,13.779791666666666,14.058541666666665,13.286666666666667,13.236041666666667,268.15833333333336,6.271604166666666,266.84999999999997,6.231645833333332,278.22291666666666,9.218958333333333,7.510958333333334,10.843020833333334,14.253333333333332,3.0028124999999997,77.97604166666666,86.7,988.7291666666666,993.875
873,9.494604166666667,9.240125,9.1265,8.698375,0.9126249999999999,0.9999583333333333,0.8805000000000001,0.9300416666666665,11.9085625,11.794375,11.515208333333334,11.102666666666666,229.71666666666667,4.964166666666666,230.1208333333333,5.133604166666667,248.82708333333335,6.725979166666666,7.107354166666667,9.809312499999999,12.549791666666666,2.6741041666666665,76.65124999999999,86.7,999.5625,1004.5833333333334
874,8.180979166666667,8.217979166666668,7.752020833333333,6.878395833333333,1.0443333333333333,1.0295833333333333,1.018875,1.0432916666666667,10.930291666666667,10.981604166666665,10.4829375,9.713875,199.60208333333333,6.383791666666666,199.0895833333333,6.493604166666667,214.49166666666667,8.652979166666666,5.846041666666667,8.739708333333335,11.759708333333334,2.4865833333333334,87.03750000000001,86.7,991.8541666666666,997.0833333333334
875,9.792833333333332,9.831208333333334,9.015270833333334,7.6873125,1.1771666666666667,1.1578125000000001,1.1948958333333333,1.2228125,12.812520833333332,12.826395833333335,12.139000000000001,10.971416666666668,182.35416666666666,6.234229166666666,185.28958333333333,6.468708333333333,203.42708333333334,7.927020833333334,7.030166666666666,10.557354166666666,14.352875,2.9189375,83.35479166666667,86.7,990.9791666666666,996.4375
876,10.715645833333333,10.351374999999999,10.243041666666667,9.616583333333333,1.0687916666666666,1.1502083333333333,1.028,1.0481666666666667,13.573333333333332,13.33,12.922708333333333,12.370208333333332,223.2125,5.1316875,223.80416666666667,5.3418125,243.1916666666667,6.6312500000000005,8.207375,11.107979166666667,14.032499999999999,4.686916666666667,79.13958333333333,86.7,994.6041666666666,999.75
877,8.7590625,8.627041666666667,8.2530625,7.429520833333334,0.7063333333333334,0.7335208333333334,0.6908333333333334,0.7297291666666667,10.589270833333334,10.456875,10.034333333333334,9.3396875,211.0625,4.216833333333334,211.20833333333334,4.5843541666666665,230.42499999999998,5.921125,6.936020833333333,9.230666666666666,11.546666666666667,4.88775,75.80854166666667,86.7,1011.1458333333334,1016.4166666666666
878,7.9124791666666665,7.960791666666666,7.425958333333334,6.461270833333334,0.7147083333333333,0.69125,0.6860624999999999,0.765625,9.767479166666666,9.764791666666666,9.196104166666666,8.447395833333333,202.79999999999998,4.515395833333334,202.55625,4.845833333333333,219.99791666666667,6.419145833333334,6.206666666666667,8.462895833333333,10.749833333333333,5.2641875,82.25125,86.7,1011.2916666666666,1016.5833333333334
879,5.32025,5.298979166666666,5.039291666666666,4.612916666666666,0.38120833333333337,0.3984375,0.3928958333333334,0.40320833333333334,6.2750208333333335,6.262250000000001,5.964333333333333,5.579916666666667,213.90833333333333,4.02275,219.9416666666667,4.016291666666667,243.00833333333333,5.665500000000001,3.8922291666666666,5.5800625,7.4299375,4.592479166666666,91.77916666666665,86.7,1011.8125,1017.1666666666666
880,4.183166666666667,4.1033333333333335,3.686875,2.8055625,0.22364583333333332,0.23485416666666667,0.21402083333333333,0.24347916666666666,4.7324166666666665,4.694833333333333,4.215375,3.4308125,232.1005416666667,2.9888125,214.82835416666668,3.8811458333333335,227.09666666666666,5.59375,3.1190833333333337,4.59225,6.170833333333333,6.575916666666667,99.31875000000001,86.7,1008.3125,1013.8541666666666
881,9.105208333333334,9.059395833333333,8.457541666666666,6.8494375000000005,0.6622291666666666,0.6629583333333333,0.6747708333333334,0.9466458333333333,10.758791666666667,10.687104166666666,10.203583333333333,9.032791666666666,290.05364583333335,6.7658125,301.0754166666667,7.451833333333333,255.87829166666666,12.898645833333333,7.325291666666666,9.911333333333333,12.5940625,6.253333333333334,89.50125000000001,86.7,1015.4583333333334,1020.5833333333334
882,5.732729166666666,5.703499999999999,5.444125,4.569604166666667,0.31079166666666663,0.3015625,0.3439375,0.6035208333333334,6.430666666666667,6.375791666666667,6.203749999999999,5.8396875,240.51858333333334,4.359333333333333,274.51325,3.9877708333333337,243.74204166666667,12.657854166666667,4.635645833333333,6.172083333333333,7.745645833333334,4.7781666666666665,93.73125,86.7,1021.5416666666666,1026.7708333333333
883,3.625916666666667,3.6225,3.4475208333333334,3.1183333333333336,0.38377083333333334,0.3862916666666667,0.38641666666666663,0.40547916666666667,4.5236875,4.539479166666667,4.3453124999999995,4.1036875,156.57916666666668,7.370458333333333,158.26458333333332,8.287979166666666,186.55208333333334,8.830729166666666,2.812041666666667,3.828291666666667,5.406625000000001,3.176083333333333,80.94208333333333,86.7,1018.625,1024.1041666666667
884,4.710416666666666,4.682916666666666,4.499416666666667,4.1815625,0.5108958333333333,0.5067916666666666,0.4943125,0.5041666666666667,5.963125000000001,5.935833333333334,5.746833333333334,5.4405,140.35999999999999,7.4416875000000005,150.47958333333335,7.098270833333333,173.27916666666667,7.7435,3.611541666666667,4.918604166666666,6.587395833333333,2.353895833333333,78.1075,86.7,1016.8958333333334,1022.1875
885,7.00375,6.901291666666666,6.846854166666667,6.411770833333333,0.5941458333333333,0.5875625,0.591375,0.6397083333333333,8.460520833333334,8.398666666666667,8.3818125,7.992104166666667,119.73541666666667,4.6542916666666665,123.2625,4.872604166666666,138.29375000000002,5.862854166666666,5.5181875,7.252,9.008833333333333,2.778375,77.274375,86.7,1019.0416666666666,1024.5416666666667
886,7.4056875,7.303020833333334,7.423541666666666,7.160687500000001,0.6896249999999999,0.6790416666666667,0.6926041666666666,0.7640833333333333,9.0480625,8.966395833333333,9.158791666666668,9.099645833333334,117.48541666666667,5.477250000000001,121.23125,5.5973125,135.28541666666666,6.462104166666666,5.807354166666666,7.590625,9.381395833333334,2.0118125,70.74916666666667,86.7,1024.9375,1030.2291666666667
887,7.64675,7.574791666666666,7.2213125,6.8338125000000005,0.9318958333333334,0.8759791666666666,1.0134166666666666,1.1158333333333335,9.920208333333333,9.667041666666668,9.713104166666666,9.678645833333333,72.51770833333333,7.222041666666667,76.29229166666667,7.679166666666667,93.96875,9.267375,5.1507499999999995,7.923020833333333,11.2359375,0.9987499999999999,68.651875,86.7,1028.1041666666667,1033.3125
888,8.488875,8.475458333333334,7.7742708333333335,7.562291666666667,1.1721875,1.1105833333333333,1.2884583333333335,1.2423125,11.212770833333332,11.033041666666668,10.823583333333334,10.663354166666666,118.02125,6.645958333333334,120.87645833333333,7.241104166666666,137.84291666666667,8.373145833333334,5.373104166666667,8.7425625,13.476437500000001,-1.0128958333333333,84.81479166666666,86.7,1020.1458333333334,1025.3333333333333
889,14.459117647058823,14.262941176470589,13.808823529411764,13.220882352941176,1.701470588235294,1.6254117647058823,1.8238235294117646,1.8933823529411764,18.62470588235294,18.260882352941177,18.288235294117644,18.240588235294116,90.1635294117647,6.870970588235294,94.03617647058823,7.214647058823529,109.88088235294117,7.959470588235295,10.61370588235294,14.851764705882355,20.353235294117646,-2.067647058823529,70.925,86.7,1015.4117647058823,1020.5
890,18.096060606060604,17.740606060606062,15.745757575757576,15.442121212121211,1.8788787878787878,1.7698787878787878,2.4155454545454544,2.2199090909090913,22.317878787878787,21.757575757575758,21.569090909090907,21.03060606060606,70.76151515151516,5.287787878787879,74.7860606060606,5.712454545454546,93.79636363636364,6.670848484848485,10.29739393939394,18.28,30.40909090909091,-0.5754242424242424,73.75969696969698,86.7,1009.6666666666666,1014.5454545454545
891,16.808125,16.34625,14.811041666666668,14.143958333333332,1.6740416666666667,1.5658125,2.128083333333333,2.053,20.621666666666666,19.973541666666666,19.861250000000002,19.25979166666667,72.12145833333334,5.2689375,76.20854166666668,5.617770833333334,95.075,6.490333333333333,9.930083333333334,17.066041666666667,27.313958333333332,0.24427083333333333,70.39645833333334,86.7,1010.7916666666666,1016.3125
892,11.522291666666666,11.598541666666668,10.572916666666666,9.512500000000001,0.9912291666666667,0.8980416666666667,1.1682916666666665,1.2994791666666667,13.847916666666668,13.597499999999998,13.316875000000001,12.512916666666667,67.75879166666667,5.256125,69.96895833333333,5.807791666666667,65.21791666666667,8.077916666666667,7.9265625,12.28125,17.916666666666668,2.9417500000000003,72.843125,86.7,1015.9166666666666,1020.9166666666666
893,6.987708333333334,6.938479166666667,6.752104166666666,5.804125,0.484,0.47389583333333335,0.5164375,0.7827291666666666,8.07725,8.016541666666667,7.903416666666666,7.450187499999999,247.2841875,4.689208333333333,274.499125,5.136416666666666,227.34785416666668,14.3338125,5.565229166666666,7.476229166666666,9.4339375,3.8158958333333337,83.88020833333333,86.7,1022.9791666666666,1028.1458333333333
894,9.000375,8.6565,8.762770833333333,8.3675,0.7043750000000001,0.8343124999999999,0.7093541666666666,0.7675416666666667,10.852604166666666,10.711708333333334,10.575979166666666,10.337666666666665,230.03333333333333,4.5361875,229.19791666666666,4.889187499999999,248.10833333333335,6.332104166666666,7.0830625000000005,9.272333333333334,11.504541666666666,4.5765416666666665,76.24291666666666,86.7,1018.5833333333334,1024.375
895,8.204125,8.033395833333334,7.9930208333333335,7.527125000000001,0.8601041666666666,0.9836874999999999,0.85175,0.8777916666666666,10.334520833333334,10.352979166666666,10.044083333333333,9.703895833333334,232.26250000000002,6.7541875000000005,232.61458333333334,6.946104166666667,250.16458333333333,7.983791666666666,6.371083333333334,8.541916666666667,10.762604166666668,8.134354166666666,76.11708333333333,86.7,1005.8958333333334,1011.5416666666666
896,11.215770833333332,11.097312500000001,10.771583333333334,9.749979166666668,1.1287708333333333,1.19125,1.1295833333333334,1.1962291666666667,14.181062500000001,14.137062499999999,13.803520833333332,12.921395833333333,212.74166666666667,5.0013958333333335,213.3395833333333,5.3476875,232.77916666666667,6.731083333333333,8.9449375,11.8163125,14.720229166666668,7.303708333333333,80.30229166666666,86.7,986.9375,992.7083333333334
897,2.75025,2.722729166666667,2.6150625,2.2763125,0.251375,0.25752083333333337,0.21464583333333334,0.2226875,3.322270833333333,3.3035416666666664,3.1155625,2.8054791666666667,205.16645833333334,6.2964375,186.1480625,7.453666666666667,179.24645833333332,6.680020833333334,1.7726666666666666,2.9575625,4.819416666666666,6.1312500000000005,83.66854166666667,86.7,994.9791666666666,1000.25
898,4.748,4.793270833333334,4.6814583333333335,4.445104166666667,0.47570833333333334,0.5005833333333333,0.4341041666666667,0.46589583333333334,5.942458333333334,6.012104166666667,5.7763333333333335,5.6425625,221.09062500000002,8.330520833333333,215.906875,7.4116875,233.18312500000002,7.8617083333333335,3.4446250000000003,4.973395833333334,6.723645833333333,6.4766875,70.92291666666667,86.7,1003.2083333333334,1008.6458333333334
899,4.7920625,4.708,4.8133333333333335,4.599458333333334,0.33641666666666664,0.356125,0.30641666666666667,0.35893749999999996,5.648479166666667,5.589416666666668,5.5953124999999995,5.4760625,169.82354166666667,5.206125,168.96083333333334,4.8789375,183.47229166666668,5.384645833333334,3.2736875,4.9543124999999995,6.748729166666667,5.035354166666667,75.340625,86.7,1007.625,1012.8958333333334
900,7.209499999999999,7.2220625,6.914791666666666,6.316624999999999,0.7677499999999999,0.7906666666666666,0.7582708333333333,0.7908125,9.218729166666668,9.197791666666667,8.829770833333333,8.375458333333333,204.52916666666667,6.191520833333333,204.4416666666667,6.241770833333334,217.91875000000002,7.664479166666666,5.406145833333333,7.625979166666667,9.915958333333334,7.0123125,81.93666666666667,86.7,996.0416666666666,1001.4375
901,4.722895833333333,4.632375,4.4526875,4.1279375,0.41629166666666667,0.46025,0.4116458333333333,0.4332708333333333,5.733583333333333,5.7054583333333335,5.4915416666666665,5.1846875,208.544125,6.888708333333334,209.44458333333333,7.547666666666667,220.495,9.224020833333332,3.4907916666666665,4.940291666666666,6.553395833333333,4.606708333333334,82.71041666666666,86.7,993.8333333333334,998.9791666666666
902,5.847124999999999,5.7582708333333334,5.673041666666666,5.370604166666666,0.4252708333333333,0.4288541666666667,0.47581249999999997,0.5502291666666667,6.910854166666667,6.854937499999999,6.8495,6.647645833333333,144.44104166666668,4.3050625,147.486875,4.3968125,159.90979166666668,6.099729166666666,4.1978125,6.039104166666667,8.0245625,4.124708333333333,87.56666666666666,86.7,993.6041666666666,998.8125
903,7.887979166666667,7.864999999999999,7.7093125,7.415958333333333,0.6420416666666666,0.6141041666666667,0.7153958333333333,0.8031875,9.584999999999999,9.4854375,9.475083333333332,9.342041666666667,86.549375,4.2832083333333335,89.9225,4.250520833333334,106.14375,4.7193958333333335,5.759541666666666,8.1766875,11.057708333333332,4.397520833333333,95.55624999999999,86.7,991.7083333333334,996.8125
904,12.750851063829787,12.42659574468085,11.34212765957447,9.382978723404255,0.8876808510638298,0.7728085106382979,0.977127659574468,1.4291914893617021,14.592765957446808,14.047234042553193,13.563617021276595,12.705531914893616,33.10127659574468,3.2786170212765957,35.08872340425532,3.7132978723404255,52.68702127659574,9.11563829787234,9.166021276595744,13.668297872340425,18.282127659574467,3.653085106382979,92.44042553191488,86.7,995.531914893617,1000.4893617021277
905,7.228229166666666,7.068645833333334,6.582645833333333,5.861875,0.5386666666666667,0.5033124999999999,0.6042291666666667,0.8585833333333334,8.408770833333334,8.177354166666666,8.010458333333334,7.8760625,46.62991666666667,4.514625,49.220375,4.8678125,67.14770833333334,9.194020833333333,4.946958333333334,7.581854166666666,10.338041666666667,3.6300416666666666,81.193125,86.7,1005.1458333333334,1010.2708333333334
906,10.320645833333334,10.0564375,10.266270833333333,9.519625,0.7681041666666667,0.7498125,0.8221458333333334,0.9794375,12.214687499999998,11.9386875,12.263208333333333,11.986312499999999,94.47020833333333,4.331166666666666,98.36520833333333,4.5769375,114.99791666666665,5.4060625,7.9778125,10.689145833333333,13.417812499999998,3.4616666666666664,94.64583333333333,86.7,991.9583333333334,997.0208333333334
907,3.7622291666666663,3.643125,3.493770833333333,3.1601666666666666,0.36535416666666665,0.3910416666666667,0.3461666666666667,0.39227083333333335,4.632145833333333,4.572604166666667,4.320041666666667,4.033291666666667,161.96372916666667,7.390541666666667,175.49749999999997,7.83725,175.13375,8.546541666666666,2.87125,3.9413541666666667,5.431166666666666,5.891375,95.031875,86.7,982.4583333333334,987.6458333333334
908,8.346187500000001,8.304958333333333,7.9950625,6.528416666666666,0.7994791666666666,0.7829166666666666,0.8209375,1.0745,10.167791666666668,10.099874999999999,9.856979166666667,8.881791666666667,214.87581250000002,7.8309999999999995,216.34854166666665,7.662458333333333,217.6080625,14.182708333333332,6.155479166666667,9.094583333333334,12.265395833333335,6.4305625,90.6925,86.7,985.0208333333334,990.3958333333334
909,7.197729166666666,7.265270833333333,6.957979166666667,6.495479166666667,0.7628750000000001,0.7963541666666667,0.75625,0.8174375,9.200395833333333,9.326625,8.8628125,8.467583333333334,247.61041666666665,7.075833333333333,245.85208333333333,6.861416666666667,249.48022916666665,9.525291666666666,5.303999999999999,7.559375,9.87175,6.066520833333333,62.975833333333334,86.7,1004.375,1009.6875
910,7.374425531914894,7.351999999999999,7.108106382978724,6.344340425531915,0.9135106382978724,0.9072340425531915,0.9049574468085106,0.9314042553191488,9.834234042553192,9.795021276595744,9.527914893617021,8.819085106382978,149.18297872340426,7.68836170212766,149.13829787234042,7.688042553191488,159.57872340425533,9.082638297872341,5.466723404255319,7.834489361702127,10.337446808510638,8.578340425531914,70.37744680851064,86.7,1002.0212765957447,1007.4255319148937
911,4.200708333333334,4.194208333333333,3.7549166666666665,3.050125,0.40604166666666663,0.40214583333333337,0.40547916666666667,0.40158333333333335,5.134979166666667,5.079770833333334,4.731395833333333,3.979416666666667,218.03627083333333,6.79,229.76025,8.38975,195.23318749999999,9.821458333333334,2.9849374999999996,4.5687500000000005,6.4900625000000005,8.384041666666667,88.95520833333335,86.7,998.2708333333334,1003.6041666666666
912,2.8387083333333334,2.7644791666666664,2.9431041666666666,2.7364374999999996,0.19339583333333332,0.19395833333333334,0.1893125,0.21991666666666668,3.2881250000000004,3.224270833333333,3.3945000000000003,3.2181458333333333,191.40875000000003,4.082645833333333,185.09083333333334,4.376166666666666,198.23375,4.982479166666667,1.9288125,2.9702291666666665,4.1766875,8.937,84.30333333333333,86.7,1001.0208333333334,1006.7083333333334
913,4.7956875000000005,4.689520833333334,4.7949375000000005,4.568770833333333,0.3681041666666667,0.36600000000000005,0.3941666666666667,0.46318750000000003,5.6790416666666665,5.576416666666667,5.732625,5.618791666666667,152.49270833333335,5.1377291666666665,157.504375,5.072708333333334,177.21,6.440104166666667,3.4708124999999996,4.954354166666667,6.685958333333333,6.042541666666668,97.319375,86.7,1001.0416666666666,1006.25
914,7.472191489361702,7.492085106382978,6.42763829787234,5.6232127659574465,0.6164255319148937,0.5417446808510639,0.6340425531914894,0.8736382978723404,9.094595744680852,8.952574468085107,8.149212765957447,7.925446808510638,54.1631914893617,4.111893617021277,55.979574468085104,4.102297872340426,72.93787234042553,8.34436170212766,4.763914893617021,8.001425531914894,12.111617021276595,5.464872340425532,99.82127659574469,86.7,1000.2553191489362,1005.8297872340426
915,7.0073541666666666,7.2851875,6.223145833333334,5.45925,0.5161041666666667,0.41962499999999997,0.5837083333333334,0.7954791666666666,8.321354166666667,8.285708333333334,7.600479166666666,7.388104166666667,46.967083333333335,3.0446458333333335,49.42979166666667,3.3344583333333335,66.786875,8.307583333333334,4.548916666666667,7.7026458333333325,11.266874999999999,5.029375,99.35208333333333,86.7,1004.8125,1010.2291666666666
916,7.467770833333333,7.543354166666667,6.704375,5.9387083333333335,0.5036458333333333,0.45258333333333334,0.6166041666666667,0.8374166666666666,8.736291666666666,8.619979166666667,8.144958333333333,7.890604166666667,47.61385416666667,3.7115625,64.36795833333333,4.6295625,59.40083333333334,8.9743125,5.199416666666667,8.01975,11.354583333333332,4.9305208333333335,98.10625,86.7,1001.7916666666666,1007.0208333333334
917,4.549791666666667,4.466145833333333,4.0143125,3.3645625,0.30158333333333337,0.28983333333333333,0.33575,0.4823125,5.25075,5.161229166666667,4.837166666666667,4.440895833333333,115.73427083333333,5.966208333333333,129.67027083333332,7.017875,102.71066666666667,10.822166666666668,3.212229166666667,4.854020833333333,6.7235000000000005,6.148020833333334,98.54791666666667,86.7,999.625,1004.8125
918,5.109770833333333,5.0685416666666665,4.996125,4.5359791666666665,0.39441666666666664,0.4039375,0.38114583333333335,0.41227083333333336,6.0679791666666665,6.028416666666666,5.907770833333333,5.459,193.4625,4.858895833333333,194.11041666666665,4.592270833333333,211.5625,5.695250000000001,3.805270833333333,5.377604166666667,7.1469375,9.888458333333334,79.70541666666666,86.7,1007.5625,1012.8958333333334
919,5.850854166666667,5.710625,6.238541666666666,5.5864166666666675,0.418375,0.40924999999999995,0.40627083333333336,0.4897291666666667,6.84425,6.675104166666666,7.1304791666666665,6.659291666666667,108.71833333333332,3.9468125,112.50958333333334,3.8662916666666667,125.16333333333334,6.185958333333333,3.5073125,6.189541666666667,9.293687499999999,8.702020833333334,88.58895833333334,86.7,1001.5208333333334,1006.8541666666666
920,7.386854166666667,7.3908958333333326,6.974166666666666,6.115333333333333,0.7883749999999999,0.781375,0.7949375,0.8291666666666666,9.389041666666666,9.379708333333333,8.960812500000001,8.228541666666667,202.13541666666666,6.165583333333333,202.7541666666667,6.496666666666666,220.3083333333333,7.946000000000001,5.788625,7.885666666666666,10.073958333333334,11.314166666666667,73.06791666666668,86.7,1000.9375,1006.4583333333334
921,10.890479166666667,10.928062500000001,10.217645833333334,8.659604166666666,1.3059583333333333,1.2711875000000001,1.3067708333333334,1.3710416666666667,14.313416666666667,14.207895833333334,13.682270833333334,12.3070625,189.63750000000002,6.1809166666666675,189.66458333333333,6.396916666666667,205.82916666666665,8.270604166666667,8.391854166666667,11.760541666666667,15.212083333333332,12.512916666666667,76.53416666666666,86.7,1005.0416666666666,1010.5833333333334
922,8.046979166666667,8.056333333333333,7.561416666666666,6.499833333333334,0.9279999999999999,0.9108958333333333,0.8910833333333333,0.9115833333333333,10.507541666666667,10.496375,9.979750000000001,8.862895833333333,182.6,6.394395833333333,182.3125,6.47325,196.76458333333335,7.737520833333334,6.174125,8.642270833333333,11.180291666666667,16.658958333333334,73.99958333333333,86.7,1014.8958333333334,1020.4791666666666
923,5.2295,5.195270833333333,5.2155,4.2558541666666665,0.48510416666666667,0.4877291666666667,0.4847708333333333,0.537875,6.385437499999999,6.330020833333333,6.3700624999999995,5.519104166666666,180.51229166666667,7.3791875000000005,176.38845833333335,6.695479166666666,171.61454166666667,9.596083333333334,4.048479166666667,5.741,9.266958333333333,16.611250000000002,68.45125,86.7,1015.0,1020.5833333333334
924,3.453041666666667,3.3080416666666665,3.36,3.126625,0.37675,0.4185833333333333,0.36539583333333336,0.39047916666666665,4.412979166666667,4.349583333333333,4.218916666666667,4.043416666666666,194.88333333333333,9.636270833333333,173.68895833333332,9.181895833333334,184.39670833333332,8.5050625,2.3516458333333334,3.608916666666667,5.4926875,12.747916666666667,76.67604166666666,86.7,1015.5833333333334,1021.0208333333334
925,4.239895833333333,4.182625,4.6046875,4.2962291666666665,0.42333333333333334,0.40239583333333334,0.3988333333333333,0.43785416666666666,5.23675,5.1845,5.525604166666667,5.322229166666667,156.16083333333333,6.449583333333333,150.86875,6.384520833333333,159.48666666666665,6.014270833333334,2.3230625000000003,4.4595625,7.3746875,11.3915,78.84895833333333,86.7,1011.8125,1017.25
926,9.685479166666667,9.592333333333334,9.233979166666666,8.319083333333333,0.8718125,0.937875,0.8524166666666666,0.8935,11.850229166666667,11.856375,11.41275,10.63575,212.4333333333333,4.878770833333333,213.6,5.098333333333334,233.35,6.3581458333333325,7.7625,10.223729166666667,12.710416666666667,13.302083333333334,74.003125,86.7,998.8541666666666,1004.25
927,11.810208333333334,11.1745625,11.540750000000001,10.976145833333334,1.0240208333333334,1.2370416666666666,1.0153541666666668,1.2029166666666666,14.314583333333333,14.080833333333333,13.983125000000001,13.766020833333334,234.37291666666667,4.6942916666666665,235.55208333333334,5.0170625,255.80416666666667,6.3981666666666674,9.402354166666667,12.163958333333333,14.972708333333332,10.579166666666667,74.10666666666667,86.7,1000.6666666666666,1005.7291666666666
928,6.980395833333334,6.72925,6.815833333333333,6.402083333333334,0.6723750000000001,0.761875,0.6743125,0.7380416666666667,8.663541666666667,8.582583333333334,8.587979166666667,8.244645833333333,230.60833333333335,4.8421875000000005,230.33541666666667,5.103208333333334,248.10208333333333,5.9952499999999995,5.541645833333334,7.252229166666666,8.9765625,9.43675,78.26604166666667,86.7,1000.2916666666666,1005.5625
929,8.518104166666667,8.201395833333333,8.3175,8.019583333333333,0.7783958333333333,0.902375,0.7675416666666667,0.7818125,10.41275,10.338166666666666,10.187312499999999,10.012583333333334,235.23541666666665,5.079229166666667,235.86666666666667,5.160145833333334,255.43541666666667,6.461020833333333,6.7199583333333335,8.753770833333332,10.796791666666666,9.147041666666667,73.88229166666666,86.7,998.375,1003.5208333333334
930,10.65063829787234,9.922170212765957,10.40691489361702,10.088893617021277,0.9726382978723404,1.1664255319148937,0.9565957446808511,0.994872340425532,13.119872340425532,12.773702127659575,12.888787234042553,12.791170212765957,235.58085106382978,5.023659574468085,236.3531914893617,5.351255319148936,256.06170212765954,6.884553191489362,8.334914893617022,10.875574468085107,13.42663829787234,8.792702127659574,71.87702127659576,86.7,1001.0212765957447,1006.1489361702128
931,4.066458333333333,3.9936458333333333,4.029458333333333,3.7773125000000003,0.2730625,0.27397916666666666,0.28377083333333336,0.3623541666666667,4.722458333333333,4.6585833333333335,4.6664375,4.576875,149.76958333333332,5.333895833333333,149.523125,5.136270833333334,164.00833333333333,5.650979166666667,3.0416666666666665,4.212354166666667,5.5651875,6.9438125,78.70416666666667,86.7,1002.25,1007.5833333333334
932,4.932875,4.891520833333334,4.614770833333333,3.897229166666667,0.29010416666666666,0.27414583333333337,0.342875,0.5650416666666667,5.5778541666666674,5.482145833333334,5.3635625000000005,5.1430625,120.14522916666665,3.5994166666666665,128.94708333333332,4.665166666666667,92.67104166666667,9.6346875,3.5800208333333337,5.322708333333334,7.1598125,6.177395833333333,89.58333333333333,86.7,1006.0833333333334,1011.2708333333334
933,8.134520833333333,7.888416666666667,7.504479166666666,6.419270833333333,0.47389583333333335,0.44985416666666667,0.5755416666666667,0.8323333333333333,9.1456875,8.843,8.8003125,8.2894375,22.022583333333333,3.4185,23.338854166666668,3.8971666666666667,40.87270833333333,8.3914375,5.949020833333333,8.606979166666667,11.30625,6.242541666666667,79.79645833333333,86.7,1008.9375,1014.125
934,12.334041666666666,12.140020833333333,11.959333333333333,9.802833333333334,0.8891666666666667,0.8692500000000001,0.9476666666666667,1.4693541666666665,14.189791666666666,13.981041666666668,14.040104166666666,13.035604166666666,203.20985416666667,6.132937500000001,202.811875,6.672395833333333,120.13672916666667,13.176583333333333,9.747791666666666,13.3565625,16.974791666666665,5.886416666666666,78.15395833333334,86.7,1003.9166666666666,1008.6666666666666
935,8.616270833333333,8.604000000000001,8.382,7.772458333333333,0.8760833333333333,0.9097083333333332,0.8728333333333333,1.056875,10.813916666666666,10.820916666666667,10.545145833333335,10.179333333333334,222.83124999999998,5.795979166666666,222.7229166666667,5.913354166666667,242.0354166666667,7.518354166666666,6.6816875,9.0266875,11.426770833333334,8.395416666666668,66.751875,86.7,996.2291666666666,1001.5
936,10.7469375,10.761291666666667,10.324833333333332,9.470645833333334,1.2533333333333332,1.2774375,1.2517916666666666,1.3615208333333333,13.892916666666666,13.989583333333334,13.481875,12.980416666666665,230.16875000000002,5.800645833333333,230.0375,5.9726875,245.08124999999998,8.458708333333334,8.0971875,11.3615625,14.704374999999999,9.208666666666668,70.03479166666666,86.7,992.8333333333334,998.25
937,7.562354166666666,7.2792916666666665,7.340958333333333,6.953520833333333,0.7026666666666667,0.8101666666666666,0.704125,0.7181875,9.271958333333332,9.222875,9.048145833333333,8.767625,227.51874999999998,5.406583333333334,227.82916666666665,5.699416666666667,247.2145833333333,6.903875,5.900854166666666,7.8254166666666665,9.764458333333334,9.362104166666667,69.61,86.7,1007.9791666666666,1013.25
938,6.746604166666667,6.690666666666666,6.4728125,5.8536874999999995,0.6276458333333333,0.6624166666666667,0.6269166666666667,0.6624166666666667,8.351354166666667,8.352541666666665,8.001416666666666,7.4520625,222.34166666666667,5.6671249999999995,222.3791666666667,6.0255624999999995,239.99166666666667,6.769791666666666,5.263791666666667,7.125416666666666,9.011354166666667,13.375208333333333,75.608125,86.7,1013.3958333333334,1018.6875
939,6.164395833333334,6.1484375,5.889895833333333,5.1784791666666665,0.5706458333333334,0.6029791666666667,0.5473541666666667,0.5932291666666667,7.5370625,7.587125,7.180104166666666,6.5998125,217.8479166666667,5.320729166666667,219.68541666666667,5.586958333333333,241.28125,6.689416666666666,4.8834375,6.568416666666667,8.271479166666667,15.768541666666666,71.31979166666666,86.7,1016.4166666666666,1021.8125
940,3.4033125,3.2603958333333334,3.3785833333333333,2.7457499999999997,0.3544791666666667,0.3627291666666667,0.39989583333333334,0.38706250000000003,4.200458333333333,4.0741249999999996,4.230333333333333,3.629770833333333,165.995625,5.4651250000000005,167.7225,6.2471041666666665,182.31145833333335,10.680395833333334,2.2314166666666666,3.72325,6.0619375,15.33875,72.74583333333334,86.7,1014.7083333333334,1020.3541666666666
941,3.3464166666666664,3.2804583333333333,3.2116249999999997,2.8031458333333332,0.3707708333333333,0.3678333333333333,0.36747916666666663,0.40845833333333337,4.190625,4.1297500000000005,4.050416666666666,3.771875,139.84875,8.073229166666666,154.49056249999998,9.6361875,163.08979166666668,12.457020833333333,2.4605625,3.57725,5.851187500000001,16.783958333333334,68.98604166666667,86.7,1009.5,1015.1458333333334
942,6.2640625000000005,6.160520833333333,6.0080625,5.6180208333333335,0.5099791666666667,0.5939375,0.5081041666666667,0.5199166666666667,7.4972916666666665,7.514895833333333,7.239770833333334,6.886645833333334,235.30625,4.8880625,240.13333333333333,4.973583333333333,263.67291666666665,6.562520833333333,4.7673125,6.5367500000000005,8.366458333333332,16.036875,70.37416666666667,86.7,1000.625,1005.9583333333334
943,6.2858125,6.174416666666667,6.057333333333333,5.555666666666667,0.5635625,0.6392083333333333,0.5572708333333333,0.7127083333333334,7.7207083333333335,7.726666666666667,7.451020833333334,7.049479166666667,222.64374999999998,5.6418541666666675,223.32500000000002,5.842270833333333,244.4020833333333,6.822979166666666,4.8928125,6.590416666666666,8.333208333333333,11.7575,75.68666666666667,86.7,999.625,1004.7291666666666
944,7.121895833333333,6.966895833333333,6.9661875,6.702979166666666,0.7161458333333334,0.8045833333333333,0.753875,0.7917083333333333,8.810395833333333,8.861062500000001,8.7398125,8.655229166666667,236.49791666666667,6.575458333333334,236.53125,6.6636041666666666,253.72083333333333,7.915500000000001,5.622145833333334,7.358395833333333,9.242270833333334,10.7325,66.22958333333334,86.7,1004.8958333333334,1009.9791666666666
945,8.222687500000001,8.175833333333333,7.880333333333333,6.999270833333333,0.84025,0.838625,0.8348749999999999,0.8741249999999999,10.361708333333334,10.297895833333333,9.973125,9.260083333333332,147.18333333333334,6.914020833333333,146.73749999999998,6.759708333333333,158.20833333333334,7.931291666666667,6.2330625,8.722083333333332,11.445875000000001,12.47625,58.885625000000005,86.7,1006.625,1011.875
946,4.420520833333334,4.3861875,4.178708333333334,3.4244583333333334,0.3545416666666667,0.3454166666666667,0.3847083333333334,0.4819583333333333,5.279895833333334,5.214583333333334,5.096541666666666,4.522479166666667,122.20493750000001,7.038520833333333,119.43854166666667,7.073166666666666,104.03706249999999,9.822854166666668,3.3917083333333333,4.819520833333333,6.523541666666667,9.976041666666667,89.21520833333334,86.7,1005.75,1010.8125
947,3.2077500000000003,3.188541666666667,3.1151250000000004,2.671708333333333,0.28354166666666664,0.28920833333333335,0.30004166666666665,0.3510416666666667,3.8545416666666665,3.820895833333333,3.7782291666666663,3.4329375,204.7900625,6.1024375,198.1505,7.6522499999999996,187.62310416666665,10.210104166666666,2.1559791666666666,3.4537708333333335,5.1815,10.434375000000001,90.13458333333334,86.7,1007.2708333333334,1012.3125
948,3.565375,3.4972708333333333,3.304604166666667,2.8586666666666667,0.237125,0.25395833333333334,0.2412291666666667,0.3108125,4.108979166666667,4.069916666666667,3.891833333333333,3.5849375,178.92277083333332,4.502208333333333,199.80020833333333,4.794583333333333,178.14797916666666,7.326416666666667,2.303,3.814,5.5709583333333335,10.046333333333333,74.51395833333333,86.7,1015.0,1020.25
949,3.5972500000000003,3.5516666666666663,3.460354166666667,2.947416666666667,0.24035416666666667,0.24477083333333335,0.2758125,0.275125,4.193479166666667,4.161708333333333,4.1221041666666665,3.5998750000000004,205.36749999999998,5.724125,199.33872916666667,4.908333333333333,179.02452083333333,8.103270833333333,2.3856458333333332,3.8704583333333336,5.838041666666666,12.298958333333333,71.75791666666667,86.7,1015.0625,1020.5
950,9.966375,9.730020833333333,9.65225,8.0325625,0.6647083333333333,0.6500625,0.7202500000000001,0.9921666666666668,11.367125,11.086833333333333,11.225645833333333,10.302354166666667,124.91247916666667,6.408041666666667,117.67941666666667,7.069875,28.034479166666667,8.305125,8.169895833333333,10.710458333333333,13.251395833333333,8.861583333333334,81.49979166666667,86.7,1022.7916666666666,1027.75
951,4.73275,4.7155625,4.646645833333333,4.1312500000000005,0.3524791666666667,0.3393333333333333,0.3509583333333333,0.5686041666666667,5.518166666666667,5.4983125,5.4528541666666674,5.3428125,170.39620833333333,5.402520833333334,168.53308333333334,6.3513125,153.2768125,11.285333333333334,3.6039999999999996,5.0324374999999995,6.548041666666666,7.953666666666667,84.37958333333333,86.7,1022.6458333333334,1027.8541666666667
952,3.762083333333333,3.6679166666666667,4.050666666666666,3.9981666666666666,0.22766666666666668,0.24116666666666667,0.23399999999999999,0.2874583333333333,4.326458333333334,4.262770833333334,4.6350625,4.6625625,163.37083333333334,4.0556875,166.43958333333333,4.2354375,184.84583333333333,5.3929583333333335,2.3251458333333335,3.8266458333333335,5.526104166666666,9.142166666666666,73.36104166666667,86.7,1018.3958333333334,1023.5833333333334
953,4.787958333333333,4.6689375,4.749604166666667,4.319458333333333,0.4335625,0.43966666666666665,0.42822916666666666,0.46781249999999996,5.819895833333334,5.707541666666667,5.810270833333333,5.442645833333334,162.745625,5.378333333333334,164.50625,5.2305625000000004,180.9020833333333,5.994291666666666,3.1668333333333334,5.031541666666667,7.240020833333333,12.872583333333333,68.05729166666667,86.7,1015.6458333333334,1020.9791666666666
954,4.35025,4.252104166666666,4.773479166666667,4.390458333333333,0.5017916666666667,0.5103125000000001,0.5181458333333333,0.5287499999999999,5.574979166666666,5.5118125000000004,6.017270833333334,5.656937500000001,149.21916666666667,9.829375,148.68229166666666,7.840979166666666,161.46666666666667,7.386020833333333,3.0392083333333333,4.615145833333333,7.843229166666667,14.628124999999999,64.75375000000001,86.7,1013.4375,1018.7291666666666
955,3.4792083333333337,3.4095,3.396645833333333,3.2059166666666665,0.3153333333333333,0.30339583333333336,0.3338125,0.42191666666666666,4.2018125,4.116020833333333,4.13525,4.157166666666667,125.55895833333334,9.024958333333332,114.08091666666667,8.708270833333334,119.58164583333333,8.19375,2.1739375,3.608041666666667,5.760229166666666,11.407291666666666,85.34125,86.7,1011.875,1017.125
956,10.306020833333333,10.232541666666666,10.01375,7.889729166666666,0.6485833333333334,0.6344166666666666,0.6918333333333333,1.5020208333333331,11.769166666666665,11.698583333333334,11.562479166666668,10.762895833333333,340.16249999999997,4.396083333333333,338.60833333333335,3.7814374999999996,314.27524999999997,19.833541666666665,8.041208333333334,11.334354166666666,14.633541666666666,8.789583333333333,99.14791666666667,86.7,1016.0208333333334,1020.75
957,5.253541666666666,5.216291666666667,4.913374999999999,4.188083333333333,0.42754166666666665,0.3922916666666667,0.43970833333333337,0.7441458333333334,6.267291666666666,6.1453541666666665,5.9973125,5.850583333333333,118.18539583333335,4.85,119.20110416666667,5.1263125,121.17841666666668,11.3876875,3.6845625,5.649916666666667,7.842291666666667,9.122083333333334,93.67083333333333,86.7,1020.9166666666666,1026.125
958,5.15525,5.117333333333334,4.817833333333334,4.254333333333333,0.47908333333333336,0.4554375,0.5002916666666667,0.7556041666666666,6.276979166666667,6.171958333333333,6.021520833333334,5.927791666666667,111.67458333333333,6.041625,112.82145833333334,6.257041666666667,100.39597916666666,12.754,3.552520833333333,5.4730625,7.588,8.566666666666666,98.40416666666665,86.7,1018.9166666666666,1024.0625
959,9.977166666666667,9.8929375,9.547416666666667,7.190145833333333,0.4779791666666667,0.4684791666666666,0.5501041666666667,1.4183333333333332,10.991895833333333,10.893291666666668,10.7199375,9.9433125,334.56241666666665,4.009333333333333,338.8,2.849458333333333,351.02500000000003,19.355416666666667,7.949458333333333,11.08375,14.221874999999999,9.177916666666667,100.0,86.7,1016.0,1021.2916666666666
960,10.013291666666666,9.907458333333333,9.379895833333334,7.118979166666667,0.5424791666666667,0.5279791666666667,0.6417083333333333,1.2363958333333334,11.193895833333334,11.042125,10.769374999999998,9.621895833333333,322.1775833333333,5.852979166666667,333.1648333333333,4.3585625,285.8643333333333,17.9645625,8.094416666666666,11.066458333333332,14.055833333333332,10.391875,98.11666666666667,86.7,1018.6875,1024.125
961,7.289770833333333,7.138249999999999,6.875979166666667,5.206333333333333,0.3886875,0.3744791666666667,0.4449791666666667,0.81825,8.182812499999999,8.009041666666667,7.858270833333333,6.9403958333333335,165.9836875,5.716395833333333,234.16204166666668,6.090604166666666,138.75810416666667,11.440333333333333,5.544604166666667,8.068145833333334,10.674479166666666,11.370416666666666,98.22708333333333,86.7,1015.3958333333334,1020.5208333333334
962,6.153854166666666,6.0365,5.839395833333334,4.270145833333333,0.2670625,0.25933333333333336,0.3231041666666667,0.7691875,6.726770833333333,6.590270833333334,6.546729166666666,5.868875,250.34425,3.8543333333333334,280.947,3.392041666666666,261.10833333333335,13.084958333333333,4.340708333333334,6.872791666666667,9.4623125,10.975208333333333,100.0,86.7,1015.4791666666666,1020.6666666666666
963,7.507750000000001,7.401604166666666,6.9135833333333325,5.178041666666666,0.3197083333333333,0.31014583333333334,0.41272916666666665,0.8334583333333333,8.190541666666666,8.100291666666667,7.840958333333333,6.942458333333334,260.35752083333335,3.695979166666667,286.75100000000003,4.020979166666667,224.1112916666667,13.7634375,6.328625,8.302875,10.278125000000001,10.848958333333334,100.0,86.7,1014.8125,1020.2083333333334
964,9.75275,9.735249999999999,9.133083333333333,7.563020833333333,0.5535208333333334,0.5399583333333333,0.604,1.0997083333333333,10.951229166666666,10.939833333333333,10.5248125,9.802333333333333,335.12708333333336,4.784520833333334,332.7416666666667,3.2888749999999995,338.78333333333336,18.933062500000002,7.881645833333334,10.545479166666667,13.223999999999998,10.353125,100.0,86.7,1007.7083333333334,1013.25
965,3.5745,3.3906875000000003,3.891541666666667,3.3013958333333338,0.3075,0.3101875,0.3075833333333333,0.3344375,4.252395833333334,4.074979166666666,4.534541666666667,4.071270833333333,102.52672916666667,4.478229166666667,107.10145833333333,3.3451458333333335,115.5939375,5.080354166666667,2.0635625,3.8693333333333335,6.5191875,14.689583333333333,92.3625,86.7,1009.1041666666666,1014.2916666666666
966,2.986854166666667,2.8876875,3.1009583333333333,2.5962083333333332,0.3355208333333333,0.3318541666666667,0.312375,0.3534375,3.6805416666666666,3.5588333333333337,3.8003125,3.4199791666666663,94.87012499999999,6.033104166666667,93.94104166666666,5.391583333333333,107.37833333333333,7.572104166666667,1.7169583333333334,3.2412916666666667,5.736395833333333,13.228541666666667,94.50833333333333,86.7,1010.375,1015.75
967,1.8941666666666668,1.7914583333333332,2.0687083333333334,1.8627500000000001,0.19810416666666666,0.19395833333333334,0.19781249999999997,0.26979166666666665,2.3028333333333335,2.1886041666666665,2.5028333333333332,2.4402500000000003,168.00458333333333,7.839770833333334,163.63674999999998,6.141916666666667,133.7966875,8.508916666666666,1.2510000000000001,2.0167083333333333,3.4606666666666666,12.645208333333334,98.66666666666667,86.7,1010.1458333333334,1015.6875
968,3.9702708333333336,3.9351041666666666,3.5497916666666662,2.7891041666666667,0.2700625,0.2824375,0.2774583333333333,0.427625,4.577729166666667,4.558270833333333,4.210916666666667,3.6651666666666665,323.9458333333333,4.864416666666666,308.2135416666667,4.985625,293.05514583333337,12.055229166666669,2.934416666666667,4.346625,5.9334375,12.732916666666668,99.95625,86.7,1012.2083333333334,1017.625
969,7.3806875000000005,7.305958333333333,7.055854166666666,5.518354166666668,0.45345833333333335,0.437,0.4777291666666667,1.0308333333333333,8.356375,8.2535625,8.119729166666668,7.546208333333333,337.6256041666667,4.314145833333334,336.23327083333334,4.055833333333333,252.17095833333335,14.9700625,5.8356666666666674,8.118729166666666,10.4059375,10.582708333333334,99.94791666666667,86.7,1012.3958333333334,1017.8541666666666
970,8.1920625,8.121583333333334,7.9943124999999995,6.535458333333334,0.5546666666666666,0.5487916666666667,0.5825,1.1805,9.371958333333334,9.298875,9.280854166666666,8.786604166666667,343.2895833333334,5.3620833333333335,342.15208333333334,4.640770833333334,198.82685416666666,16.048104166666665,6.449145833333333,8.906145833333333,11.369166666666667,10.425208333333332,88.00625000000001,86.7,1012.625,1017.9583333333334
971,8.582458333333333,8.564104166666667,8.2955,7.008958333333333,0.4972916666666667,0.48881250000000004,0.529125,1.0103333333333333,9.7205625,9.672416666666667,9.488791666666666,9.022583333333333,337.03749999999997,4.201708333333333,334.7291666666667,3.1194583333333337,348.03125,18.383166666666668,6.90475,9.2369375,11.574229166666667,10.563541666666667,97.97291666666666,86.7,1010.3958333333334,1015.8125
972,6.097437500000001,6.055958333333333,6.014458333333334,5.398104166666666,0.3706666666666667,0.365875,0.40045833333333336,0.6924583333333333,6.921187499999999,6.880520833333333,6.898291666666666,6.755583333333333,277.0332291666667,5.8114375,313.19310416666667,5.9777916666666675,192.797875,13.1860625,4.941833333333333,6.427979166666667,7.915520833333333,10.922291666666666,92.59583333333335,86.7,1011.5833333333334,1016.9791666666666
973,5.28025,5.245791666666666,5.162166666666667,4.318104166666667,0.3395625,0.32956250000000004,0.36093749999999997,0.7899375000000001,6.063270833333333,5.997833333333333,5.983833333333333,5.839229166666667,262.3892916666667,4.8954375,261.4000625,4.699145833333334,223.5704375,14.792354166666668,4.008354166666667,5.70975,7.4363125,10.941666666666668,93.2,86.7,1011.9375,1017.4375
974,3.3731666666666666,3.3581875,3.2827708333333336,2.9476666666666667,0.26439583333333333,0.24141666666666664,0.3022916666666667,0.48222916666666665,3.9964375000000003,3.9538958333333336,3.98475,4.0101249999999995,195.32377083333333,4.8763125,196.01087500000003,5.225520833333333,189.43291666666667,10.837479166666666,2.2398124999999998,3.586895833333333,5.158125,11.308958333333335,90.79375,86.7,1010.4166666666666,1015.8333333333334
975,2.9953541666666665,2.8551875,3.1432916666666664,3.1459166666666665,0.23554166666666668,0.2311875,0.26289583333333333,0.33066666666666666,3.5453541666666664,3.391375,3.7269375,3.8839791666666668,105.93968749999999,5.569083333333334,116.86672916666667,6.610041666666667,131.4305625,7.396708333333334,2.215854166666667,3.0254583333333334,4.5611875,12.412708333333333,91.44708333333334,86.7,1008.5,1014.0625
976,4.382916666666667,4.2390625,4.092020833333334,3.674375,0.3228125,0.32460416666666664,0.369,0.5327291666666667,5.0956874999999995,4.971895833333334,4.896791666666666,4.803583333333333,127.54985416666666,5.008666666666667,124.52662500000001,4.8378958333333335,122.1454375,9.9359375,3.114645833333333,4.584583333333334,6.318666666666666,13.072083333333333,94.92708333333333,86.7,1008.2916666666666,1013.8541666666666
977,5.1044583333333335,5.059229166666666,5.020041666666667,4.106520833333334,0.34725,0.3341875,0.35920833333333335,0.7417083333333333,5.941666666666666,5.875520833333333,5.882208333333334,5.559541666666667,206.95529166666665,4.939666666666667,220.652875,5.085666666666667,180.78916666666666,11.982291666666667,3.6856666666666666,5.562104166666667,7.510854166666667,12.27125,85.88166666666666,86.7,1011.3958333333334,1016.9583333333334
978,7.341229166666667,7.202020833333333,7.1115208333333335,6.712479166666667,0.7548750000000001,0.8036666666666666,0.7516458333333333,0.7953958333333334,9.160979166666666,9.167020833333334,8.9166875,8.665208333333334,227.20416666666665,5.7242291666666665,228.31875,5.949416666666667,247.68125,7.636395833333332,5.6781250000000005,7.625854166666667,9.596583333333333,14.9125,70.7375,86.7,1006.0208333333334,1011.5208333333334
979,14.612583333333333,14.363750000000001,14.238354166666667,13.427854166666668,1.6113125000000001,1.6812708333333333,1.583,1.6255,18.540916666666664,18.5315625,18.192979166666667,17.78125,229.49375,5.459875,230.43958333333333,5.744604166666666,248.66666666666666,7.7190625,11.445520833333333,15.1931875,18.970833333333335,15.512916666666667,67.458125,86.7,995.875,1001.0208333333334
980,7.790916666666667,7.566624999999999,7.541916666666666,7.143729166666667,0.7164375000000001,0.8113333333333334,0.7245,0.7505000000000001,9.520666666666667,9.4231875,9.212541666666667,8.911833333333332,226.31875,4.920166666666667,227.2458333333333,5.288666666666667,248.4375,6.292791666666667,6.174625,8.050270833333334,9.936875,13.096458333333333,68.29833333333333,86.7,1006.3333333333334,1011.4166666666666
981,6.389937499999999,6.270854166666666,6.004083333333334,5.3667083333333325,0.6049375,0.6377083333333333,0.608,0.6649375000000001,7.8425625,7.806375,7.450708333333334,7.0177499999999995,207.72083333333333,5.1803333333333335,207.37708333333333,5.8160625,224.31458333333333,7.704604166666667,4.844666666666667,6.754958333333334,8.799958333333334,13.102916666666667,75.02125,86.7,1002.875,1008.1666666666666
982,7.3321875,7.2833958333333335,7.0285625,6.394520833333334,0.6573541666666667,0.7165208333333334,0.6581458333333333,0.7215208333333334,8.886583333333332,8.937083333333334,8.664541666666667,8.174270833333333,220.70208333333335,4.704958333333333,222.17916666666667,5.277291666666667,243.71041666666667,7.085562500000001,5.9082083333333335,7.7086250000000005,9.5474375,14.242708333333333,78.38645833333334,86.7,1003.3541666666666,1008.7291666666666
983,9.197333333333333,8.9925,8.973395833333333,8.634270833333334,0.9173958333333334,1.0454166666666667,0.9122083333333334,0.9604791666666667,11.525125000000001,11.562833333333332,11.1938125,11.136083333333334,240.16666666666666,5.446916666666667,241.2458333333333,5.686708333333333,259.90416666666664,7.173520833333334,7.246020833333333,9.4838125,11.740520833333333,15.539375,72.64604166666666,86.7,1005.5208333333334,1010.7708333333334
984,6.191791666666667,6.128541666666667,6.145854166666666,5.970104166666666,0.6708958333333334,0.7227291666666668,0.6711874999999999,0.6855833333333333,7.854958333333333,7.884479166666666,7.7900625,7.719416666666667,217.91979166666667,8.184125,216.34083333333334,6.577145833333333,230.98333333333335,7.413770833333333,4.6979375,6.400333333333333,8.656520833333333,14.37,69.516875,86.7,1010.9583333333334,1016.2083333333334
985,9.010875,8.988520833333334,8.728416666666666,8.06525,0.9164374999999999,0.9307916666666666,0.9013125,1.0009375,11.453249999999999,11.418708333333333,11.162770833333333,10.636208333333334,213.0527708333333,6.5771875,221.438125,6.679062500000001,208.69639583333333,9.5941875,6.915666666666667,9.448520833333333,12.0639375,14.448125,83.06958333333334,86.7,1007.875,1013.0208333333334
986,5.923145833333333,6.006729166666666,5.662187500000001,5.401375000000001,0.67925,0.6819583333333333,0.6496041666666666,0.6996458333333333,7.663041666666667,7.7569791666666665,7.363270833333334,7.204020833333334,240.57916666666665,7.997833333333333,241.03020833333335,7.94575,233.50437499999998,11.132979166666667,4.1508125,6.1894791666666675,8.404875,11.483958333333334,66.23166666666667,86.7,1017.2708333333334,1022.3958333333334
987,5.655854166666667,5.643770833333334,5.419604166666667,5.155291666666667,0.442375,0.4517291666666667,0.4426041666666667,0.534875,6.789208333333334,6.7865625,6.583479166666667,6.480583333333333,186.1553125,4.952854166666667,187.1034791666667,5.096166666666666,194.52031250000002,7.658020833333333,4.052125,5.876104166666667,7.835916666666667,11.866041666666668,61.68812500000001,86.7,1022.8541666666666,1028.0833333333333
988,3.6267708333333335,3.5193958333333337,3.6351666666666667,3.5484791666666666,0.3103125,0.3426458333333333,0.3095208333333333,0.34870833333333334,4.3888125,4.3305,4.322333333333334,4.3755625,171.24189583333336,7.314333333333333,162.9398125,5.637145833333334,177.00041666666667,6.8220625,2.634375,3.7180416666666667,5.353395833333334,12.321666666666667,72.71979166666667,86.7,1020.1458333333334,1025.3541666666667
989,4.269895833333334,4.167208333333334,4.6496875,4.421020833333333,0.26475,0.27416666666666667,0.30275,0.3476875,4.875479166666667,4.7805,5.3406666666666665,5.238666666666666,167.57874999999999,5.601,171.958125,5.546145833333334,188.25520833333334,6.865520833333334,2.785833333333333,4.42475,6.970395833333334,15.197708333333333,69.65791666666667,86.7,1017.75,1023.1041666666666
990,3.791229166666667,3.68875,3.7285416666666666,3.2185208333333333,0.247,0.266125,0.28472916666666664,0.3491875,4.376229166666667,4.295958333333333,4.35475,3.9994791666666667,126.42270833333333,4.215270833333333,120.6658125,3.9560625,135.84604166666665,6.022125,2.597125,4.048958333333333,5.80975,15.729583333333332,64.43833333333333,86.7,1019.3125,1024.4583333333333
991,3.2917083333333337,3.2497708333333333,3.1783125,3.0211875,0.39845833333333336,0.3790833333333334,0.4317708333333334,0.4840416666666667,4.275666666666667,4.160770833333333,4.185083333333333,4.2121875,66.82958333333333,9.383458333333333,78.1749375,10.2525,88.09297916666667,11.3464375,2.146729166666667,3.4288333333333334,5.366979166666667,11.443541666666667,98.06458333333335,86.7,1020.8958333333334,1026.0208333333333
992,4.359145833333334,4.197,4.8230208333333335,4.769833333333334,0.28202083333333333,0.27116666666666667,0.30212500000000003,0.42591666666666667,5.085083333333333,4.901041666666667,5.5473541666666675,5.67575,107.963375,7.17775,114.82687500000002,6.128333333333333,130.79354166666667,8.1975,2.625875,4.427875,6.701666666666667,12.645208333333334,89.24291666666666,86.7,1021.125,1026.25
993,3.2493958333333333,3.1784583333333334,3.1328541666666667,3.0152291666666664,0.26164583333333336,0.25385416666666666,0.27187500000000003,0.3232291666666667,3.8680000000000003,3.766875,3.754729166666667,3.751,122.12625000000001,4.267375,122.70708333333333,4.521270833333333,137.051875,6.0299375,1.8462291666666666,3.342166666666667,5.203875,13.30625,88.34229166666667,86.7,1020.5625,1025.9583333333333
994,3.852104166666667,3.7347291666666664,3.4210625,2.845083333333333,0.2636041666666667,0.2530625,0.29562499999999997,0.43702083333333336,4.472520833333333,4.335729166666667,4.1401875,3.8281875,152.40210416666667,4.389333333333333,163.541875,5.5992500000000005,128.70002083333333,8.835604166666666,2.8518958333333333,4.112145833333334,5.74675,13.500208333333333,94.0,86.7,1018.7708333333334,1023.9166666666666
995,4.4755416666666665,4.410708333333333,4.0914166666666665,3.5937291666666664,0.3748541666666667,0.3574375,0.4280833333333333,0.5306458333333334,5.383354166666667,5.280104166666667,5.1189375,4.922645833333333,56.57229166666667,4.5739375,58.677083333333336,4.631875,75.83395833333334,7.5676041666666665,3.0032708333333336,4.744791666666667,6.719666666666666,13.65625,92.28125,86.7,1013.9791666666666,1019.0416666666666
996,5.6745833333333335,5.564395833333333,5.701041666666666,5.290708333333334,0.32379166666666664,0.3108125,0.3310208333333333,0.4604791666666667,6.511395833333334,6.3538749999999995,6.517270833333334,6.376166666666666,78.28458333333333,3.771104166666667,86.44270833333333,5.199833333333333,104.37291666666665,5.14,3.8678333333333335,5.912520833333333,8.438458333333333,15.15875,85.395625,86.7,1011.1458333333334,1016.3125
997,5.7419166666666674,5.631125,5.312645833333334,4.033125,0.23639583333333333,0.21516666666666664,0.2914791666666667,0.4329791666666667,6.301020833333333,6.1230208333333325,5.948895833333334,4.9915625,47.9209375,3.319125,68.52966666666667,4.101895833333333,43.08270833333333,5.445916666666666,4.442458333333334,6.356958333333334,8.4308125,14.974583333333333,93.03166666666668,86.7,1014.8541666666666,1020.0208333333334
998,4.5843125,4.609291666666667,4.394666666666667,3.8177916666666665,0.3432291666666667,0.30370833333333336,0.3895,0.5025000000000001,5.365729166666667,5.3217083333333335,5.271375,5.024395833333333,83.09104166666667,4.616916666666667,92.39033333333333,5.225604166666667,72.49747916666666,8.083729166666666,3.5067083333333335,4.963666666666667,6.5995,14.101666666666667,86.590625,86.7,1015.0625,1020.1666666666666
999,3.129583333333333,3.045541666666667,3.1209375,3.0772708333333334,0.24060416666666665,0.24089583333333334,0.262125,0.30333333333333334,3.719041666666667,3.6340833333333333,3.750125,3.79175,139.80916666666667,5.800375,144.51520833333333,5.969666666666666,162.44166666666666,8.298125,2.0977916666666667,3.1780833333333334,4.597166666666666,14.897916666666667,87.28104166666667,86.7,1009.125,1014.2083333333334
1000,5.443874999999999,5.3379375,4.778625,3.9860208333333333,0.3046666666666667,0.30914583333333334,0.3318541666666667,0.4765,6.1114375,5.993166666666667,5.531312499999999,5.166895833333333,126.47385416666667,2.9488125000000003,128.33083333333335,3.390833333333333,140.76479166666667,7.980875,3.8718541666666666,5.840604166666666,7.932104166666666,16.037291666666665,83.37729166666666,86.7,1009.0625,1014.25
1001,3.627104166666667,3.570770833333333,3.8005,3.5405833333333336,0.2755416666666667,0.28052083333333333,0.2979375,0.333,4.248479166666667,4.195020833333333,4.465208333333333,4.311208333333333,145.558125,5.261958333333333,149.67083333333332,4.760416666666667,158.51895833333333,6.712354166666667,2.379395833333333,3.81875,5.91725,16.755416666666665,79.25458333333333,86.7,1013.8958333333334,1019.0
1002,4.087958333333334,4.009979166666667,4.124583333333333,3.658583333333333,0.24808333333333332,0.25575,0.24702083333333333,0.30839583333333337,4.6804375,4.6241666666666665,4.718354166666667,4.3243125000000004,159.86125,4.235166666666667,167.07204166666665,4.289354166666667,152.59910416666665,5.277645833333334,2.691708333333333,4.344145833333333,6.1936875,18.381249999999998,69.376875,86.7,1017.1666666666666,1022.2083333333334
1003,3.011645833333333,2.8325833333333335,3.1812291666666668,3.0707916666666666,0.2563958333333333,0.3042916666666667,0.25027083333333333,0.27314583333333337,3.6050416666666667,3.5049791666666668,3.7567916666666665,3.6891458333333333,169.80895833333332,8.250937500000001,164.91,7.881208333333333,177.28020833333335,7.83275,1.7377291666666668,3.102020833333333,5.0479375,19.919166666666666,68.6775,86.7,1019.1875,1024.25
1004,6.070833333333333,5.9921875,5.6732708333333335,4.8695625,0.43643750000000003,0.4050833333333333,0.47858333333333336,0.725375,7.0852916666666665,6.942791666666667,6.7923125,6.5019583333333335,86.09547916666666,5.163354166666667,94.66702083333332,5.5345625,89.41987499999999,11.309833333333332,4.532041666666667,6.476416666666666,8.49525,14.890625,90.38395833333334,86.7,1021.2083333333334,1026.1875
1005,6.7633125000000005,6.652562499999999,6.59425,5.8901875,0.5411875,0.5293333333333333,0.572,0.8215625000000001,8.010375,7.8589166666666666,7.9080625,7.6613541666666665,130.03120833333332,5.961875,130.30564583333333,6.3780833333333335,86.7675625,10.083833333333333,5.2545,7.118520833333334,8.995354166666667,14.125833333333333,78.535,86.7,1019.2291666666666,1023.9791666666666
1006,4.1513125,4.085791666666666,3.9654791666666664,3.3963958333333335,0.41189583333333335,0.3942291666666667,0.4495416666666667,0.6374166666666666,5.1338333333333335,5.054145833333333,5.046958333333333,4.9018125,133.259875,7.3573125,134.10308333333333,7.8838125,60.70374999999999,12.135208333333333,2.9729166666666664,4.445145833333333,6.000020833333333,14.380625,84.72708333333334,86.7,1016.6875,1021.6666666666666
1007,3.5323125,3.504583333333333,3.3707499999999997,3.0263125,0.3221875,0.2937916666666667,0.35535416666666664,0.5100625,4.320375,4.214125,4.214395833333334,4.178333333333334,138.53074999999998,6.3996458333333335,147.64166666666668,7.2878541666666665,74.91379166666667,11.367125,2.4442708333333334,3.7425833333333336,5.2585625,14.801041666666668,88.39999999999999,86.7,1016.3541666666666,1021.3333333333334
1008,3.0879583333333334,2.960270833333333,3.1248124999999995,2.9332083333333334,0.2930625,0.300375,0.29470833333333335,0.35320833333333335,3.8230833333333334,3.7109375,3.8517083333333333,3.754958333333333,161.31791666666666,6.538166666666666,164.240625,6.036479166666667,181.756875,7.899708333333334,2.0468333333333333,3.2114375,4.648708333333333,16.338333333333335,83.63541666666667,86.7,1015.3125,1020.3125
1009,4.9695625,4.8243125000000004,4.842958333333333,4.578458333333333,0.6405208333333333,0.6846458333333333,0.6461458333333333,0.6456875,6.454083333333333,6.4031875000000005,6.305020833333334,6.157270833333333,218.39374999999998,9.973479166666666,217.86458333333334,9.304499999999999,232.13958333333335,9.095083333333333,3.7579999999999996,5.168645833333334,7.065874999999999,19.26625,65.215625,86.7,1011.4375,1016.4583333333334
1010,4.808333333333334,4.680270833333333,4.876333333333333,4.367770833333333,0.4528125,0.4865625,0.44556250000000003,0.45579166666666665,5.863333333333333,5.801312500000001,5.850124999999999,5.419041666666666,193.57104166666667,6.386416666666666,192.23541666666665,6.216562499999999,202.02127083333335,8.215270833333333,3.5745,5.099020833333333,7.173395833333333,19.223958333333332,69.035,86.7,1007.5833333333334,1012.5208333333334
1011,4.2357708333333335,4.1568958333333335,4.158791666666667,3.743145833333333,0.38939583333333333,0.4126458333333333,0.40929166666666666,0.44858333333333333,5.108125,5.081625,5.085979166666667,4.73425,177.84625000000003,5.260083333333333,179.4729583333333,5.63025,199.795625,6.905375,3.1421458333333336,4.469229166666667,5.938458333333333,17.963125,82.99958333333333,86.7,1005.625,1010.625
1012,3.9421666666666666,3.8727916666666666,3.9471249999999998,3.8171041666666667,0.42804166666666665,0.46672916666666664,0.42191666666666666,0.48304166666666665,5.0184375,4.979125,4.931708333333334,5.002645833333333,201.47452083333334,10.926291666666666,209.56104166666668,10.061562499999999,195.14622916666667,11.493270833333334,2.9511041666666666,4.080791666666666,5.687395833333333,15.635416666666666,79.44145833333333,86.7,1006.6458333333334,1011.7291666666666
1013,5.128708333333333,5.0399375,5.1573125,4.865666666666667,0.3792291666666667,0.3784791666666667,0.37424999999999997,0.4148541666666667,6.023395833333333,5.9312499999999995,6.0079375,5.848958333333333,172.76791666666668,4.362729166666667,173.10833333333335,6.146583333333333,185.8375,5.454895833333333,3.72925,5.311770833333333,7.083458333333333,15.825000000000001,69.22875,86.7,1010.7083333333334,1015.7291666666666
1014,3.462666666666667,3.3369375,3.339229166666667,2.984541666666667,0.31233333333333335,0.3243125,0.28820833333333334,0.31697916666666665,4.175041666666666,4.099479166666667,4.029145833333334,3.7464166666666667,164.91979166666667,7.592,166.4825,9.821270833333333,172.46358333333333,8.378666666666666,2.519604166666667,3.6597500000000003,5.196354166666667,17.511458333333334,69.43041666666666,86.7,1011.1666666666666,1016.1458333333334
1015,4.848145833333334,4.745395833333333,4.865083333333334,4.7350625,0.380125,0.43245833333333333,0.3936041666666667,0.4292708333333333,5.728437500000001,5.7555000000000005,5.768145833333333,5.7516875,214.20833333333334,4.618354166666667,216.61041666666665,4.7306875,236.39374999999998,6.562083333333334,3.616145833333333,4.97125,6.4126666666666665,15.554166666666667,75.73875,86.7,1007.125,1012.0625
1016,3.6245,3.4972499999999997,3.7195,3.634604166666667,0.2889583333333334,0.3183958333333333,0.29897916666666663,0.33127083333333335,4.312437500000001,4.260354166666667,4.4135625,4.3996458333333335,199.57562499999997,7.10175,200.47708333333333,5.4246875,219.28333333333333,6.580583333333333,2.974083333333333,3.7093333333333334,4.945208333333333,16.980833333333333,82.033125,86.7,1006.5833333333334,1011.5833333333334
1017,4.408916666666666,4.180583333333334,4.6839375,4.270083333333333,0.3221041666666667,0.3560833333333333,0.32683333333333336,0.3564791666666667,5.2055625,5.052979166666667,5.462666666666667,5.138520833333334,169.54583333333332,4.698729166666667,165.603125,4.1632291666666665,187.15104166666666,4.741291666666666,3.138875,4.64275,7.023458333333333,19.248541666666668,78.29416666666667,86.7,1006.9375,1011.9375
1018,5.231770833333333,5.188395833333334,5.0996875,4.546479166666667,0.4766875,0.49927083333333333,0.47700000000000004,0.4828958333333333,6.337833333333333,6.334333333333333,6.185,5.728166666666667,206.57116666666664,6.068708333333333,209.43499999999997,6.3267500000000005,222.84708333333333,6.6269583333333335,4.02525,5.544458333333334,7.2058125,20.903541666666666,79.860625,86.7,1006.875,1011.9375
1019,3.928729166666667,3.832479166666667,3.8057708333333333,3.327541666666667,0.3938333333333333,0.4225833333333333,0.38445833333333335,0.3834583333333333,4.885854166666667,4.843687500000001,4.694500000000001,4.3031250000000005,182.30122916666667,5.907166666666666,176.65854166666668,6.1758125,185.74645833333332,7.3995,2.853145833333333,4.199875,5.746875,18.443749999999998,84.85000000000001,86.7,1006.1041666666666,1011.0416666666666
1020,4.577833333333333,4.464604166666667,4.355729166666666,3.99475,0.2690208333333333,0.29152083333333334,0.2714583333333333,0.3396875,5.280375,5.195166666666666,5.0381875,4.8151874999999995,153.81070833333334,4.230770833333334,161.77458333333334,4.233708333333333,164.642125,6.042270833333333,3.3505833333333332,4.784625,6.287208333333333,15.91375,78.54166666666667,86.7,1010.5416666666666,1015.3333333333334
1021,4.259916666666666,4.133770833333333,4.2371875,3.8530833333333336,0.48460416666666667,0.4857708333333333,0.5140416666666666,0.5487916666666667,5.465729166666667,5.357104166666667,5.4309166666666675,5.183458333333333,129.84875,9.902895833333334,133.68437500000002,11.382458333333332,150.16854166666667,9.745208333333332,2.8542083333333337,4.472979166666667,7.184145833333333,19.405,77.894375,86.7,1006.6458333333334,1011.7291666666666
1022,3.9284375,3.8308541666666667,3.669,3.119729166666667,0.6512708333333334,0.6655208333333333,0.6195208333333334,0.6229375,5.5604375,5.486125,5.2181875,4.5741249999999996,147.06729166666668,12.0636875,148.36354166666666,14.797375,151.08520833333333,17.14560416666667,2.6812916666666666,4.222625,6.4796458333333335,20.218541666666667,83.14916666666666,86.7,1001.25,1006.2083333333334
1023,9.06075,9.0361875,8.6693125,7.6578333333333335,1.0824791666666667,1.0681874999999998,1.079375,1.1211458333333333,11.859499999999999,11.765479166666667,11.359645833333333,10.442479166666667,170.49791666666667,6.852625,169.55625,6.954166666666667,182.4416666666667,8.136666666666667,6.82075,9.635166666666667,12.539875,16.60625,75.838125,86.7,992.8958333333334,998.0625
1024,10.145958333333333,10.1456875,9.6149375,8.556979166666666,1.2330625,1.2127083333333333,1.2004791666666665,1.1903541666666666,13.311916666666667,13.270458333333332,12.674354166666667,11.713000000000001,179.96875,6.422000000000001,180.3479166666667,6.6753125,195.25208333333333,7.990666666666667,7.497416666666666,10.781604166666666,14.169333333333334,16.57166666666667,84.340625,86.7,992.4791666666666,997.5625
1025,7.0576875,6.8892500000000005,6.793520833333333,6.0304166666666665,0.6760208333333333,0.7009583333333333,0.6796041666666667,0.7305208333333333,8.80025,8.726875,8.5110625,7.8658125,186.11666666666667,6.9515416666666665,186.73333333333335,7.080604166666666,203.6604166666667,9.17975,5.2750625,7.477895833333334,9.758875,16.352083333333333,80.61020833333333,86.7,1000.1666666666666,1005.1458333333334
1026,7.397770833333333,7.26325,7.065645833333334,6.316479166666666,0.7371666666666666,0.7843125,0.7319375,0.7662291666666666,9.183125,9.151791666666666,8.920250000000001,8.249041666666667,213.98958333333334,5.457520833333334,214.0583333333333,5.877166666666667,232.71666666666667,7.286833333333333,5.966479166666667,7.818041666666667,9.683020833333334,17.003958333333333,66.26020833333334,86.7,1005.9166666666666,1010.9791666666666
1027,6.539604166666667,6.5004583333333334,6.127479166666667,5.370645833333334,0.7164166666666666,0.7283125,0.7172708333333334,0.7561041666666667,8.386625,8.342416666666667,7.979083333333333,7.3076875,200.11458333333334,7.765979166666667,197.25333333333333,7.087916666666666,212.76375,8.1230625,5.2210833333333335,6.968374999999999,9.0384375,18.145416666666666,64.64375,86.7,1010.7708333333334,1015.9166666666666
1028,8.390375,8.1931875,8.115833333333333,7.4199375,0.7489583333333334,0.8296666666666667,0.7315416666666666,0.7773958333333333,10.2285625,10.2005625,9.981541666666667,9.376895833333334,221.96875,5.366895833333333,222.75625,5.6215,241.42291666666665,6.590833333333333,6.8364166666666675,8.8035,10.783770833333334,20.120416666666667,73.12020833333334,86.7,1012.75,1017.75
1029,4.8218125,4.742,4.540791666666666,3.894979166666667,0.48235416666666664,0.49352083333333335,0.4694583333333333,0.48364583333333333,5.959416666666667,5.945604166666667,5.660416666666666,5.025083333333334,241.05416666666667,6.242708333333333,242.32083333333333,6.889958333333333,261.5083333333333,8.691541666666668,3.904,5.170895833333334,6.495375,19.725416666666668,84.04708333333333,86.7,1014.4375,1019.5
1030,4.172291666666667,4.199208333333334,4.147458333333334,3.743854166666667,0.3442708333333333,0.345,0.33656250000000004,0.38256249999999997,5.017041666666667,5.043854166666667,4.9326875,4.640020833333334,226.62729166666668,7.259541666666666,218.01902083333334,6.661604166666667,226.13981249999998,7.144083333333334,3.1798333333333333,4.449,6.494229166666667,16.65625,77.49270833333334,86.7,1017.1458333333334,1022.1666666666666
1031,4.38075,4.295520833333334,4.4210416666666665,4.1827708333333335,0.4769375,0.5267708333333333,0.44606250000000003,0.438625,5.576604166666667,5.546895833333333,5.5068125,5.206270833333334,209.76395833333333,10.0833125,203.19035416666668,8.561916666666667,208.90910416666668,7.7855,3.3538333333333337,4.570729166666667,6.365416666666667,18.556250000000002,73.135,86.7,1014.4791666666666,1019.4583333333334
1032,5.758895833333334,5.699750000000001,5.5464375,5.1115,0.4904375,0.5244583333333334,0.49174999999999996,0.5171458333333333,6.935229166666667,6.9589583333333325,6.687541666666667,6.310895833333333,227.5041666666667,4.982333333333333,229.7125,5.548666666666667,250.99375,6.781854166666666,4.6068541666666665,6.0324791666666675,7.474208333333333,18.9925,75.25708333333334,86.7,1006.6875,1011.6458333333334
1033,4.115854166666667,4.0865833333333335,4.176458333333334,4.007125,0.38114583333333335,0.39087500000000003,0.3667291666666667,0.38725000000000004,4.975625,4.967375,5.0068125,4.9265625,206.00833333333333,6.523083333333333,204.970625,5.834645833333333,211.0404166666667,6.429125,3.0081458333333333,4.2928749999999996,6.156541666666667,18.190833333333334,78.21124999999999,86.7,1000.5625,1005.4583333333334
1034,7.304666666666667,7.0726875,7.135416666666667,6.796833333333333,0.5612916666666666,0.6462291666666666,0.5667708333333333,0.5946875,8.698437499999999,8.676020833333334,8.588083333333334,8.284374999999999,230.39791666666667,4.329458333333333,230.49166666666667,4.5540416666666665,250.4625,5.9902083333333325,5.828458333333334,7.5419583333333335,9.264208333333334,15.294375,70.608125,86.7,1001.0416666666666,1005.7708333333334
1035,4.674,4.641708333333333,4.616979166666667,4.4204791666666665,0.41250000000000003,0.42608333333333337,0.42235416666666664,0.42891666666666667,5.628041666666667,5.612625,5.585125000000001,5.403583333333334,197.07916666666665,7.5883125,189.85166666666666,7.028645833333333,208.17166666666665,8.006791666666667,3.426375,4.8390208333333335,6.4624999999999995,14.560416666666667,71.07416666666667,86.7,1005.9375,1010.4791666666666
1036,5.964958333333333,5.9926458333333334,5.722479166666666,5.3832916666666675,0.5927708333333334,0.5976666666666667,0.5984166666666667,0.6703749999999999,7.470833333333334,7.491645833333333,7.261875,7.057895833333333,239.40833333333333,7.137395833333334,238.45833333333334,7.9455625,247.9,9.087625000000001,4.519604166666666,6.2204375,8.074229166666667,13.250416666666666,74.0925,86.7,1007.4791666666666,1012.25
1037,5.034645833333333,4.964208333333334,5.068291666666666,4.903291666666667,0.5337291666666667,0.5630416666666667,0.4895,0.5208541666666667,6.370833333333334,6.334166666666667,6.305062499999999,6.203791666666667,165.18958333333333,9.225229166666667,165.21854166666665,8.337562499999999,181.744375,9.201208333333334,3.349979166666667,5.2000625000000005,7.311458333333333,14.465208333333335,71.626875,86.7,1010.9375,1015.7708333333334
1038,3.884,3.8456875,3.8238749999999997,3.3205416666666667,0.4187916666666667,0.41810416666666667,0.43102083333333335,0.4444791666666667,4.90375,4.8548125,4.873583333333333,4.4086875,182.56395833333332,6.467395833333334,174.58624999999998,6.9945208333333335,181.756875,10.346187500000001,3.0014583333333333,4.184166666666667,6.563854166666666,17.198125,92.9375,86.7,1000.5416666666666,1005.4791666666666
1039,3.9468541666666668,3.8625416666666665,4.2543125,3.1645416666666666,0.23210416666666667,0.230625,0.26133333333333336,0.42952083333333335,4.406854166666666,4.3174375,4.771541666666667,4.076229166666667,218.60991666666666,4.4550624999999995,291.14147916666667,4.7627291666666665,283.2256458333333,11.877,2.0362916666666666,4.469291666666667,7.982187499999999,15.810833333333333,99.11458333333333,86.7,999.9791666666666,1005.0
1040,6.999333333333333,6.783083333333334,6.826708333333333,6.3740625,0.5812499999999999,0.695125,0.5675208333333334,0.6027083333333333,8.38775,8.3673125,8.239270833333334,7.925729166666667,233.30208333333334,4.799979166666667,233.82500000000002,5.036604166666667,253.38750000000002,5.880020833333333,5.688041666666667,7.285104166666667,8.894562500000001,17.342708333333334,83.65770833333333,86.7,1005.3541666666666,1010.2708333333334
1041,10.198083333333333,10.2100625,9.860875,9.075645833333333,1.0309166666666667,1.0536874999999999,1.0147708333333332,1.0586666666666666,12.759020833333333,12.7896875,12.4746875,11.72375,215.1520833333333,5.197916666666667,216.2458333333333,5.648208333333333,236.49791666666667,6.905208333333333,8.2689375,10.694645833333333,13.134291666666668,19.050208333333334,82.423125,86.7,1003.2291666666666,1008.1875
1042,9.209104166666666,8.767645833333333,8.90925,8.514833333333334,0.7831875,0.9447708333333334,0.804875,0.8449375,11.1424375,11.023687500000001,10.824333333333334,10.741604166666667,232.67916666666667,4.962375,233.83333333333334,5.294958333333333,254.44791666666666,6.590541666666667,7.212083333333333,9.464458333333333,11.7328125,15.811666666666667,73.51,86.7,1001.5416666666666,1006.5208333333334
1043,10.195020833333333,10.131375,9.890145833333333,9.365354166666666,0.9466875,0.9832083333333334,0.9378541666666665,0.993125,12.454604166666668,12.500375,12.1790625,11.800479166666667,218.80416666666667,4.745541666666667,220.01666666666665,5.184125,241.31041666666667,6.541354166666667,8.101416666666667,10.568416666666666,13.0460625,14.678958333333334,79.900625,86.7,1007.0833333333334,1011.9791666666666
1044,11.2481875,10.979270833333333,10.882041666666666,10.201604166666668,1.0221041666666666,1.1581666666666666,1.0087708333333334,1.0446666666666666,13.844208333333334,13.735666666666667,13.369833333333332,12.79775,226.13333333333333,4.266145833333334,227.4125,4.701395833333334,249.26250000000002,5.804166666666667,9.141875,11.663291666666666,14.196916666666667,18.069583333333334,81.66666666666667,86.7,1006.8958333333334,1011.6666666666666
1045,7.412020833333333,7.320479166666666,6.954875,5.893270833333333,0.6544166666666666,0.686875,0.6675416666666667,0.8091875000000001,9.011979166666666,9.012479166666667,8.639895833333332,7.831270833333334,256.6958333333333,5.767125,256.2104166666667,5.781312499999999,249.036625,10.3876875,5.869479166666667,7.981458333333333,10.144604166666666,16.978333333333335,91.50770833333333,86.7,1006.8333333333334,1011.7916666666666
1046,3.6897291666666665,3.563,3.8303333333333334,3.5176458333333334,0.26027083333333334,0.26114583333333335,0.26647916666666666,0.36993750000000003,4.290395833333333,4.1545,4.448625,4.325729166666666,135.25641666666667,3.657375,157.02791666666667,4.713125,113.31729166666668,5.0184375,2.4216041666666666,3.8842499999999998,5.731541666666666,14.214374999999999,97.65625,86.7,1011.75,1016.6875
1047,4.226875,4.169333333333333,4.210625,3.6332083333333336,0.36170833333333335,0.36333333333333334,0.3783541666666667,0.4318958333333333,5.037249999999999,4.988020833333334,5.1049999999999995,4.608375,200.5533333333333,4.681229166666666,193.56887500000002,4.5843541666666665,196.78262500000002,7.7755624999999995,2.9566250000000003,4.538395833333333,6.472625,16.667916666666667,91.67645833333334,86.7,1010.2083333333334,1015.2916666666666
1048,8.515458333333333,8.588125,8.182625,7.513604166666667,0.6989375,0.718,0.6878541666666668,0.7338541666666667,10.202791666666666,10.260541666666667,9.904375,9.326708333333334,235.0895833333333,4.752729166666667,234.63958333333335,4.970375,250.54791666666665,6.4258125,6.879979166666666,8.9629375,11.0745,17.926875,83.25770833333333,86.7,1005.7083333333334,1010.6458333333334
1049,6.1314166666666665,5.903729166666667,5.9378125,5.839104166666666,0.552375,0.6469791666666667,0.5429166666666666,0.5639791666666667,7.553020833333334,7.447604166666667,7.3239374999999995,7.269854166666666,238.93958333333333,4.8735625,238.64374999999998,4.827875,258.11875000000003,6.606604166666667,4.538479166666667,6.251166666666666,7.9994375,12.842083333333333,81.465625,86.7,1003.0208333333334,1007.9375
1050,8.099770833333332,8.052041666666666,7.854791666666666,7.8023541666666665,0.7350833333333333,0.8198333333333333,0.7393958333333334,0.7374583333333334,9.898229166666667,9.936645833333333,9.6811875,9.736083333333333,247.61666666666667,5.1018125,247.15833333333333,5.328104166666667,263.64375,7.707625,5.9039166666666665,8.288625,10.726312499999999,11.814166666666667,77.76958333333333,86.7,1000.9375,1005.75
1051,4.894270833333334,4.9347916666666665,4.6544375,4.4355625000000005,0.4443958333333333,0.4266041666666667,0.43850000000000006,0.47904166666666664,6.100687499999999,6.050104166666667,5.779812499999999,5.580958333333334,190.9417083333333,5.271166666666667,190.96416666666667,5.3523958333333335,190.259375,8.401979166666667,3.2968124999999997,5.104395833333333,7.0917916666666665,11.653958333333334,73.905625,86.7,1005.5625,1010.5416666666666
1052,6.730770833333334,6.6887083333333335,6.331895833333333,5.696645833333334,0.7662916666666666,0.7777708333333333,0.7516250000000001,0.7517083333333333,8.657625,8.599083333333335,8.225520833333333,7.660333333333334,197.9416666666667,5.863416666666667,199.13750000000002,5.9827916666666665,217.60833333333335,7.715354166666667,4.979583333333333,7.121479166666667,9.3543125,12.444583333333334,83.70270833333333,86.7,998.1458333333334,1003.0625
1053,8.1635625,7.9312708333333335,7.933333333333334,7.653895833333333,0.7659791666666668,0.886625,0.7492083333333334,0.7509791666666666,10.081854166666666,10.104395833333333,9.889145833333334,9.6176875,245.07916666666665,5.111645833333333,245.02083333333334,5.2179166666666665,262.1041666666667,6.982645833333333,6.304166666666667,8.429,10.5915,14.861041666666667,79.993125,86.7,999.4583333333334,1004.3125
1054,6.025041666666667,5.9855833333333335,5.70075,5.0205416666666665,0.571125,0.5908958333333333,0.574625,0.6295416666666667,7.424729166666666,7.444729166666666,7.092645833333333,6.510229166666666,215.35208333333333,5.516541666666666,217.26874999999998,6.405458333333333,239.06041666666667,8.321791666666668,4.714083333333334,6.408895833333333,8.173,15.618541666666667,76.33083333333333,86.7,1007.6458333333334,1012.7291666666666
1055,4.683041666666667,4.67525,4.527833333333334,4.219645833333334,0.4382083333333333,0.439875,0.4230416666666667,0.42235416666666664,5.7835624999999995,5.792625,5.614,5.298875,188.15645833333335,6.2117708333333335,183.12937499999998,6.683833333333333,199.73479166666667,6.761875,3.378604166666667,4.909375,6.9231041666666675,14.230416666666665,75.34708333333333,86.7,1008.5416666666666,1013.4583333333334
1056,3.7139166666666665,3.6301666666666663,3.6702708333333334,3.6125000000000003,0.309875,0.3249375,0.3290625,0.40427083333333336,4.5014375,4.413729166666667,4.464520833333333,4.545520833333334,165.79749999999999,5.8557500000000005,167.84520833333332,5.914437500000001,178.53645833333334,7.544270833333333,2.5753125,3.7939583333333338,5.194916666666667,11.741458333333334,79.41979166666667,86.7,1016.6458333333334,1021.625
1057,4.723020833333334,4.637291666666667,4.737916666666666,4.503645833333334,0.3809375,0.3831875,0.373375,0.38608333333333333,5.618104166666666,5.5378541666666665,5.651166666666666,5.459270833333334,156.826875,5.241854166666667,161.21291666666667,5.777458333333333,178.78,6.520708333333332,3.570979166666667,4.875125,6.677833333333333,12.966875,70.81479166666666,86.7,1017.0208333333334,1022.0416666666666
1058,5.438791666666667,5.380125,5.245666666666667,4.731916666666667,0.4677708333333333,0.4967083333333333,0.4694583333333333,0.5164375,6.560666666666666,6.579145833333333,6.366083333333333,5.948645833333334,211.46041666666667,5.193958333333334,214.77916666666667,5.768125,236.71875,7.190354166666666,4.048229166666666,5.738520833333333,7.526229166666667,17.244791666666668,70.25479166666666,86.7,1016.0416666666666,1021.0416666666666
1059,5.880583333333334,5.8838125,5.474916666666666,4.480645833333333,0.612875,0.6107083333333333,0.6169583333333334,0.6560833333333334,7.458166666666667,7.453270833333334,7.0283541666666665,6.122833333333333,189.19583333333333,6.584416666666667,189.63541666666666,7.407416666666666,206.9416666666667,10.1703125,4.501875,6.411666666666666,8.4675625,20.343125,64.02041666666666,86.7,1014.8541666666666,1019.9166666666666
1060,8.291895833333333,8.215125,8.001708333333333,6.7891875,0.5700416666666667,0.5907291666666666,0.6139166666666667,1.0095208333333334,9.473729166666667,9.416583333333334,9.289833333333334,8.731166666666667,285.113125,5.3918125,285.97999999999996,5.161333333333333,271.95520833333336,14.986125,6.5687291666666665,8.901958333333333,11.309583333333334,13.926250000000001,88.77145833333333,86.7,1014.9791666666666,1019.9583333333334
1061,9.074458333333334,9.037437500000001,8.932104166666667,7.7993125,0.631625,0.623125,0.67175,1.1807083333333332,10.433208333333333,10.373416666666666,10.365666666666668,10.085083333333333,337.54791666666665,4.6036875,336.1375,3.9115,253.1346875,17.846041666666668,7.287458333333333,9.6666875,12.052291666666667,11.831041666666666,96.11666666666667,86.7,1016.4166666666666,1021.4166666666666
1062,4.2511874999999995,4.198166666666666,4.216895833333333,3.9705833333333334,0.29891666666666666,0.304625,0.3128958333333333,0.4829791666666667,4.9472499999999995,4.903208333333334,4.913625,4.962229166666667,228.5828958333333,4.904041666666667,234.8195208333333,5.1037083333333335,206.26047916666667,10.272791666666667,3.2604375,4.410208333333333,5.64375,12.268749999999999,95.26458333333333,86.7,1015.4166666666666,1020.4791666666666
1063,4.187875,4.197125,4.0310625,3.938083333333333,0.4618125,0.46125,0.4669375,0.49533333333333335,5.2985625,5.3089375,5.1503125,5.128604166666666,202.365,8.0825,203.3239583333333,8.322583333333332,205.8771875,11.586,2.747583333333333,4.3100625,6.029979166666667,11.492291666666667,78.82875,86.7,1008.3958333333334,1013.3541666666666
1064,7.347625,7.3198333333333325,7.119479166666667,7.052625,0.6261458333333333,0.6942708333333334,0.6048958333333333,0.6188333333333333,8.928958333333332,8.982270833333333,8.677999999999999,8.605020833333333,256.91041666666666,4.879958333333334,255.74166666666667,4.923708333333333,271.59583333333336,7.477145833333334,5.2595625,7.5175625,9.836229166666667,10.763395833333334,84.08958333333334,86.7,1004.7291666666666,1009.6458333333334
1065,7.284229166666667,7.2189375,6.9499375,6.490145833333333,0.6009375,0.6234791666666667,0.6015833333333334,0.6428958333333333,8.717333333333334,8.678979166666666,8.414958333333333,8.050104166666667,218.57916666666665,4.3423125,220.42083333333335,4.788729166666667,242.5375,6.115875,5.616833333333333,7.58125,9.576854166666667,13.606458333333334,83.64291666666666,86.7,1005.2916666666666,1010.2916666666666
1066,11.258333333333333,10.992645833333334,10.8273125,9.998333333333333,1.0183958333333334,1.1094583333333332,1.0116041666666666,1.1340833333333333,13.847916666666668,13.772083333333333,13.416875,12.808750000000002,216.45833333333334,4.741499999999999,217.26041666666666,5.101999999999999,237.4333333333333,6.642833333333333,8.989458333333333,11.750416666666666,14.535416666666668,15.591041666666667,77.385625,86.7,1004.0625,1008.9791666666666
1067,9.838791666666667,9.743166666666667,9.471041666666666,8.8614375,0.9436041666666667,0.9564166666666667,0.9129375,0.9419583333333333,12.297624999999998,12.159916666666668,11.9419375,11.3839375,218.51250000000002,4.821041666666667,219.29166666666666,5.194625,240.03333333333333,6.580604166666667,7.678229166666667,10.239062500000001,12.831979166666665,13.876458333333334,75.51041666666667,86.7,1007.5208333333334,1012.4375
1068,9.3661875,9.1593125,9.0885625,8.719395833333333,0.9636666666666667,1.0634583333333334,0.9430833333333334,0.9868125,11.780416666666667,11.7530625,11.46,11.167250000000001,232.32500000000002,5.506895833333334,232.96666666666667,5.836145833333333,251.52083333333334,7.475666666666666,7.161895833333333,9.664854166666666,12.204166666666666,14.511666666666665,74.62895833333333,86.7,1006.0833333333334,1010.9166666666666
1069,8.032645833333333,7.944729166666666,7.822020833333333,7.650333333333333,0.8042083333333333,0.8789166666666667,0.7959375,0.813125,10.118333333333334,10.122958333333333,9.842895833333333,9.788041666666667,238.3375,5.6419999999999995,238.4333333333333,5.819687500000001,255.725,7.783458333333333,6.0881875,8.252,10.4475625,13.339791666666665,65.970625,86.7,1012.9791666666666,1017.875
1070,9.574270833333333,9.399833333333333,9.32925,8.894479166666667,0.8746666666666667,0.9335208333333332,0.8670208333333332,0.9224375,11.723729166666667,11.640729166666667,11.4853125,11.204104166666667,219.61875,5.1134375,220.36041666666665,5.49925,240.70833333333334,6.926104166666666,7.547770833333334,9.895291666666667,12.257916666666667,13.301458333333334,76.11291666666666,86.7,1011.4166666666666,1016.2708333333334
1071,8.748416666666666,8.528979166666668,8.490895833333333,8.117875,0.7972291666666668,0.9133541666666667,0.7730208333333333,0.8067083333333334,10.696208333333333,10.686979166666667,10.401083333333334,10.158208333333333,225.90833333333333,4.742125,226.725,5.069,246.5375,6.7106875,6.830208333333334,9.0216875,11.229770833333333,13.463958333333332,80.13437499999999,86.7,1007.9166666666666,1012.75
1072,5.426645833333333,5.4171875,5.090833333333333,4.680541666666667,0.5295208333333333,0.5514583333333333,0.5486875,0.5799166666666666,6.776541666666667,6.785833333333333,6.4424375000000005,6.196208333333334,221.08124999999998,6.105979166666667,220.73125000000002,6.684562499999999,237.45208333333335,9.281458333333333,3.92675,5.706895833333333,7.580125,12.787291666666667,77.46895833333333,86.7,1012.4375,1017.3541666666666
1073,10.433166666666667,10.352979166666666,9.980479166666667,9.012520833333333,1.0239166666666666,1.0456666666666667,0.9959375,1.1092291666666667,13.006437499999999,12.998750000000001,12.539229166666667,11.775062499999999,213.63750000000002,5.2917499999999995,214.88750000000002,5.739020833333334,235.4125,7.257874999999999,8.264604166666667,11.008520833333334,13.804479166666667,15.616041666666668,74.26125,86.7,1004.8541666666666,1009.6875
1074,6.536229166666668,6.556395833333333,5.994458333333333,5.046145833333333,0.7557916666666666,0.7475208333333333,0.7433333333333333,0.7640208333333334,8.506208333333333,8.4688125,7.870916666666666,6.986645833333333,199.82500000000002,5.770625,201.82291666666666,6.3174375000000005,222.72083333333333,8.148333333333333,4.851916666666667,7.054854166666666,9.330375,16.656875,78.57062499999999,86.7,1002.3125,1007.2916666666666
1075,12.623854166666666,12.535395833333332,12.004541666666666,10.832854166666666,1.3949166666666668,1.41325,1.3683958333333335,1.40475,16.257291666666667,16.107083333333332,15.634166666666667,14.640187500000001,204.54166666666666,5.417229166666666,205.53958333333333,5.724625,224.64166666666665,7.168,9.804083333333333,13.320625,16.904166666666665,17.962083333333332,74.0475,86.7,992.3541666666666,997.1458333333334
1076,15.501624999999999,15.080645833333334,14.931354166666667,13.678062500000001,1.7540625,1.8197916666666665,1.7281041666666666,1.7774999999999999,20.018333333333334,19.731666666666666,19.260833333333334,18.340833333333332,212.73333333333335,5.4921875,213.60833333333335,5.857958333333333,233.17499999999998,7.8103750000000005,12.158395833333332,16.223958333333332,20.348958333333332,15.357291666666667,69.48229166666667,86.7,994.8541666666666,999.4791666666666
1077,7.602374999999999,7.646541666666667,7.233291666666666,6.8069375,0.7560416666666666,0.7320000000000001,0.7913958333333334,0.8538541666666667,9.579020833333333,9.5503125,9.277166666666668,8.931479166666668,161.82020833333334,5.7242291666666665,162.9575,6.173416666666667,181.13541666666666,7.267604166666666,5.5873124999999995,7.92725,10.679,11.612083333333333,80.92333333333333,86.7,996.4791666666666,1001.4166666666666
1078,11.349041666666666,11.133041666666665,11.110416666666666,10.969791666666666,1.0760416666666666,1.1937708333333334,1.0617916666666667,1.0963541666666667,14.017666666666665,14.031458333333333,13.790979166666666,13.814791666666666,264.8125,5.360375,264.6479166666667,5.475645833333334,265.2607083333333,8.801499999999999,8.418604166666666,11.608145833333333,14.837291666666667,10.202104166666667,78.745,86.7,991.5208333333334,996.4791666666666
1079,7.3224374999999995,7.2316666666666665,7.0535,7.026916666666668,0.6352291666666666,0.7169166666666666,0.6272083333333334,0.6082500000000001,8.83725,8.8800625,8.604000000000001,8.5755625,242.48541666666665,4.843854166666667,242.0875,4.9650625,259.68125000000003,6.7199583333333335,5.298875,7.4524791666666665,9.65275,10.2225,72.861875,86.7,1007.375,1012.1875
1080,5.097020833333334,5.0574375,5.0566875,4.892979166666667,0.44593750000000004,0.4713333333333333,0.4416875,0.5824583333333333,6.208166666666667,6.206229166666667,6.127979166666666,6.197083333333333,274.1697291666667,6.6565,271.51452083333334,6.583312500000001,226.43422916666668,10.122583333333333,3.542125,5.2663125,7.082604166666666,8.661916666666666,79.61687500000001,86.7,1013.6875,1018.4375
1081,6.657916666666666,6.6652708333333335,6.512020833333334,6.5028125,0.648125,0.7030416666666667,0.6265,0.6452916666666667,8.280875,8.369458333333332,8.054895833333333,8.129624999999999,262.9375,5.642166666666667,261.15833333333336,5.546520833333333,276.06666666666666,7.917583333333333,4.799458333333333,6.815416666666667,8.8755625,9.898229166666667,72.03208333333333,86.7,1028.2291666666667,1033.1875
1082,9.478916666666667,9.521354166666667,9.134291666666668,8.638104166666666,0.8782916666666667,0.8777291666666667,0.8592083333333332,0.9179791666666667,11.660916666666667,11.656,11.331229166666667,10.926,215.83333333333334,5.189541666666666,217.0041666666667,5.701083333333333,238.51874999999998,7.151833333333333,7.2867291666666665,9.842458333333333,12.434229166666666,11.658541666666666,70.75791666666667,86.7,1025.4375,1030.375
1083,12.352041666666667,12.052958333333335,11.960104166666667,11.285270833333334,1.015125,1.1466666666666667,1.0181875,1.0758125,14.935416666666667,14.830625,14.547291666666666,14.104625,226.88958333333335,4.179520833333333,227.83333333333334,4.584791666666667,249.57708333333335,5.884479166666666,9.929166666666667,12.7796875,15.645000000000001,15.785625000000001,83.49979166666667,86.7,1018.4375,1023.125
1084,9.9755,9.918000000000001,9.692104166666667,9.034354166666667,0.81575,0.8682083333333334,0.8148958333333334,0.8991458333333333,11.973333333333334,11.967479166666665,11.626750000000001,11.258645833333333,210.69397916666665,5.303895833333333,218.15800000000002,5.401416666666667,220.93541666666667,7.151833333333333,8.02625,10.4148125,12.808229166666665,15.143958333333332,76.41395833333333,86.7,1016.8333333333334,1021.5833333333334
1085,4.481125,4.495729166666666,4.405,4.276791666666667,0.37320833333333336,0.3725,0.36831250000000004,0.4559583333333333,5.430625,5.4480208333333335,5.3694375,5.344375,230.26520833333333,5.5650625,228.76645833333336,5.883604166666667,236.6705625,8.954854166666667,3.228270833333333,4.624770833333334,6.123125000000001,9.753541666666667,74.35125000000001,86.7,1024.9583333333333,1029.9375
1086,7.750583333333334,7.5224375,7.477083333333333,7.365375,0.7137291666666666,0.8339166666666666,0.7121666666666666,0.7215625,9.4994375,9.489333333333333,9.292791666666666,9.213770833333333,232.99375,4.999604166666667,235.37708333333333,5.504479166666666,256.51875,7.730145833333332,5.6503958333333335,7.911104166666667,10.2494375,10.112208333333333,72.68020833333334,86.7,1017.6041666666666,1022.375
1087,8.213895833333334,8.199166666666667,7.993833333333334,7.949291666666667,0.8636875,0.9192083333333333,0.8369791666666666,0.8108749999999999,10.411541666666666,10.525770833333334,10.128124999999999,10.083145833333333,264.12291666666664,5.332395833333334,263.3625,5.381583333333334,277.9770833333333,8.187458333333334,6.031395833333334,8.426520833333333,10.872791666666666,10.708541666666667,71.47500000000001,86.7,1010.3958333333334,1015.2916666666666
1088,7.099354166666667,7.220541666666667,6.9245833333333335,6.880583333333333,0.7374791666666667,0.7323958333333334,0.6829375,0.7146875,9.043104166666668,9.1276875,8.6966875,8.788916666666667,272.6020833333333,6.239895833333333,270.96666666666664,6.465604166666666,284.8833333333333,9.790020833333333,5.0326458333333335,7.305291666666666,9.678291666666667,8.923770833333334,74.63479166666666,86.7,1015.7083333333334,1020.625
1089,11.621979166666668,11.901208333333335,11.325395833333333,11.205208333333333,1.2612708333333333,1.2755416666666666,1.2134791666666667,1.2218958333333334,14.955916666666667,15.1836875,14.417041666666668,14.469145833333334,268.5416666666667,5.755604166666667,267.68333333333334,5.708708333333333,280.28125,8.581854166666666,8.530708333333333,12.027500000000002,15.613416666666666,12.608958333333334,70.3475,86.7,1008.75,1013.5625
1090,6.254645833333334,6.1215625,6.047562500000001,5.837583333333334,0.6386666666666666,0.6977708333333333,0.6049791666666667,0.6040833333333333,7.857541666666666,7.842833333333334,7.575645833333333,7.438124999999999,237.71041666666667,5.5211041666666665,236.8479166666667,5.7981875,254.20416666666665,7.986541666666667,4.652708333333334,6.450125,8.341916666666666,12.524583333333334,78.10375,86.7,1016.1875,1020.9791666666666
1091,9.0576875,9.092125000000001,8.749166666666666,8.103125,0.8472291666666667,0.8350833333333334,0.8304374999999999,0.8587291666666667,11.190104166666666,11.176270833333334,10.881958333333335,10.324583333333333,212.80625,5.1979375,213.61458333333334,5.622895833333334,233.72708333333333,6.803708333333333,7.201625,9.481250000000001,11.791416666666665,14.566666666666668,85.91958333333334,86.7,1011.8125,1016.6458333333334
1092,4.379770833333334,4.350666666666666,4.2129375,3.7136041666666664,0.38025,0.3621666666666667,0.39618749999999997,0.6279791666666666,5.301729166666667,5.216270833333334,5.1485625,5.0484374999999995,168.01995833333334,7.2632916666666665,176.95977083333332,7.1353125,111.16702083333332,12.036875,3.185375,4.664229166666667,6.293895833333333,9.097375,91.71770833333333,86.7,1008.5625,1013.3541666666666
1093,5.585979166666667,5.522812500000001,5.496958333333333,4.867,0.5818333333333333,0.5971875,0.5927083333333333,0.87975,6.941916666666667,6.880166666666667,6.876645833333334,6.7555625,258.07585416666666,11.201479166666667,257.18864583333334,10.641375,203.66689583333334,15.774687499999999,4.0505,5.942083333333334,8.053395833333333,8.4753125,83.223125,86.7,1008.9791666666666,1013.7916666666666
1094,9.253479166666667,9.325354166666667,8.948166666666667,8.471270833333334,0.8857916666666666,0.8625416666666667,0.8682916666666666,0.9416666666666668,11.455958333333333,11.479083333333334,11.129375000000001,10.740958333333333,212.90833333333333,4.7418125,214.18958333333333,5.27975,235.80208333333334,6.967020833333334,7.042729166666667,9.617333333333333,12.215458333333332,8.526854166666666,78.33229166666666,86.7,1011.4166666666666,1016.25
1095,11.871333333333332,11.873833333333332,11.4585,10.610541666666666,1.125625,1.1219375,1.1047916666666666,1.1751875,14.893958333333332,14.889375,14.367708333333333,13.653333333333334,214.57708333333335,5.261354166666666,215.3791666666667,5.5441666666666665,235.94375,6.745541666666667,9.444416666666667,12.418333333333335,15.421875,13.884583333333333,79.375625,86.7,1005.8333333333334,1010.625
1096,9.8289375,9.7136875,9.408333333333333,8.620729166666667,0.9888750000000001,1.0321666666666667,0.9616875,0.9746875,12.347791666666666,12.300479166666667,11.893166666666666,11.075125,219.375,5.4011458333333335,221.02291666666667,5.7426666666666675,242.07916666666665,7.1861041666666665,7.708749999999999,10.30925,12.976750000000001,14.292916666666665,73.53833333333334,86.7,1005.125,1009.9583333333334
1097,3.981083333333333,3.9051041666666664,4.082833333333333,3.7556666666666665,0.4685416666666667,0.4628125,0.4549375,0.4435,5.2078541666666665,5.098291666666667,5.151708333333334,4.7753125,137.150875,11.932979166666668,135.52295833333332,11.157458333333333,160.90937499999998,10.475187499999999,2.6452708333333335,4.186333333333333,6.932854166666666,14.873750000000001,79.62729166666666,86.7,1005.6875,1010.625
1098,7.490666666666667,7.457791666666666,7.204645833333333,6.3785625,0.9218958333333332,0.9082708333333334,0.8877708333333333,0.9302916666666666,9.892895833333332,9.880374999999999,9.396708333333335,8.752,152.494375,9.466291666666667,157.49104166666666,8.7095625,164.86916666666667,8.381229166666666,5.424791666666667,7.9824166666666665,10.792604166666665,16.409791666666667,80.41020833333333,86.7,994.4166666666666,999.4166666666666
1099,14.619375,14.668041666666667,13.554833333333333,11.525770833333333,1.9467708333333331,1.8975416666666665,1.9179166666666667,1.9163333333333332,19.74383333333333,19.625791666666668,18.380895833333334,16.61375,185.42916666666667,6.833395833333333,185.92499999999998,7.0369166666666665,201.73541666666665,8.797791666666667,10.776645833333333,15.766041666666666,20.95075,15.9525,83.43854166666667,86.7,992.1875,997.3958333333334
1100,11.893395833333335,11.89475,11.051395833333332,9.233375,1.5459375,1.5077083333333334,1.4855208333333332,1.5466875,15.938,15.857604166666667,14.9700625,13.366583333333333,193.88750000000002,7.7270416666666675,193.07708333333335,7.580958333333334,201.13625,9.06,9.067625,12.8815625,16.899,18.559166666666666,82.35708333333334,86.7,993.5416666666666,998.8125
1101,4.5689166666666665,4.548583333333333,4.465729166666667,4.359729166666667,0.49681250000000005,0.5011458333333333,0.49695833333333334,0.5390208333333334,5.783291666666667,5.766958333333334,5.7430208333333335,5.728395833333334,225.31083333333333,6.945895833333334,224.69354166666668,6.673125,239.43499999999997,8.656333333333334,3.3498125,4.708875,6.186729166666667,10.926333333333332,83.89645833333334,86.7,1001.0208333333334,1005.9791666666666
1102,3.8256041666666665,3.799041666666666,3.8745833333333333,3.6203125000000003,0.3267291666666667,0.32977083333333335,0.3425416666666667,0.4730833333333333,4.655666666666667,4.611583333333333,4.720854166666666,4.6268125,206.81541666666666,6.877541666666667,209.39870833333336,6.5733749999999995,179.4680625,9.715979166666667,2.7251875,4.0060416666666665,5.7450624999999995,9.132416666666666,92.49791666666665,86.7,1008.3541666666666,1013.3125
1103,6.5812083333333335,6.617291666666667,6.272333333333333,5.563083333333334,0.7057291666666666,0.6891041666666666,0.67925,0.7348541666666667,8.364020833333333,8.328125,8.020375,7.416166666666666,181.99166666666667,5.407895833333334,183.55416666666667,5.8099375,202.70208333333335,7.2273958333333335,5.079,7.0118125000000004,8.995520833333334,12.861458333333333,89.00625000000001,86.7,1005.625,1010.7291666666666
1104,5.464854166666666,5.522854166666666,5.226479166666667,4.912604166666667,0.49952083333333336,0.5125000000000001,0.482625,0.4718333333333333,6.7703541666666665,6.836020833333333,6.43575,6.105291666666666,254.38125,5.892291666666666,246.73508333333334,6.2184791666666674,256.59454166666666,7.996729166666667,4.078229166666667,5.727374999999999,7.457249999999999,12.32125,82.02395833333334,86.7,1011.625,1016.7083333333334
1105,3.5429375000000003,3.4386875,3.6164375,3.5647291666666665,0.26608333333333334,0.3035,0.27272916666666663,0.3095,4.2081875,4.172479166666666,4.265041666666667,4.305499999999999,183.43041666666667,5.855895833333334,184.485,6.162458333333333,202.81645833333334,8.0480625,2.3735208333333335,3.614333333333333,4.9666875,7.993916666666667,81.73916666666666,86.7,1021.1666666666666,1026.125
1106,6.014479166666667,5.883041666666667,5.768041666666666,5.520020833333334,0.5970624999999999,0.668,0.5780208333333333,0.5809791666666667,7.4550833333333335,7.430395833333333,7.2337291666666665,7.0368125,227.0875,5.4714583333333335,229.59583333333333,5.5323125,251.42291666666665,7.162229166666666,4.395791666666667,6.218395833333333,8.117479166666667,9.7373125,85.041875,86.7,1017.875,1022.875
1107,7.965083333333333,7.966708333333333,7.627041666666667,6.951583333333333,0.6007291666666666,0.6258333333333334,0.5921041666666667,0.6540416666666666,9.408895833333334,9.464395833333333,9.037895833333334,8.611604166666666,219.17291666666665,4.238666666666666,220.0375,4.765729166666667,241.6916666666667,6.3445833333333335,6.4555,8.382979166666667,10.318979166666667,13.293750000000001,85.37916666666666,86.7,1019.9583333333334,1025.0
1108,8.356291666666666,8.485041666666666,8.021979166666666,7.519354166666667,0.7132499999999999,0.7067708333333332,0.7053333333333334,0.7460833333333333,10.086125000000001,10.204104166666667,9.719145833333334,9.333708333333334,244.6875,4.616958333333334,244.61041666666665,4.9630833333333335,261.46250000000003,6.902458333333333,6.515541666666667,8.755583333333332,11.045729166666668,12.871458333333335,82.43166666666667,86.7,1018.5833333333334,1023.5833333333334
1109,8.586812499999999,8.394041666666666,8.2285625,8.144083333333333,0.7817916666666668,0.9189375000000001,0.7683333333333334,0.7712708333333333,10.526375,10.592083333333333,10.24175,10.167916666666667,249.63125,5.166729166666666,248.11875,5.311041666666667,264.0125,8.203979166666667,6.053249999999999,8.776145833333333,11.600875,9.43375,73.44104166666666,86.7,1026.625,1031.4791666666667
1110,13.070562500000001,13.118916666666665,12.737666666666668,12.5135,1.4795833333333333,1.5819375000000002,1.4181666666666668,1.4173125000000002,16.99020833333333,17.198125,16.54,16.545625,255.52916666666667,5.905354166666666,255.36249999999998,5.8963125000000005,269.3125,9.0325625,9.574583333333333,13.500791666666666,17.511041666666667,13.201458333333333,75.97395833333333,86.7,1017.3958333333334,1022.0208333333334
1111,7.995020833333334,7.708083333333334,7.784958333333333,7.5730625,0.7064583333333333,0.8497291666666666,0.7032291666666667,0.7369166666666667,9.862291666666666,9.879854166666666,9.576729166666667,9.495604166666666,244.51458333333335,5.15175,243.95833333333334,5.280520833333333,261.0520833333333,7.251458333333333,6.095666666666666,8.21275,10.399583333333334,12.397291666666668,79.78895833333333,86.7,1017.9791666666666,1022.9166666666666
1112,7.2070625,7.070916666666666,6.975854166666667,6.739583333333333,0.6500833333333333,0.7231458333333333,0.6334791666666667,0.6621041666666666,8.928208333333332,8.849791666666667,8.640041666666667,8.483500000000001,237.14583333333334,5.254625,236.53125,5.427604166666666,254.4125,7.233520833333333,5.3702499999999995,7.421645833333333,9.516833333333333,11.37375,82.59333333333333,86.7,1010.8541666666666,1015.75
1113,11.206936170212765,11.37204255319149,10.947489361702129,10.681382978723404,1.147936170212766,1.1520851063829787,1.1023617021276595,1.1914893617021276,14.069851063829788,14.195574468085107,13.731872340425532,13.598617021276596,297.52127659574467,5.966489361702128,295.8914893617021,5.734191489361702,308.4659574468085,9.529170212765957,8.445212765957447,11.570404255319149,14.77068085106383,7.0318297872340425,79.24000000000001,86.7,1002.8297872340426,1007.6808510638298
1114,13.961666666666666,13.949791666666668,13.620624999999999,12.338125,1.2714166666666666,1.242375,1.2926458333333333,1.6774375,17.001458333333336,16.883333333333333,16.736666666666668,16.172708333333333,275.02,6.733208333333334,273.85312500000003,6.598937500000001,265.332375,14.184354166666667,10.959645833333333,14.709375,18.52375,5.597791666666667,80.35895833333333,86.7,1009.875,1014.4583333333334
1115,9.472617021276596,9.30959574468085,8.931170212765958,7.811574468085107,0.825340425531915,0.7782340425531914,0.9132340425531914,1.1099574468085107,11.29876595744681,11.004297872340425,10.961553191489362,10.351297872340426,29.98187234042553,5.594574468085106,32.17204255319149,5.953936170212765,49.958510638297874,9.11059574468085,6.895191489361703,10.052787234042553,13.42659574468085,7.325659574468085,71.2040425531915,86.7,1016.4893617021277,1021.0851063829788
1116,4.393478260869565,4.40804347826087,4.2199347826086955,4.098,0.5666086956521739,0.5397391304347826,0.5938260869565217,0.6658260869565218,5.816630434782609,5.72791304347826,5.699826086956522,5.7385,123.38076086956522,10.259826086956522,136.07908695652173,10.042652173913043,131.92573913043478,12.441695652173912,2.832804347826087,4.576369565217392,6.940217391304348,5.619456521739131,74.48173913043478,86.7,1004.2608695652174,1009.1739130434783
1117,9.156083333333333,9.074833333333332,8.574499999999999,7.788479166666666,0.7571249999999999,0.7071041666666668,0.7714791666666666,1.0300624999999999,10.985979166666667,10.796354166666667,10.497604166666667,10.233708333333334,133.14360416666668,7.2528958333333335,134.25283333333334,7.127,121.44479166666667,10.156625,6.3729375,9.632770833333334,13.356291666666666,6.7966041666666674,84.29604166666667,86.7,991.4791666666666,996.25
1118,6.8276666666666666,6.841395833333333,6.3024375,5.345083333333334,0.7468750000000001,0.7383541666666668,0.7190833333333333,0.8044791666666667,8.742875,8.712958333333333,8.111395833333333,7.369458333333333,185.26458333333335,5.666229166666667,185.4375,5.834520833333333,203.03958333333333,8.95275,4.970166666666667,7.377041666666667,9.883895833333334,6.93475,76.95937500000001,86.7,996.9583333333334,1001.9583333333334
1119,5.944520833333333,5.900333333333333,5.688833333333334,5.379124999999999,0.5882916666666667,0.6216875000000001,0.5520416666666667,0.5503125,7.505520833333333,7.5615625,7.13825,6.876666666666666,235.95416666666665,5.660833333333334,234.76874999999998,5.618708333333333,247.96875,8.235020833333333,4.193604166666667,6.208749999999999,8.2745625,7.521999999999999,80.924375,86.7,998.125,1003.0833333333334
1120,5.907062499999999,5.828020833333333,5.627479166666666,5.255,0.5032708333333333,0.5673958333333333,0.5015833333333334,0.5264375,7.207645833333333,7.191020833333333,6.893125,6.611791666666666,234.9625,5.512333333333333,232.0375,5.508333333333333,246.84166666666667,7.482083333333333,4.2528958333333335,6.174416666666667,8.144270833333334,6.7929375,76.88666666666667,86.7,1012.8333333333334,1017.7708333333334
1121,12.485895833333332,12.518979166666666,11.718479166666667,10.009020833333333,1.4868958333333333,1.4424791666666668,1.5119375000000002,1.6327916666666666,16.417916666666667,16.323125,15.743125,14.3224375,192.4,5.9415625,192.5041666666667,6.284791666666667,209.83541666666667,8.4936875,9.505208333333334,13.441270833333334,17.494583333333335,11.061875,77.855,86.7,1006.0833333333334,1011.3958333333334
1122,8.042702127659574,8.043553191489362,7.477468085106382,6.365404255319149,1.0174468085106383,0.9922340425531915,0.9977446808510638,1.0163191489361703,10.576148936170213,10.523702127659575,10.017106382978724,9.104659574468085,172.59574468085106,6.631595744680851,172.27872340425532,6.781765957446808,185.6404255319149,8.729148936170212,5.845,8.678659574468085,11.678127659574468,11.136382978723404,86.79574468085107,86.7,999.8723404255319,1005.063829787234
1123,3.8817083333333335,3.8451458333333335,3.6475000000000004,3.1643958333333333,0.5135625,0.5235625,0.5105208333333333,0.5199791666666667,5.187833333333333,5.175395833333333,4.929416666666667,4.561041666666667,157.39041666666665,10.6278125,159.77395833333333,10.0980625,175.15416666666667,11.212541666666667,3.0016874999999996,4.163916666666666,5.732125,10.647499999999999,88.33541666666667,86.7,997.9166666666666,1002.9583333333334
1124,5.46775,5.4290416666666665,5.136541666666667,4.478666666666666,0.8769583333333334,0.8786458333333332,0.8333125,0.8133541666666667,7.717479166666667,7.686812499999999,7.2772499999999996,6.586895833333333,161.67583333333332,11.864937500000002,172.52083333333334,13.512854166666665,172.79964583333333,13.871895833333333,3.8995208333333333,5.860354166666667,8.318479166666666,12.135,88.05729166666667,86.7,990.0416666666666,995.1875
1125,9.869416666666666,9.866395833333334,9.4374375,8.466291666666667,1.1892291666666666,1.1807708333333333,1.1441458333333334,1.1756041666666668,12.974375,12.963333333333333,12.418729166666667,11.662333333333335,162.99791666666667,6.253687500000001,163.64583333333334,6.2106666666666674,177.32708333333335,7.341458333333333,7.377166666666667,10.461958333333333,13.638541666666667,11.584166666666667,86.44,86.7,987.0208333333334,992.0416666666666
1126,8.615020833333334,8.630604166666666,8.0696875,7.025854166666666,1.0423541666666667,1.0266666666666666,1.0110208333333333,1.048125,11.4180625,11.3838125,10.8409375,9.811041666666666,176.58541666666667,6.424520833333333,176.57500000000002,6.461479166666667,191.00625,7.995875000000001,6.335333333333334,9.232229166666666,12.246125,9.7049375,81.87541666666667,86.7,1001.8541666666666,1006.8958333333334
1127,9.889354166666667,9.860520833333334,9.54175,8.660020833333332,1.3417083333333333,1.3279583333333334,1.2938125,1.3041458333333333,13.601104166666666,13.50175,13.089,12.331625,153.24375,8.084249999999999,154.51874999999998,7.874187500000001,167.39374999999998,9.3295625,7.326020833333334,10.443687500000001,13.731916666666665,9.508395833333333,84.88291666666667,86.7,994.2083333333334,999.3333333333334
1128,8.779895833333333,8.799625,8.170125,7.016645833333333,1.0106458333333335,0.9848958333333333,0.9762083333333332,1.0185833333333334,11.347354166666667,11.305520833333333,10.713979166666666,9.696520833333333,178.4375,5.976500000000001,178.55208333333334,6.218125000000001,193.36041666666665,7.895458333333333,6.551208333333334,9.439104166666667,12.426145833333335,10.443125,84.52104166666668,86.7,981.9791666666666,987.0208333333334
1129,6.323604166666667,6.341125000000001,5.710708333333333,4.7686874999999995,0.6748541666666666,0.6605833333333333,0.658875,0.6633958333333333,8.055395833333334,8.057666666666668,7.4606666666666674,6.593666666666667,191.79583333333335,6.286645833333334,193.55208333333334,6.875604166666666,211.33541666666667,8.708583333333333,4.626083333333333,6.848229166666666,9.247041666666666,8.8790625,86.401875,86.7,987.125,992.1666666666666
1130,8.016354166666666,8.028062499999999,7.3015,5.98825,1.0375625,1.0035416666666668,0.9943749999999999,0.9857291666666667,10.82775,10.674791666666666,10.046333333333333,8.71325,185.13958333333335,6.6888125,184.80208333333334,6.839333333333333,199.38958333333335,8.679729166666666,5.833208333333334,8.743854166666667,11.825166666666666,9.871666666666666,80.715625,86.7,995.875,1001.0
1131,10.5465,10.2493125,10.101916666666666,9.358020833333333,1.0729791666666666,1.1002708333333333,1.041625,1.1284375,13.314375,13.062708333333333,12.758125,12.149041666666667,216.32291666666666,5.086854166666667,217.00208333333333,5.43025,236.39374999999998,7.309958333333333,8.1105,11.004104166666666,13.936041666666666,10.114791666666667,78.524375,86.7,1004.9166666666666,1009.8541666666666
1132,10.813479166666667,10.860354166666667,10.176625,8.736979166666666,1.0991458333333333,1.0536666666666668,1.0819375,1.2344375,13.696958333333333,13.614083333333333,13.035229166666667,11.892895833333334,195.7875,5.3880625,196.33124999999998,5.658354166666666,214.5895833333333,7.616041666666667,8.4725625,11.620541666666666,14.816979166666668,11.799583333333333,80.68604166666667,86.7,1008.125,1013.2083333333334
1133,7.3589375,7.396520833333334,6.817458333333334,5.825083333333333,0.6821458333333333,0.6628125,0.6443333333333333,0.7071041666666668,9.217395833333333,9.161895833333334,8.516166666666667,7.673020833333333,198.47083333333333,5.306395833333333,199.7541666666667,5.645083333333333,218.7770833333333,7.406833333333334,5.618729166666667,7.92275,10.269291666666666,10.230437499999999,84.97708333333334,86.7,1010.6666666666666,1015.7291666666666
1134,4.1495625,4.068520833333333,3.8932291666666665,3.5360833333333335,0.4055625,0.40731249999999997,0.39625,0.41487500000000005,5.064979166666666,4.990145833333333,4.801354166666667,4.5018125,151.03145833333335,8.290958333333334,168.3975,9.396645833333332,157.67377083333335,9.840729166666668,3.2329375000000002,4.345458333333333,6.320854166666667,10.704791666666667,94.85208333333333,86.7,1017.9791666666666,1023.0208333333334
1135,5.287708333333334,5.230666666666667,5.0714375,4.631958333333333,0.4149791666666667,0.4104375,0.42539583333333336,0.4766875,6.369291666666666,6.309041666666666,6.214395833333334,5.868604166666667,116.42145833333332,5.072729166666667,119.96666666666665,5.2463125,135.05375,6.263833333333333,4.134291666666667,5.5339583333333335,6.983479166666666,8.721604166666667,88.34166666666665,86.7,1023.5,1028.5625
1136,4.515847826086956,4.427065217391305,4.1917608695652175,3.805282608695652,0.4893695652173913,0.4885217391304348,0.5132173913043478,0.5388695652173913,5.786065217391304,5.690391304347826,5.531239130434783,5.209934782608696,88.59130434782608,8.465195652173913,99.46717391304347,7.559891304347826,118.62065217391304,7.751695652173913,3.012217391304348,4.7345,7.064260869565218,9.02445652173913,92.34565217391304,86.7,1025.7608695652175,1030.891304347826
1137,10.5224375,10.332875,9.121812499999999,9.266604166666667,1.09125,1.0052083333333333,1.3246458333333333,1.2889583333333332,13.065,12.724645833333334,12.459416666666668,12.515208333333334,70.21666666666667,5.091583333333333,74.35625,5.212479166666667,93.09791666666666,5.6515625,5.675229166666667,10.4995,18.179375,8.213166666666668,78.36916666666667,86.7,1020.3333333333334,1025.1875
1138,14.205625,14.347083333333332,12.312708333333333,12.436875,1.444375,1.2895625,1.8086458333333333,1.6312708333333334,17.776875,17.487291666666668,16.88625,16.64375,65.59229166666667,5.204479166666666,69.41833333333334,5.473333333333334,88.604375,6.329541666666667,7.813312499999999,14.512291666666668,25.167291666666667,7.069041666666667,82.38458333333334,86.7,1009.4791666666666,1014.3333333333334
1139,8.112229166666667,7.984791666666666,7.735270833333334,7.361999999999999,0.9276666666666666,0.9077916666666667,0.937125,1.0167916666666665,10.519479166666667,10.368916666666667,10.204083333333333,10.0978125,134.45770833333333,8.241249999999999,138.03625,9.542229166666667,147.97708333333333,11.991979166666667,5.764833333333333,8.354958333333334,11.689458333333334,5.261583333333333,82.87458333333333,86.7,1006.9375,1012.2291666666666
1140,2.4477291666666665,2.4427291666666666,2.3937708333333334,2.4312916666666666,0.33589583333333334,0.3387708333333333,0.3355416666666667,0.3405,3.3168124999999997,3.3384375,3.187333333333333,3.2435833333333335,153.53889583333333,13.831333333333333,170.591,11.630854166666666,157.89629166666666,10.5548125,1.8790208333333334,2.5010833333333333,4.1083125,5.953875,91.33041666666666,86.7,1012.8333333333334,1017.8333333333334
1141,2.712229166666667,2.625125,2.6296458333333335,2.5360416666666667,0.29691666666666666,0.28289583333333335,0.3052708333333333,0.34450000000000003,3.3930000000000002,3.2861458333333338,3.3893125000000004,3.381083333333333,108.008125,9.017083333333334,113.65125,9.0714375,132.35125,10.058666666666666,1.9790208333333332,2.8022916666666666,3.903583333333333,6.8670625,87.525625,86.7,1009.3958333333334,1014.5208333333334
1142,6.158458333333333,6.260645833333334,5.596479166666666,5.307729166666667,0.5226666666666667,0.4502083333333333,0.6211875,0.7284791666666667,7.417416666666667,7.346895833333334,7.045041666666666,7.104187499999999,59.024166666666666,4.638770833333333,62.48416666666666,5.012270833333333,80.55499999999999,7.324458333333333,3.9426666666666663,6.4831666666666665,9.710062500000001,7.627770833333333,81.545,86.7,1007.9166666666666,1012.8125
1143,7.763311111111111,8.283111111111111,7.246044444444444,6.943911111111111,0.7768444444444444,0.6480444444444444,0.9101333333333333,0.9112666666666667,9.669755555555556,9.7778,9.3088,9.259777777777778,55.93511111111111,5.068266666666667,59.194,5.573644444444445,77.94422222222222,7.176844444444445,5.136933333333333,8.4596,12.872955555555556,6.910066666666666,79.96377777777778,86.7,1007.9777777777778,1012.8666666666667
1144,3.904,3.934063829787234,3.669468085106383,3.6144042553191493,0.44680851063829785,0.40185106382978725,0.47576595744680855,0.580404255319149,4.953489361702127,4.901595744680851,4.784042553191489,4.9757021276595745,119.65825531914894,10.284446808510639,132.0697234042553,10.723106382978724,147.24502127659574,10.424808510638298,2.7657021276595746,4.059936170212766,6.438659574468086,6.487085106382978,84.35851063829787,86.7,1009.7021276595744,1014.7021276595744
1145,7.4232499999999995,7.292895833333334,7.133416666666666,6.6165416666666665,0.8050625,0.8063541666666666,0.7827708333333333,0.7908750000000001,9.517270833333333,9.3890625,9.232395833333333,8.703083333333334,132.52583333333334,5.6451875,137.28333333333333,6.5169375,157.86875,7.365083333333334,5.768645833333333,7.730604166666667,10.122229166666667,6.364625,86.31104166666667,86.7,1005.375,1010.5208333333334
1146,11.308895833333333,11.368583333333333,10.636895833333332,9.2670625,1.4400416666666667,1.4004791666666667,1.3759791666666665,1.4298333333333335,15.316020833333333,15.24675,14.457187500000002,13.2295625,179.93125,6.485895833333333,179.79999999999998,6.616291666666666,194.22083333333333,8.164895833333334,8.496333333333334,12.120604166666666,15.863270833333333,10.841458333333334,86.68604166666667,86.7,990.5208333333334,995.6666666666666
1147,13.124895833333333,13.118770833333334,12.419583333333334,11.096020833333334,1.5218749999999999,1.5023958333333332,1.4804791666666668,1.5630208333333335,17.0275,16.955416666666668,16.162916666666668,15.1480625,189.39583333333334,5.946541666666666,189.82916666666665,6.141708333333334,206.39374999999998,7.718354166666667,10.017729166666667,13.916354166666666,17.906458333333333,10.534374999999999,81.79541666666667,86.7,984.0,989.1458333333334
1148,11.433979166666667,11.463854166666666,10.9825625,10.341958333333332,1.1411041666666666,1.1103750000000001,1.0854583333333334,1.1357291666666667,14.341458333333334,14.308124999999999,13.850208333333333,13.39,215.45416666666665,5.044854166666666,216.5625,5.383333333333333,237.4,6.750020833333333,8.789541666666667,11.890375,15.011666666666665,7.6513333333333335,79.954375,86.7,990.2291666666666,995.1666666666666
1149,6.2419166666666674,6.260229166666666,5.87725,5.319979166666667,0.5036041666666666,0.49195833333333333,0.4719166666666667,0.5075416666666667,7.554083333333334,7.5387916666666674,7.102354166666667,6.572166666666667,186.31875,4.595916666666667,187.69583333333333,4.7671874999999995,203.60625000000002,6.260541666666666,4.843916666666667,6.5772916666666665,8.351395833333333,7.181229166666667,91.69708333333334,86.7,991.2708333333334,996.375
1150,8.096833333333334,8.074145833333334,7.55925,6.6729375,0.6979583333333333,0.7133124999999999,0.6536041666666667,0.6858124999999999,9.945937500000001,9.8763125,9.296479166666666,8.481583333333333,213.26874999999998,4.49325,214.89166666666665,5.0854375,236.96666666666667,6.407208333333333,6.4143125,8.601750000000001,10.823541666666666,10.819791666666667,90.08041666666666,86.7,982.2916666666666,987.2916666666666
1151,7.7515624999999995,7.781166666666667,7.4195416666666665,7.1213750000000005,0.6602708333333334,0.7004375,0.6469791666666667,0.6608125,9.476979166666666,9.5620625,9.091041666666667,8.777916666666666,273.72083333333336,5.09875,270.38124999999997,4.889645833333334,282.9270833333333,8.756979166666666,5.622062499999999,8.058645833333333,10.566270833333332,7.1804375,80.46229166666667,86.7,989.9166666666666,994.8541666666666
1152,5.216958333333333,5.2036875,4.9465625,4.854666666666667,0.41079166666666667,0.42693749999999997,0.3813958333333333,0.3883541666666667,6.248333333333334,6.233562500000001,5.905166666666666,5.811479166666667,220.96875,4.363895833333333,222.55208333333334,4.577416666666667,244.89166666666665,6.1625625,3.438375,5.339854166666666,7.3127708333333326,3.6197916666666665,87.45083333333334,86.7,1011.2708333333334,1016.25
1153,3.974276595744681,3.8922978723404253,3.922,3.9732127659574465,0.35468085106382985,0.3823404255319149,0.35593617021276597,0.3781063829787234,4.7959787234042555,4.753617021276596,4.781914893617022,4.898936170212766,184.64893617021278,5.891212765957447,193.25063829787234,5.832574468085106,215.03404255319148,7.9309361702127665,2.9307659574468086,4.004255319148936,5.3619574468085105,4.373595744680851,97.92553191489361,86.7,1005.8085106382979,1010.9574468085107
1154,7.74925,7.705125,7.265208333333334,6.4751666666666665,0.7655208333333333,0.7658958333333333,0.7214166666666667,0.7456875,9.752083333333333,9.6628125,9.0795625,8.275416666666667,217.86458333333334,5.055979166666667,218.50625,5.508145833333334,238.30416666666667,7.117541666666667,6.058041666666667,8.202645833333333,10.400729166666666,10.325145833333332,90.77708333333334,86.7,998.8125,1004.0833333333334
1155,11.323479166666667,11.124166666666667,10.862666666666668,10.22,1.1343541666666666,1.2108958333333333,1.1040625,1.1485416666666668,14.420833333333334,14.1991875,13.814354166666666,13.30775,223.33541666666667,5.108958333333333,223.98333333333335,5.382708333333333,242.52291666666667,7.469041666666667,8.653541666666667,11.765625,14.931208333333332,9.313958333333334,80.33875,86.7,985.875,990.8125
1156,12.031333333333334,11.759708333333334,11.686395833333334,11.416791666666667,1.230125,1.3916041666666665,1.1757291666666667,1.1648541666666667,15.279770833333332,15.241354166666667,14.82275,14.623270833333335,243.57500000000002,5.075770833333333,244.02083333333334,5.1734583333333335,261.3520833333333,7.362749999999999,8.960395833333333,12.336625,15.758770833333335,8.601125,79.488125,86.7,982.8333333333334,987.5833333333334
1157,7.9440625,8.151875,7.499312499999999,7.396999999999999,0.6961666666666666,0.6917708333333333,0.6574791666666667,0.6236458333333333,9.8238125,10.034458333333333,9.258458333333333,9.065166666666666,284.78749999999997,4.745104166666667,281.72499999999997,4.788104166666667,292.1479166666667,8.056708333333333,5.267979166666667,8.225270833333333,11.334375,5.989895833333333,80.61749999999999,86.7,998.6458333333334,1003.6041666666666
1158,4.5425625,4.6048125,4.219291666666667,4.118041666666667,0.37670833333333337,0.4010416666666667,0.36212500000000003,0.34158333333333335,5.461270833333334,5.5413958333333335,5.168375,5.020166666666666,267.67083333333335,5.866291666666666,262.9875,5.796854166666667,275.9375,7.288166666666666,2.7283125,4.711916666666666,6.861416666666667,4.558791666666667,82.40020833333334,86.7,1017.6875,1022.7708333333334
1159,2.464916666666667,2.3512291666666667,2.2483125,2.1989375,0.3141875,0.34074999999999994,0.29525,0.2848333333333333,3.186583333333333,3.0968541666666667,2.935833333333333,2.8666250000000004,196.03333333333333,10.8495625,206.9020833333333,10.0524375,237.44020833333332,10.319104166666667,1.6094375,2.520395833333333,4.1459166666666665,4.251270833333334,90.72500000000001,86.7,1016.8125,1021.9166666666666
1160,7.576520833333333,7.5681875000000005,7.1688125000000005,6.485541666666666,0.7042083333333333,0.6976874999999999,0.6670208333333334,0.7348541666666667,9.37525,9.336625,8.950270833333333,8.4408125,143.53125,5.101645833333333,144.3125,4.969708333333333,156.45208333333332,6.102666666666667,5.738979166666667,7.98825,10.270395833333334,5.565645833333334,78.916875,86.7,1014.5416666666666,1019.7291666666666
1161,6.21,6.196937500000001,5.9230625,5.395125,0.7094166666666667,0.7107083333333333,0.6655625,0.6809166666666666,8.1868125,8.179708333333332,7.738833333333333,7.2438125,136.25833333333335,6.120166666666667,138.81041666666667,6.2151250000000005,152.60833333333332,7.168270833333334,4.590708333333333,6.5481875,8.577708333333334,5.001104166666667,75.13916666666667,86.7,1013.5208333333334,1018.6458333333334
1162,5.695083333333333,5.716895833333333,5.117166666666667,4.1701875,0.4844791666666666,0.4812708333333333,0.4801458333333333,0.4914791666666667,6.896375,6.919229166666667,6.311791666666667,5.471875,155.76250000000002,4.927791666666667,156.28333333333333,5.15475,169.42708333333334,6.858645833333334,4.368083333333334,6.195291666666667,8.068,3.725645833333333,77.03854166666666,86.7,1015.8541666666666,1020.9166666666666
1163,11.164,11.122583333333333,10.843208333333335,9.8426875,1.4367083333333335,1.424625,1.4035833333333334,1.451125,14.9928125,14.919895833333333,14.6011875,13.672604166666666,143.53125,6.718062499999999,145.10416666666666,6.5350624999999996,157.96458333333334,8.050916666666668,8.415541666666668,11.7731875,15.193104166666666,2.1789166666666664,78.82291666666667,86.7,1001.6458333333334,1006.6666666666666
1164,8.220875,8.196166666666667,7.703875,6.753520833333333,0.8212083333333333,0.8133750000000001,0.7971458333333333,0.8988958333333333,10.426645833333334,10.368979166666668,9.820500000000001,9.095708333333333,197.13750000000002,6.61975,197.69375,7.813833333333334,214.82500000000002,10.49175,6.3414166666666665,8.765583333333334,11.325979166666668,6.479229166666666,84.27541666666667,86.7,993.5625,998.5
1165,5.749375000000001,5.7175208333333325,5.3021875,4.610416666666667,0.6128541666666667,0.626,0.5930833333333333,0.5890208333333333,7.273812500000001,7.2279375,6.787,6.14,197.86458333333334,5.659645833333333,197.76458333333335,5.681979166666667,215.05416666666667,6.9996875,4.0971874999999995,6.154083333333333,8.321916666666667,6.061041666666667,90.39583333333333,86.7,1004.0,1009.0208333333334
1166,12.187624999999999,12.209874999999998,11.468645833333333,10.0670625,1.66575,1.6351250000000002,1.5887083333333332,1.60525,16.504583333333333,16.394583333333333,15.630875000000001,14.436333333333332,171.67291666666665,6.788833333333333,171.73125000000002,6.705583333333333,185.48541666666665,8.27925,8.798645833333333,13.035312500000002,17.423333333333336,8.846291666666668,87.64375,86.7,995.2083333333334,1000.3958333333334
1167,7.563833333333334,7.602895833333334,6.8938125,5.716104166666667,0.7349375,0.7062708333333334,0.7151875,0.7682708333333333,9.5105,9.478770833333334,8.765104166666667,7.739166666666667,190.6625,4.9925625,190.36458333333334,5.342604166666667,206.03333333333333,7.3461875,5.7155625,8.2149375,10.794020833333333,6.546458333333334,89.09583333333335,86.7,992.0,997.0625
1168,8.390645833333332,8.437395833333333,7.737729166666667,6.580875,0.8120833333333333,0.7746666666666666,0.7971041666666667,0.8760625000000001,10.449166666666667,10.401833333333334,9.821875,8.795520833333333,196.88541666666666,4.781333333333333,196.97083333333333,5.0126875,214.14166666666665,6.787020833333333,6.446270833333333,9.040895833333334,11.679583333333333,6.673791666666666,88.53125,86.7,991.375,996.4791666666666
1169,5.3523958333333335,5.2997708333333335,4.9380625,4.290208333333333,0.4532291666666666,0.4673958333333334,0.4296875,0.4484375,6.465354166666667,6.438312499999999,6.040229166666666,5.450208333333333,211.28125,4.4158333333333335,210.85833333333335,4.5791875,227.30625,6.438937500000001,4.064520833333334,5.726604166666667,7.420916666666667,6.7144375,90.63125000000001,86.7,989.9375,994.9583333333334
1170,7.627041666666667,7.410333333333334,7.1806875,6.594666666666666,0.5245833333333333,0.6301458333333333,0.5122916666666667,0.552875,8.974604166666667,8.884270833333334,8.559083333333334,8.007166666666667,236.83714583333335,4.113625,229.32764583333335,4.333104166666667,249.04375000000002,5.7828333333333335,5.9815000000000005,7.979479166666667,10.006208333333333,7.371333333333333,87.62583333333333,86.7,1001.6666666666666,1006.6875
1171,6.307652173913043,6.290913043478261,5.945304347826086,5.43591304347826,0.41278260869565214,0.43571739130434783,0.4216521739130435,0.49136956521739134,7.314173913043478,7.350739130434783,7.011130434782609,6.628217391304348,265.6195652173913,3.9705434782608697,265.3478260869565,4.306739130434783,283.68260869565216,7.502978260869566,4.965717391304348,6.6288913043478255,8.316891304347825,6.644021739130435,90.0195652173913,86.7,1009.9347826086956,1015.1086956521739
1172,4.315416666666667,4.332708333333334,4.101916666666667,3.9833958333333332,0.3258125,0.3411041666666667,0.330875,0.3544583333333333,5.1102083333333335,5.1445,4.90525,4.819020833333334,242.4729166666667,5.1473125,240.42083333333335,5.021729166666667,256.43958333333336,6.710249999999999,2.918416666666667,4.4548958333333335,6.1274375,5.090083333333333,85.51229166666667,86.7,1023.9791666666666,1029.1875
1173,6.896666666666667,6.8365,6.350395833333334,5.9483749999999995,0.4568541666666666,0.5036041666666666,0.4582916666666667,0.46137500000000004,7.960645833333333,7.981854166666667,7.4429375,7.070937499999999,225.10416666666666,3.7073750000000003,230.57916666666665,4.289874999999999,255.44791666666666,5.962854166666666,4.8804791666666665,7.149541666666667,9.481125,5.074541666666667,97.18958333333335,86.7,1023.5,1028.7083333333333
1174,7.673875,7.7054374999999995,7.178875000000001,6.310083333333334,0.5343125,0.5387708333333333,0.5369583333333333,0.5445208333333333,9.064333333333334,9.098083333333333,8.585166666666668,7.737791666666666,218.95416666666665,3.4581666666666666,219.88333333333333,3.983458333333333,242.45416666666665,5.011166666666667,6.290937499999999,8.165229166666666,10.056666666666667,9.985833333333334,88.43958333333335,86.7,1018.75,1023.9166666666666
1175,5.029020833333333,4.928604166666667,4.6650833333333335,3.99775,0.29325,0.34681249999999997,0.3107083333333333,0.3000625,5.695354166666667,5.707895833333333,5.3758333333333335,4.691916666666667,224.5270833333333,2.6851041666666666,225.56458333333333,3.3227291666666665,250.22708333333333,4.664041666666667,3.674875,5.370875000000001,7.114666666666667,7.8816041666666665,90.92083333333333,86.7,1017.2083333333334,1022.2916666666666
1176,5.835020833333334,5.6489166666666675,5.368104166666666,4.552583333333334,0.43477083333333333,0.5024166666666666,0.40758333333333335,0.4134791666666667,6.897729166666667,6.835916666666667,6.3964791666666665,5.529062499999999,227.09583333333333,4.624562500000001,226.66458333333333,5.223791666666666,247.8125,6.7828333333333335,4.7430625,6.2453125,7.7625625000000005,8.802916666666667,85.90416666666665,86.7,1019.3541666666666,1024.5833333333333
1177,10.726687499999999,10.793333333333335,10.193895833333334,9.436708333333334,1.1191875,1.1413541666666667,1.0826041666666666,1.0843541666666667,13.686458333333334,13.710812500000001,13.080895833333335,12.4095625,238.33541666666667,5.7181041666666665,237.28333333333333,5.957479166666666,253.4125,7.502770833333333,8.1706875,11.272479166666665,14.430708333333333,9.951833333333333,80.07083333333334,86.7,1018.375,1023.4375
1178,7.507854166666667,7.406874999999999,7.018791666666666,6.292895833333334,0.5110833333333333,0.5794166666666667,0.47779166666666667,0.50025,8.815166666666666,8.822729166666667,8.251020833333333,7.5463958333333325,230.37708333333333,3.5858958333333333,231.1208333333333,3.8324166666666666,252.04791666666665,4.902604166666666,6.011770833333333,7.930208333333333,9.872729166666668,9.569083333333333,88.028125,86.7,1023.3125,1028.3958333333333
1179,8.794145833333333,8.266375,8.396833333333333,7.8138958333333335,0.6869583333333334,0.8584583333333334,0.6712916666666667,0.6952291666666667,10.646354166666667,10.517166666666666,10.203333333333333,9.709604166666667,236.13333333333333,3.986666666666667,236.275,4.321604166666667,255.38333333333333,5.81475,6.966104166666667,9.1219375,11.294312499999998,9.73,82.19,86.7,1022.8958333333334,1027.9583333333333
1180,9.409270833333332,9.404270833333333,9.081583333333333,7.8791875000000005,0.8553333333333333,0.8575624999999999,0.8487083333333333,1.1565625,11.499895833333333,11.467,11.152541666666666,10.527604166666666,285.92031249999997,6.094729166666667,284.92766666666665,5.8774375,238.5406875,12.618333333333332,7.269541666666666,10.080291666666666,12.915812500000001,7.750374999999999,74.80145833333333,86.7,1027.375,1032.3541666666667
1181,6.599354166666667,6.624291666666667,6.559125000000001,6.070479166666666,0.6006458333333333,0.5925625,0.6154375,0.8594166666666667,7.969895833333333,7.997791666666667,8.011083333333334,7.93,296.6991458333333,7.046875,295.1494583333333,6.695541666666667,248.5036458333333,11.7105625,5.0886875,6.9290625,8.782145833333333,4.445541666666666,74.56229166666667,86.7,1036.5416666666667,1041.6041666666667
1182,4.628229166666666,4.653083333333333,4.454583333333333,4.547625,0.36158333333333337,0.40227083333333336,0.36181250000000004,0.34852083333333334,5.472729166666667,5.5871458333333335,5.322729166666666,5.403958333333333,252.34375,5.1005625,251.46875,5.361458333333334,266.96458333333334,8.917520833333333,3.0171041666666665,4.701104166666666,6.485854166666667,2.164625,76.341875,86.7,1035.8541666666667,1040.9791666666667
1183,6.252166666666667,6.117625,6.113812500000001,6.2135,0.5166666666666667,0.580125,0.5042916666666667,0.5056041666666667,7.525479166666667,7.562645833333334,7.364020833333334,7.561166666666666,257.8854166666667,4.276645833333333,256.31666666666666,4.365333333333333,271.29583333333335,7.416916666666666,4.453208333333333,6.341895833333333,8.260604166666667,4.512833333333334,82.82041666666667,86.7,1033.0,1038.1041666666667
1184,5.3591041666666674,5.3828125,5.257395833333333,5.213208333333333,0.4778541666666667,0.5002916666666667,0.5005833333333333,0.5285624999999999,6.547729166666667,6.648625,6.528083333333334,6.605020833333334,266.32916666666665,6.053166666666667,263.34166666666664,5.8230625,277.59375,8.562604166666667,3.9858958333333336,5.5078125,7.111208333333334,4.068666666666666,80.71833333333333,86.7,1029.875,1034.9583333333333
1185,3.9457291666666667,3.8449166666666668,3.733791666666667,3.4160416666666666,0.2996666666666667,0.31693750000000004,0.2881458333333333,0.30404166666666665,4.663541666666666,4.620583333333333,4.457729166666667,4.1269374999999995,212.52458333333334,5.008479166666667,209.766875,4.57725,219.974375,5.285666666666667,3.0349791666666666,4.135375,5.440916666666666,8.005708333333333,88.11041666666667,86.7,1027.0833333333333,1032.1875
1186,12.306145833333334,12.134666666666668,11.890437499999999,11.364229166666666,1.1733541666666667,1.2427708333333334,1.1309791666666666,1.1457916666666665,15.478020833333332,15.467,15.017395833333333,14.612395833333332,237.34375,4.444083333333333,237.95833333333334,4.696979166666667,256.0708333333333,6.784541666666667,9.547916666666667,12.7505,15.977208333333335,9.6425,82.115,86.7,1017.0208333333334,1021.9375
1187,10.541208333333334,10.7575625,10.150166666666667,9.702083333333333,1.0214166666666666,1.0176875,0.9772708333333333,1.0260624999999999,13.28075,13.436875,12.754833333333332,12.275791666666668,299.12291666666664,5.3176250000000005,297.20625,5.070875,309.22291666666666,9.9896875,7.674875,11.008000000000001,14.397916666666667,6.4900625000000005,71.93979166666666,86.7,1019.5,1024.4791666666667
1188,9.508833333333333,9.52525,9.2815625,8.212291666666667,0.8774583333333333,0.8631666666666667,0.8703333333333334,1.2308125,11.533166666666666,11.5259375,11.3771875,10.969625,318.6162083333333,7.074645833333334,316.6939375,7.057854166666666,254.82510416666665,13.523395833333334,7.293229166666666,10.117791666666667,12.975,4.4281250000000005,82.12958333333334,86.7,1024.0208333333333,1029.0208333333333
1189,5.873645833333334,5.8700833333333335,5.625333333333334,5.340625,0.44025000000000003,0.4850833333333333,0.43695833333333334,0.4432291666666666,7.041541666666666,7.069687500000001,6.778666666666666,6.425104166666667,253.96666666666667,5.0149791666666665,251.14583333333334,4.868416666666667,267.20416666666665,6.165229166666666,4.3816041666666665,6.111,7.915166666666667,5.964666666666666,84.12270833333334,86.7,1022.125,1027.3125
1190,5.631916666666666,5.550041666666666,5.424520833333333,5.154520833333334,0.4204791666666667,0.47752083333333334,0.3802291666666667,0.3604791666666667,6.741208333333333,6.7164375000000005,6.438124999999999,6.129166666666666,252.65833333333333,4.922625,247.91875000000002,4.817458333333334,260.90833333333336,5.410604166666666,4.116833333333333,5.871895833333333,7.652020833333332,7.149854166666667,81.4325,86.7,1021.0416666666666,1026.125
1191,10.762083333333335,10.782333333333334,10.383041666666667,10.0350625,0.9980208333333334,1.082125,0.9803958333333332,0.9745,13.477875,13.579645833333332,13.122916666666667,12.731104166666666,250.65833333333333,4.6570833333333335,250.63958333333335,4.6868125,266.19166666666666,7.229729166666666,8.071270833333333,11.162333333333335,14.303458333333333,9.342708333333333,82.309375,86.7,1008.4583333333334,1013.3125
1192,11.611574468085108,11.640638297872341,11.312553191489362,11.072872340425532,1.4596382978723403,1.5223829787234044,1.3862340425531916,1.3705744680851064,15.69,15.802553191489363,15.116170212765958,14.9168085106383,263.7,6.184787234042553,262.868085106383,6.184234042553191,276.6638297872341,8.285531914893618,8.46891489361702,12.010787234042551,15.64340425531915,9.795234042553192,75.47680851063829,86.7,1000.2127659574468,1005.063829787234
1193,6.227382978723404,6.24963829787234,5.941276595744681,5.6281914893617015,0.49980851063829784,0.5313829787234042,0.49951063829787234,0.5378510638297872,7.5029574468085105,7.561085106382978,7.1974042553191495,6.898234042553191,272.22340425531917,4.842148936170212,270.7893617021277,5.102319148936171,286.08936170212763,8.629744680851065,4.613914893617021,6.494425531914894,8.426021276595746,5.590808510638297,85.68446808510639,86.7,1010.0212765957447,1015.0
1194,10.422145833333333,10.000958333333333,9.9773125,9.441833333333333,0.8426666666666667,0.9518541666666667,0.8138333333333333,0.8481458333333333,12.742916666666666,12.504375000000001,12.194791666666667,11.698749999999999,230.9958333333333,3.9267083333333335,231.85,4.1942916666666665,252.5875,5.584770833333334,8.2236875,10.755208333333334,13.293750000000001,8.773625000000001,79.80416666666666,86.7,1003.6041666666666,1008.4375
1195,9.531458333333333,9.321291666666667,9.200125,8.9010625,0.9021458333333333,1.0157291666666668,0.8738958333333334,0.8863958333333333,11.961416666666667,11.927416666666666,11.583104166666667,11.264958333333333,235.48333333333335,5.0238125,236.06458333333333,5.16075,254.47708333333333,6.946291666666667,7.182270833333334,9.80625,12.460125,7.0746875,79.27395833333334,86.7,991.125,996.0208333333334
1196,10.713770833333333,10.8725625,10.541104166666667,10.379645833333333,1.0118333333333334,1.0228958333333333,0.9814791666666666,1.0474375,13.318833333333332,13.509375,13.210145833333334,12.960333333333333,298.6791666666667,6.201354166666667,295.99375000000003,5.887479166666666,308.66249999999997,9.744270833333333,8.1009375,11.026104166666668,14.049583333333333,2.2895416666666666,76.75583333333334,86.7,1003.125,1007.7916666666666
1197,5.127208333333333,5.137145833333333,4.770958333333334,4.4225,0.6047083333333333,0.6071666666666666,0.5789375,0.6176458333333333,6.694333333333333,6.7270625,6.248958333333333,6.005187500000001,185.04166666666666,6.362145833333333,188.7541666666667,6.779458333333333,206.91666666666666,8.408125,3.5278125,5.381020833333333,7.578708333333334,1.8013541666666668,79.699375,86.7,1006.8541666666666,1011.9166666666666
1198,4.574416666666667,4.580041666666667,4.319354166666667,3.8296458333333336,0.6030625,0.5884375000000001,0.6096666666666667,0.6229375,6.016604166666667,5.993604166666667,5.802479166666667,5.385041666666667,173.55625,8.660520833333333,173.66875000000002,8.532916666666667,187.43125,9.8385,3.28025,4.8936874999999995,6.749270833333333,2.7146041666666663,88.56875000000001,86.7,1002.9583333333334,1008.0208333333334
1199,3.9654666666666665,3.9715777777777777,3.8830444444444443,3.8729777777777774,0.30284444444444447,0.32224444444444444,0.30375555555555556,0.35242222222222225,4.683133333333334,4.727911111111111,4.609022222222222,4.701133333333333,242.12222222222223,5.0745555555555555,242.26444444444445,5.100377777777778,259.8666666666667,7.609088888888889,2.8877333333333337,4.046777777777778,5.308755555555556,3.7805111111111107,89.38222222222223,86.7,1010.4666666666667,1015.4666666666667
1200,6.898854166666666,6.93175,6.515520833333333,5.9863125,0.7340833333333333,0.7256874999999999,0.7337708333333334,0.7369166666666667,8.687145833333334,8.699145833333334,8.3914375,7.867708333333333,214.85833333333335,5.339645833333333,215.60416666666666,5.690625,234.0625,7.450354166666667,4.895020833333333,7.264937499999999,9.741249999999999,3.171041666666667,86.78604166666666,86.7,1009.4791666666666,1014.5833333333334
1201,7.1895,7.028791666666667,6.961541666666666,6.8278125,0.6321041666666667,0.7024374999999999,0.6180208333333334,0.6241249999999999,8.757270833333333,8.74675,8.517958333333334,8.458583333333333,230.82916666666665,4.926729166666667,231.13333333333333,5.241916666666667,250.13958333333335,7.380729166666666,5.2575,7.352729166666666,9.495583333333334,2.6648333333333336,85.544375,86.7,990.2708333333334,995.2916666666666
1202,4.250395833333333,4.207166666666667,4.190333333333333,4.3066875,0.3854166666666667,0.41408333333333336,0.35652083333333334,0.35370833333333335,5.2105625,5.2155,5.071270833333333,5.170229166666666,245.63958333333335,6.403,241.48958333333334,6.0926875,256.55833333333334,7.654,2.7676041666666666,4.295333333333333,6.020020833333334,0.23558333333333334,84.13166666666667,86.7,995.1666666666666,1000.1458333333334
1203,3.8401666666666667,3.7015,3.666541666666667,3.7217708333333337,0.3026666666666667,0.35327083333333337,0.31016666666666665,0.3253333333333333,4.571395833333333,4.503645833333334,4.397645833333333,4.503770833333333,231.49854166666668,6.651708333333333,236.391875,6.593687500000001,248.89079166666667,8.6648125,2.4512708333333335,3.8686875,5.4549375,1.8954374999999999,88.986875,86.7,1002.4375,1007.4166666666666
1204,10.1484375,10.077375,9.650729166666666,9.0874375,0.80375,0.88525,0.7736041666666668,0.7936875,12.343166666666667,12.331874999999998,11.790437500000001,11.202979166666667,240.10625000000002,3.941875,240.875,4.249895833333333,259.15625,6.277541666666667,7.7988125,10.580645833333334,13.387208333333334,8.320666666666666,88.85270833333334,86.7,1000.3333333333334,1005.375
1205,11.240958333333333,10.924666666666667,10.815354166666665,10.117312499999999,1.0367291666666667,1.1313125,1.00525,1.0348125,14.105916666666666,13.936979166666667,13.500583333333333,12.915604166666666,227.48125000000002,4.560520833333333,227.98125000000002,4.912020833333334,247.64374999999998,7.081270833333334,8.8263125,11.672666666666666,14.542208333333333,8.455416666666666,88.61937499999999,86.7,986.0416666666666,990.8333333333334
1206,15.590416666666668,15.829166666666666,15.261041666666666,14.460833333333333,1.6202083333333333,1.6134166666666667,1.5696875,1.6995208333333334,19.766875000000002,20.033125000000002,19.366666666666667,18.847708333333333,307.71666666666664,5.280270833333334,306.24791666666664,5.115916666666666,319.24583333333334,10.173250000000001,12.213333333333333,16.2725,20.350416666666668,3.9358541666666667,80.761875,86.7,981.8541666666666,986.8125
1207,9.886895833333334,10.0048125,9.598437500000001,9.313083333333333,0.830625,0.8592083333333332,0.8272291666666667,0.9142916666666667,11.959625,12.144645833333334,11.6346875,11.584000000000001,282.175,4.6750625,280.89166666666665,4.679166666666666,295.8020833333333,7.288729166666666,7.520520833333333,10.218270833333333,12.937,2.4514791666666667,69.60125000000001,86.7,996.4166666666666,1001.3125
1208,7.456458333333334,7.456895833333333,7.072375,6.444458333333333,0.7649583333333334,0.7707291666666666,0.7483124999999999,0.8108124999999999,9.420083333333332,9.391541666666667,8.996,8.418145833333334,214.95624999999998,5.158875,214.57916666666665,5.4748125,232.57083333333333,7.5829375,5.5707708333333334,7.864249999999999,10.205875,2.48475,87.35833333333333,86.7,987.9375,992.9166666666666
1209,5.453916666666667,5.411229166666666,5.199375,5.297020833333334,0.464875,0.5213125,0.45877083333333335,0.43677083333333333,6.490520833333334,6.576854166666667,6.275083333333334,6.425979166666667,249.33124999999998,4.953916666666667,248.65625,5.2755,265.22291666666666,8.319125,3.5322708333333335,5.510395833333334,7.564687500000001,0.6252083333333333,84.62958333333333,86.7,986.3333333333334,991.2083333333334
1210,3.4730208333333334,3.4339791666666666,3.3918958333333333,3.362229166666667,0.31479166666666664,0.31175,0.32066666666666666,0.338875,4.211375,4.169604166666667,4.1693541666666665,4.156791666666667,174.15416666666667,5.233,183.10604166666667,6.017375,203.45979166666666,6.880020833333333,2.4525416666666664,3.5349583333333334,4.903875,-0.22533333333333336,86.97916666666667,86.7,985.9791666666666,990.9375
1211,7.306916666666666,7.349895833333334,6.6864375,6.1393125,0.8897291666666667,0.8285833333333333,0.9401458333333333,1.0963541666666667,9.3639375,9.289083333333332,8.933333333333334,8.837583333333333,98.74345833333332,7.437270833333333,100.4209375,7.830895833333333,117.56125000000002,11.221416666666668,4.814479166666667,7.716958333333333,11.272354166666666,2.751583333333333,84.54208333333334,86.7,988.2708333333334,993.2291666666666
1212,8.9065625,9.025041666666667,8.773625000000001,8.570083333333333,0.8017291666666666,0.8072291666666667,0.7817291666666667,0.9582083333333333,10.911979166666667,11.037479166666666,10.746125,10.705395833333334,312.29583333333335,5.380875,309.45,4.911520833333333,322.625,10.738958333333334,6.675979166666667,9.191666666666666,11.767833333333334,1.293875,86.61874999999999,86.7,1001.3333333333334,1006.6875
1213,8.523326086956521,8.573173913043478,8.055282608695652,7.602130434782608,0.7500869565217391,0.7365869565217392,0.7090217391304349,0.7758260869565218,10.479369565217391,10.493500000000001,9.881173913043478,9.533434782608696,212.65,4.6251304347826085,214.22826086956522,4.992065217391304,235.55869565217392,6.660956521739131,6.1122826086956525,8.857434782608696,11.71958695652174,1.6757826086956522,79.94217391304348,86.7,1009.9347826086956,1014.9347826086956
1214,10.227708333333334,10.3455,9.770166666666666,9.063020833333333,1.0493958333333333,1.036875,0.9939166666666667,1.0500208333333332,12.9260625,12.966145833333334,12.344145833333334,11.707479166666667,231.89166666666665,5.461104166666666,231.58124999999998,5.912708333333334,246.10833333333335,8.403645833333334,7.825833333333333,10.758041666666665,13.810208333333334,6.485479166666667,78.99270833333334,86.7,1004.5625,1009.5416666666666
1215,6.5493125,6.540187499999999,5.974875,5.23975,0.6875625,0.6840833333333333,0.6615833333333333,0.6793125,8.323041666666667,8.299208333333334,7.677854166666666,7.0421875,205.275,5.5367291666666665,209.48333333333335,5.649895833333333,232.0875,7.849625,4.654375,6.969562499999999,9.647458333333333,4.365854166666667,92.96666666666665,86.7,1010.875,1016.2291666666666
1216,7.971395833333333,7.9564375,7.455770833333333,6.426020833333333,0.7222291666666667,0.7114166666666666,0.6886458333333333,0.7847083333333332,9.809541666666666,9.772125,9.218562499999999,8.454541666666666,200.07708333333335,5.0143125,200.5,5.4163749999999995,218.5895833333333,7.030895833333333,6.2748124999999995,8.547604166666666,10.876104166666666,6.893729166666667,85.68083333333334,86.7,1004.4166666666666,1009.5208333333334
1217,8.674312500000001,8.662520833333334,8.460770833333333,8.159958333333334,0.7208749999999999,0.7435833333333334,0.6959166666666666,0.757375,10.542666666666667,10.600458333333334,10.244645833333333,10.095041666666667,225.50208333333333,4.872041666666667,225.25520833333334,4.762083333333334,232.0556875,7.251375,6.5950625,8.972645833333333,11.398375,5.392854166666666,87.333125,86.7,989.9375,994.875
1218,14.206041666666666,14.253124999999999,13.408312500000001,11.8905625,1.6221875,1.5747083333333334,1.5710208333333335,1.6161041666666665,18.51395833333333,18.387291666666666,17.447708333333335,16.176041666666666,200.40625,5.682895833333333,200.93958333333333,5.972770833333333,219.33541666666667,7.496541666666666,10.912395833333333,15.097916666666668,19.360625000000002,8.177375,80.88416666666667,86.7,978.9166666666666,983.8541666666666
1219,14.728395833333332,14.340708333333334,14.256458333333333,13.61275,1.5944166666666666,1.7281041666666666,1.5558750000000001,1.5935625,19.06745833333333,18.841520833333334,18.354854166666666,17.853520833333334,228.25625,5.250541666666667,229.28958333333333,5.611020833333334,248.89166666666665,7.3553125,11.289125,15.183041666666668,19.117291666666667,6.848916666666667,77.40604166666667,86.7,978.7291666666666,983.4375
1220,6.004085106382979,5.9842765957446815,5.741382978723403,5.383936170212766,0.5220425531914894,0.5675531914893617,0.5197234042553192,0.5346382978723404,7.304893617021277,7.361106382978723,7.068106382978724,6.765914893617021,245.11489361702127,5.042042553191489,243.43829787234043,5.1789787234042555,258.15106382978723,7.303425531914894,4.520297872340426,6.290829787234042,8.145914893617022,4.600531914893617,82.62297872340424,86.7,988.1276595744681,993.1063829787234
1221,5.672125,5.677770833333334,5.346208333333333,4.875041666666667,0.4417708333333333,0.45258333333333334,0.42887499999999995,0.4796875,6.8075,6.823979166666667,6.417979166666666,6.011854166666667,247.72264583333333,5.1005625,245.30937500000002,5.1235625,220.8386875,7.4965,4.252354166666667,5.980645833333333,7.801770833333333,4.6565,85.37270833333334,86.7,1014.6041666666666,1019.6875
1222,9.775270833333334,9.680145833333333,9.241770833333334,8.303958333333332,0.7897708333333333,0.7920416666666666,0.7693958333333333,0.8439791666666667,11.844916666666668,11.6903125,11.241645833333335,10.450875,214.19791666666666,4.32725,214.98333333333335,4.820895833333333,235.40833333333333,6.399708333333333,7.807208333333333,10.310895833333333,12.831041666666666,7.716166666666666,86.25416666666666,86.7,1019.0625,1024.1666666666667
1223,9.185875000000001,9.265354166666667,8.806708333333333,8.094895833333334,0.8616458333333333,0.8399375,0.8258541666666667,0.8600208333333333,11.419833333333335,11.441791666666667,10.9798125,10.4334375,215.92708333333334,4.72,217.35625000000002,5.066208333333333,238.70000000000002,5.994854166666666,7.362208333333334,9.647729166666666,11.955333333333334,9.218541666666667,83.175625,86.7,1019.4583333333334,1024.5625
1224,7.099958333333333,7.1297500000000005,6.607645833333333,5.730125,0.605875,0.5930833333333333,0.5727708333333333,0.5984166666666667,8.625583333333333,8.629708333333333,8.097687500000001,7.318541666666667,204.93958333333333,5.0149791666666665,206.3395833333333,5.505958333333333,226.29166666666666,7.3529583333333335,5.5793125,7.5946875,9.678749999999999,8.810062499999999,72.26270833333334,86.7,1020.6458333333334,1025.875
1225,8.243829787234041,8.280808510638298,7.585489361702127,6.425702127659574,0.7338510638297873,0.7124042553191489,0.6798085106382978,0.6859999999999999,10.237936170212766,10.188170212765957,9.364,8.243574468085106,205.20212765957447,4.626659574468085,207.5744680851064,5.121723404255319,228.32127659574468,6.6892978723404255,6.475404255319149,8.877638297872341,11.341914893617023,9.48559574468085,64.32212765957446,86.7,1014.1276595744681,1019.2765957446809
1226,10.254125,10.190708333333333,9.767312500000001,8.810083333333333,0.9622291666666666,0.9881875,0.9225416666666666,0.9516249999999999,12.864666666666666,12.764895833333334,12.125250000000001,11.347916666666668,208.87708333333333,5.426416666666667,209.16875000000002,5.604166666666667,228.07291666666666,6.731645833333334,8.197687499999999,10.819270833333334,13.4745625,10.783125,71.506875,86.7,1008.4583333333334,1013.5416666666666
1227,10.09,10.13254347826087,9.422021739130434,7.978282608695651,1.0761739130434782,1.0405217391304347,1.0341304347826088,1.129304347826087,13.026304347826088,12.921521739130435,12.264282608695654,10.9315,196.09782608695653,5.518717391304348,196.68260869565216,5.731086956521739,214.72391304347823,7.7035,7.79945652173913,10.895021739130435,14.050217391304347,10.639782608695652,75.3195652173913,86.7,1002.2391304347826,1007.4347826086956
1228,12.132291666666667,12.181041666666667,11.611458333333333,10.528083333333333,1.2805,1.2488541666666666,1.2309583333333334,1.3160208333333332,15.462083333333332,15.424791666666666,14.792083333333332,14.032083333333333,210.76041666666666,5.1205625,211.73958333333334,5.475937500000001,232.23541666666665,7.149333333333334,9.590020833333334,12.793750000000001,16.024583333333332,8.668041666666666,74.32854166666667,86.7,999.7708333333334,1004.7708333333334
1229,8.383208333333334,8.107791666666666,7.998874999999999,7.284479166666666,0.7425625,0.8219375000000001,0.726375,0.7494583333333332,10.309416666666666,10.143125,9.8605625,9.2666875,223.40833333333333,4.9586041666666665,223.5,5.089791666666667,243.03333333333333,6.578729166666666,6.5926875,8.792833333333332,11.015083333333335,7.639875,79.11041666666667,86.7,1004.6666666666666,1009.6875
1230,11.981041666666668,12.068958333333333,11.485,10.512395833333334,1.0565416666666667,1.0043125,1.0187291666666667,1.1183958333333333,14.771041666666667,14.720625,14.257291666666667,13.430625,210.44375,4.5280625,211.9729166666667,5.030125,232.70624999999998,6.276666666666666,9.636291666666667,12.593333333333334,15.568333333333333,9.349708333333334,85.33270833333333,86.7,1004.5625,1009.4791666666666
1231,8.90959574468085,8.734808510638297,8.427872340425532,7.5758936170212765,0.7337872340425532,0.8173617021276595,0.7149574468085107,0.7264255319148936,10.788021276595744,10.854255319148935,10.296787234042553,9.535765957446808,228.10638297872342,4.247234042553192,229.3787234042553,4.83504255319149,246.6936170212766,7.057,7.084106382978723,9.401297872340425,11.799744680851063,11.257659574468086,84.59021276595745,86.7,1013.6170212765958,1018.6808510638298
1232,5.959125,5.953083333333333,5.316791666666666,4.2869166666666665,0.5682708333333334,0.5679791666666667,0.55025,0.5253958333333334,7.348083333333332,7.341916666666666,6.681708333333333,5.620333333333334,192.95208333333335,6.8725,197.500625,8.5228125,208.73166666666668,8.835770833333333,4.578229166666667,6.501541666666667,8.916166666666667,12.103541666666667,73.28354166666666,86.7,1024.4166666666667,1029.6875
1233,6.0535,6.071354166666667,5.488895833333333,4.4553125,0.6140833333333333,0.6049583333333334,0.5925625,0.5879583333333334,7.5945833333333335,7.535625,6.974770833333333,5.982270833333334,201.76666666666665,5.926166666666667,204.4729166666667,6.495291666666667,225.45416666666665,8.588645833333333,4.6814583333333335,6.606020833333333,8.634958333333334,11.024145833333334,75.91208333333334,86.7,1023.7708333333334,1029.0208333333333
1234,2.807630434782609,2.7375434782608696,2.6247608695652174,2.323826086956522,0.27943478260869564,0.27947826086956523,0.29641304347826086,0.28447826086956524,3.3901956521739134,3.3435434782608695,3.259695652173913,2.9295434782608694,161.35608695652175,5.799065217391305,166.59671739130434,9.73286956521739,187.77739130434784,8.124478260869566,2.077478260869565,2.9742173913043475,5.186413043478261,8.80404347826087,92.45434782608694,86.7,1028.3260869565217,1033.5
1235,4.567854166666667,4.458520833333334,4.4906041666666665,4.011979166666666,0.3379375,0.3705,0.36791666666666667,0.4001875,5.370020833333334,5.345291666666667,5.3125,4.8858125,215.13125,6.4163125,212.75333333333333,6.4780625,231.35541666666666,8.209375,3.3305208333333334,4.839104166666666,6.897354166666666,9.001604166666667,79.40479166666667,86.7,1027.625,1032.9583333333333
1236,4.403125,4.244291666666666,4.053333333333334,3.1450208333333336,0.33808333333333335,0.3812708333333333,0.33687500000000004,0.33622916666666663,5.1544791666666665,5.076104166666666,4.787895833333333,3.9016458333333333,194.52916666666667,4.631208333333333,200.53125,5.362145833333333,217.718125,8.027583333333334,3.289,4.834333333333333,7.996145833333333,10.747645833333332,59.6825,86.7,1024.2291666666667,1029.3958333333333
1237,5.203291666666667,5.027520833333333,4.914916666666667,4.376145833333333,0.36264583333333333,0.4547083333333333,0.3563541666666667,0.3619375,5.998854166666667,6.0150625,5.705375,5.223770833333333,234.9020833333333,3.8684375,237.1291666666667,4.093041666666667,254.8125,4.835916666666667,3.7737916666666664,5.496270833333334,7.2865625,9.730041666666667,74.02041666666666,86.7,1015.5,1020.5625
1238,2.826833333333333,2.6553125,2.840125,2.5837708333333333,0.2783541666666667,0.27058333333333334,0.30597916666666664,0.4025,3.4649791666666663,3.2839166666666664,3.5145,3.4611875,167.91445833333333,9.169520833333333,170.07841666666667,8.28975,156.31177083333333,9.292333333333334,2.06475,2.9836666666666667,4.7292499999999995,5.407708333333333,98.88333333333333,86.7,1008.0833333333334,1013.0625
1239,3.3193333333333332,3.3316874999999997,3.1748333333333334,2.787145833333333,0.34127083333333336,0.34404166666666663,0.32939583333333333,0.347375,4.177145833333333,4.2003125,3.99525,3.6630833333333332,205.71072916666665,6.5115625,205.22027083333333,6.701583333333333,213.70220833333335,8.85375,2.497729166666667,3.55925,4.6457291666666665,7.006687500000001,91.48833333333333,86.7,1009.0208333333334,1014.0625
1240,10.649812500000001,10.529166666666667,10.131541666666667,9.066479166666666,1.1581875,1.1692708333333333,1.144125,1.2360625,13.7250625,13.577416666666666,13.222854166666666,12.447895833333334,206.73749999999998,5.401041666666667,207.0583333333333,5.798375,226.02291666666667,7.754437500000001,8.314666666666666,11.269083333333334,14.2556875,9.526395833333334,80.744375,86.7,994.7291666666666,999.75
1241,11.637723404255318,11.383872340425533,11.27436170212766,10.531063829787234,1.1335957446808511,1.2122553191489363,1.1397021276595745,1.239127659574468,14.670234042553192,14.480808510638298,14.272255319148938,13.778148936170213,199.5659574468085,5.268489361702128,200.91063829787234,5.500659574468085,220.86808510638295,6.91108510638298,9.224659574468086,12.090468085106382,14.980425531914895,7.675702127659574,74.79531914893617,86.7,981.4042553191489,986.0851063829788
1242,11.481541666666667,11.463854166666666,11.249645833333332,11.145520833333334,1.1931875,1.2771666666666668,1.1519791666666668,1.129375,14.442645833333332,14.632624999999999,14.190541666666666,14.1379375,258.3875,5.748479166666667,258.2916666666667,5.8258125000000005,272.9770833333333,8.194875,8.590375,11.801812499999999,15.0490625,5.865166666666667,76.10729166666667,86.7,978.3333333333334,983.1041666666666
1243,8.722875,8.717416666666667,8.2870625,7.531625000000001,0.8581249999999999,0.863625,0.8373333333333334,0.8735833333333334,10.842583333333332,10.834708333333333,10.38225,9.758104166666667,208.42708333333334,5.0015624999999995,208.98749999999998,5.3693124999999995,228.00208333333333,6.766208333333334,6.772291666666667,9.189208333333333,11.633729166666667,6.531229166666667,75.39354166666666,86.7,988.1875,993.125
1244,7.486416666666667,7.444270833333333,7.053395833333333,6.1214375,0.9250625,0.9127916666666667,0.8850833333333333,0.8960833333333333,9.925145833333334,9.878083333333334,9.375916666666667,8.482916666666666,173.07291666666666,6.4781458333333335,173.04583333333335,6.550125,187.4729166666667,7.906875,5.591375,8.024979166666666,10.561895833333333,9.232958333333334,88.81604166666666,86.7,976.9583333333334,981.9791666666666
1245,10.596124999999999,10.699729166666666,10.292291666666666,9.757395833333334,0.9917708333333333,0.9947083333333334,0.9698958333333333,1.0315833333333333,13.190666666666667,13.303520833333332,12.804166666666667,12.402625,259.9479166666667,4.987020833333333,259.66041666666666,5.0541875,276.3208333333333,7.365354166666666,8.324166666666667,11.024833333333333,13.748145833333332,6.210854166666667,83.28833333333334,86.7,977.4166666666666,982.1875
1246,9.176479166666667,9.269666666666668,8.808208333333333,8.277958333333332,0.9316666666666666,0.9550208333333333,0.8872916666666667,0.9475208333333334,11.536791666666666,11.650479166666665,11.0950625,10.589041666666667,230.54791666666665,5.332270833333333,230.02291666666667,5.511520833333333,247.32916666666665,7.794020833333334,6.7757499999999995,9.601229166666666,12.496645833333334,4.834333333333333,80.44729166666666,86.7,996.2708333333334,1001.25
1247,11.662687499999999,11.693208333333333,11.343312500000001,11.163375,1.1472291666666667,1.2224583333333334,1.1033125000000001,1.0740833333333333,14.515104166666667,14.636104166666668,14.144374999999998,14.02675,247.57083333333333,4.803395833333333,247.7229166666667,4.925979166666667,263.90625,7.537208333333333,8.755645833333334,11.995125,15.274729166666667,4.962979166666667,76.83583333333333,86.7,996.8541666666666,1001.6041666666666
1248,7.833086956521739,7.6924347826086965,7.629217391304349,7.55791304347826,0.8683913043478261,0.9743043478260869,0.8183043478260871,0.8201086956521739,10.057934782608696,10.04713043478261,9.772239130434784,9.73808695652174,239.76521739130436,5.394913043478261,243.26521739130436,5.837130434782608,262.65434782608696,7.856717391304348,5.695956521739131,8.005869565217392,10.399717391304348,3.718782608695652,81.84413043478261,86.7,996.6304347826087,1001.6086956521739
1249,11.245750000000001,11.458062499999999,10.873479166666668,10.449125,1.2635625,1.2809166666666667,1.2455625,1.2291041666666667,14.565416666666666,14.77375,14.117291666666667,13.6360625,245.66458333333333,6.005125,245.15833333333333,6.098291666666667,258.175,9.134645833333334,8.240041666666666,11.738395833333334,15.332708333333334,5.508,69.11520833333334,86.7,1007.75,1012.7708333333334
1250,14.694375,14.2241875,14.238979166666667,13.293166666666666,1.533125,1.6704583333333334,1.51,1.5981458333333334,18.754583333333333,18.563541666666666,18.274583333333332,17.571041666666666,222.11041666666665,5.2096875,223.2125,5.573125,242.8375,7.386666666666667,11.513625,15.269187500000001,19.047083333333333,6.685729166666667,78.62520833333333,86.7,986.5208333333334,991.375
1251,15.715416666666668,15.89125,15.326875000000001,14.99125,1.6079166666666669,1.6746041666666667,1.5861041666666666,1.6224791666666667,19.825,20.06625,19.496458333333333,19.357291666666665,263.59583333333336,5.119083333333333,263.3583333333333,5.174625,277.44166666666666,7.827083333333333,12.005833333333333,16.245625,20.53708333333333,8.0558125,70.32020833333333,86.7,988.8333333333334,993.7291666666666
1252,13.533958333333333,13.7383125,13.168229166666668,12.727583333333333,1.3539791666666667,1.3915833333333332,1.31525,1.3342083333333334,16.99020833333333,17.269166666666667,16.462083333333332,16.245250000000002,250.4104166666667,4.902708333333334,250.56875,5.023375000000001,266.53749999999997,7.164604166666667,10.508833333333333,14.053125,17.621458333333333,8.7335625,71.60666666666667,86.7,988.8958333333334,993.625
1253,13.288833333333335,13.537104166666666,12.955583333333335,12.50325,1.4025208333333332,1.43,1.3411458333333333,1.3498333333333334,17.117604166666666,17.439979166666667,16.525270833333334,16.102354166666668,245.64374999999998,5.536270833333333,245.38750000000002,5.5963125,260.09791666666666,8.091229166666666,10.196395833333334,13.838979166666666,17.518958333333334,7.711375,71.294375,86.7,991.4166666666666,996.1875
1254,10.6220625,10.6656875,10.228208333333333,9.630895833333334,1.1164375,1.0943333333333334,1.0870625,1.0929166666666668,13.491479166666666,13.531583333333332,13.078104166666668,12.484791666666666,205.64166666666665,5.752583333333334,206.2145833333333,5.911770833333333,222.525,7.838604166666666,8.14725,11.084562499999999,14.074833333333332,6.796125,84.61,86.7,984.1875,988.9791666666666
1255,9.112760869565218,9.244173913043479,8.824369565217392,8.658826086956521,0.9416086956521739,0.9791521739130434,0.9008478260869566,0.8850217391304348,11.579434782608695,11.75,11.133565217391304,11.020978260869565,266.13695652173914,5.678108695652173,264.6608695652174,5.659217391304348,277.1282608695652,8.298065217391304,6.621913043478261,9.433760869565218,12.316173913043478,5.391217391304348,72.19717391304349,86.7,992.304347826087,997.2173913043479
1256,4.462625,4.51425,4.189166666666666,3.9363125,0.43668749999999995,0.44735416666666666,0.4068541666666667,0.4007083333333333,5.511,5.589229166666667,5.2114375,4.9575000000000005,217.010625,7.548333333333333,208.71752083333334,6.836895833333333,217.05541666666667,9.160833333333333,2.7195208333333336,4.6916875,7.123145833333333,5.784229166666666,76.89020833333333,86.7,1010.3958333333334,1015.4166666666666
1257,7.416833333333333,7.380083333333334,7.0517916666666665,6.346416666666666,0.5817916666666666,0.6350208333333334,0.5832916666666667,0.6330416666666666,8.830083333333333,8.833958333333333,8.5023125,7.8775625,219.53125,4.347354166666666,220.87708333333333,4.974833333333334,243.0583333333333,6.2621875,6.0415625,7.824229166666666,9.624875000000001,8.674729166666667,85.29354166666667,86.7,1015.8958333333334,1020.9791666666666
1258,8.6023125,8.609104166666667,8.256583333333333,7.372812499999999,0.6508125,0.6896666666666667,0.6696041666666667,0.7187291666666668,10.212395833333334,10.2401875,9.890500000000001,9.179979166666667,220.35,4.344291666666667,220.9729166666667,4.843270833333333,242.12708333333333,5.944229166666666,7.1687916666666665,9.111083333333333,11.071020833333334,11.625,84.31291666666667,86.7,1019.9583333333334,1025.0208333333333
1259,6.521395833333333,6.3998333333333335,6.2620625,5.619625,0.5884791666666667,0.6263124999999999,0.5693541666666667,0.6091875,7.932895833333333,7.9033750000000005,7.6514375,7.15975,218.1291666666667,4.960458333333333,218.11041666666665,5.314,236.42499999999998,6.403458333333333,5.272145833333333,6.88675,8.5171875,12.036875,81.47395833333333,86.7,1022.0833333333334,1027.2291666666667
1260,10.799416666666666,10.86625,10.413958333333333,9.570458333333333,1.0435,1.0492708333333334,1.0292291666666666,1.0792291666666667,13.431270833333334,13.4941875,13.012145833333333,12.344104166666668,222.15,5.107895833333333,222.92291666666665,5.443145833333333,241.71041666666667,7.481708333333334,8.55675,11.362916666666665,14.1925,10.804583333333333,78.4975,86.7,1015.625,1020.5625
1261,6.021520833333334,6.101604166666667,5.806979166666667,5.624104166666666,0.5642916666666666,0.6112083333333334,0.5615833333333333,0.5608958333333334,7.442270833333333,7.617395833333333,7.197187499999999,7.077229166666666,260.3833333333333,5.8024375,259.48333333333335,5.777395833333333,272.78333333333336,7.969083333333334,4.465020833333333,6.26325,8.104875,7.283124999999999,65.43541666666667,86.7,1023.6875,1028.75
1262,9.798468085106384,9.70640425531915,9.538297872340426,9.36587234042553,0.9432765957446809,1.029404255319149,0.9057872340425532,0.9105106382978723,12.218063829787235,12.276340425531913,11.862510638297872,11.725531914893617,244.84255319148937,4.881574468085106,245.52340425531915,5.116063829787234,262.91914893617025,7.153723404255319,7.382893617021276,10.065914893617022,12.785106382978723,6.735191489361703,72.48170212765957,86.7,1019.4468085106383,1024.340425531915
1263,7.602625,7.666645833333334,7.197395833333334,6.552479166666667,0.6524375,0.652625,0.6237916666666666,0.7134375,9.352375,9.411291666666667,8.928395833333333,8.388979166666667,232.25075,5.377770833333333,233.17566666666667,5.337875,225.48583333333332,8.712583333333333,5.702958333333334,8.046083333333334,10.452520833333333,6.4526666666666666,68.61354166666666,86.7,1024.0,1029.0
1264,6.9019375,6.9881874999999996,6.6265624999999995,6.388854166666667,0.5698541666666667,0.6122708333333333,0.5640208333333333,0.5705625,8.376958333333333,8.511291666666667,8.094479166666668,7.912229166666666,260.37083333333334,5.213166666666667,257.46875,5.074395833333333,270.14166666666665,7.448791666666668,5.025458333333334,7.1972708333333335,9.417979166666667,7.772395833333333,73.34729166666666,86.7,1024.7083333333333,1029.6875
1265,7.239229166666667,7.3725625,7.0229583333333325,6.789354166666667,0.6056875,0.6532083333333333,0.5906458333333333,0.60275,8.7245,8.894145833333333,8.506020833333332,8.38825,256.48541666666665,4.515354166666667,255.96666666666667,4.5332083333333335,268.89375,7.2513958333333335,5.481645833333334,7.549708333333334,9.643895833333334,9.620833333333334,73.36166666666666,86.7,1025.8125,1030.8958333333333
1266,7.5986666666666665,7.574375,7.2921875,6.7669375,0.512875,0.5472708333333333,0.5097083333333333,0.5497083333333334,8.819479166666666,8.832625,8.575041666666666,8.1074375,221.85416666666666,3.2213125,224.47083333333333,3.8009583333333334,249.22916666666666,4.964875,6.170333333333333,7.921145833333333,9.677354166666666,8.8876875,75.185625,86.7,1025.9375,1030.9375
1267,6.542166666666667,6.365166666666667,6.198270833333333,5.7833125,0.5645,0.643375,0.5435416666666667,0.5265624999999999,7.878354166666667,7.885437499999999,7.538958333333333,7.116562500000001,233.20416666666665,4.602270833333333,235.60208333333333,4.959041666666667,256.5625,6.2436875,4.9987916666666665,6.8017916666666665,8.696645833333333,9.276166666666667,69.78166666666667,86.7,1018.7083333333334,1023.7291666666666
1268,5.344,5.313229166666667,4.985187499999999,4.685604166666667,0.4549375,0.4555,0.4936875,0.4998958333333334,6.402041666666666,6.37625,6.1332708333333334,5.862749999999999,168.12933333333334,6.8153958333333335,163.74145833333333,7.6695,154.97489583333333,7.965458333333333,3.7667916666666668,5.540916666666667,7.5896875,6.612291666666667,86.61770833333333,86.7,1014.9791666666666,1019.875
1269,4.655195652173913,4.652434782608696,4.37495652173913,4.216565217391304,0.4291086956521739,0.39343478260869563,0.46565217391304353,0.5166304347826087,5.723717391304348,5.657152173913043,5.521195652173913,5.525021739130435,70.87217391304348,5.628217391304348,73.65415217391305,5.91054347826087,90.3154347826087,7.058565217391305,3.1753043478260867,4.810804347826087,6.944869565217391,5.778478260869565,79.13,86.7,1021.7608695652174,1026.7391304347825
1270,6.644604166666667,6.660666666666667,6.0883125,4.996979166666667,0.6768958333333334,0.6611666666666667,0.6906875,0.7315,8.2614375,8.261750000000001,7.794583333333333,6.8788124999999996,169.58541666666667,6.428270833333333,171.09583333333333,6.633583333333333,184.88750000000002,9.210333333333333,5.055645833333333,7.236479166666666,9.519,6.3634375,69.15791666666667,86.7,1013.2708333333334,1018.4166666666666
1271,4.8211458333333335,4.782166666666667,4.6803333333333335,4.433229166666666,0.43083333333333335,0.45179166666666665,0.44110416666666663,0.5123333333333333,5.956395833333333,5.935479166666667,5.856104166666667,5.766041666666666,222.6732291666667,6.629124999999999,223.37941666666666,6.792708333333334,210.90997916666666,10.4113125,3.4291875,5.026395833333333,6.739833333333333,5.128291666666667,86.25583333333333,86.7,994.8541666666666,999.7083333333334
1272,7.124,6.993666666666667,6.995625,6.914625,0.625625,0.6699166666666666,0.6374583333333333,0.6802291666666666,8.687645833333333,8.571020833333334,8.59025,8.629395833333334,173.84083333333334,5.608375,175.639375,5.880375,194.87166666666667,7.1954375,5.279625,7.242083333333333,9.296104166666668,3.7785625,88.96666666666665,86.7,990.5208333333334,995.4375
1273,8.454291666666666,8.282645833333333,8.323625,7.909520833333333,0.6378541666666667,0.6262083333333334,0.6459791666666667,0.7461875,10.035520833333333,9.868854166666667,9.909791666666667,9.688,104.79208333333334,5.3128125,108.08,5.015145833333333,122.66624999999999,5.454958333333334,6.870354166666666,8.681229166666666,10.5185,5.3642916666666665,83.594375,86.7,989.6458333333334,994.6041666666666
1274,8.511458333333334,8.315854166666666,8.379895833333334,7.945625,0.5468333333333334,0.5413541666666667,0.5417083333333333,0.6205833333333334,9.8808125,9.693833333333332,9.8150625,9.480416666666667,97.97979166666666,3.9186875000000003,100.88770833333332,3.811958333333333,115.70833333333333,4.3804375,6.835354166666666,8.740458333333333,10.6633125,7.103770833333333,86.44229166666666,86.7,998.0833333333334,1003.0833333333334
1275,3.580166666666667,3.5473541666666666,3.4005833333333335,3.2064166666666662,0.304625,0.2901458333333333,0.33539583333333334,0.4288958333333333,4.295729166666667,4.247958333333334,4.225291666666666,4.149041666666666,193.58245833333334,5.375958333333333,194.90139583333334,5.196729166666667,165.78245833333332,8.527895833333334,2.510479166666667,3.714541666666667,5.184270833333334,6.338895833333333,96.08958333333334,86.7,1001.75,1006.75
1276,5.550673913043478,5.489413043478261,5.075695652173913,4.357413043478261,0.337195652173913,0.2996304347826087,0.3789130434782609,0.5790869565217391,6.316565217391305,6.163347826086957,5.907108695652173,5.728065217391304,65.14076086956521,4.421565217391304,65.66930434782608,4.635434782608695,42.57195652173913,7.581869565217391,4.003434782608696,5.929891304347826,8.032239130434784,6.654673913043479,99.85652173913043,86.7,1005.0434782608696,1010.0217391304348
1277,7.451687499999999,7.313666666666666,6.891208333333334,6.0566666666666675,0.47052083333333333,0.4467083333333333,0.5328333333333334,0.709,8.588166666666668,8.404729166666668,8.196666666666667,7.746583333333334,28.595708333333334,3.647395833333333,29.512145833333335,3.9137916666666666,45.901666666666664,6.157729166666667,5.4435625,7.869375000000001,10.8175,6.559833333333334,98.41875,86.7,1008.75,1013.6458333333334
1278,6.875604166666666,6.8283958333333326,5.851520833333333,6.1937291666666665,0.7020416666666667,0.6459583333333333,0.9046458333333334,0.7646875,8.778,8.645416666666668,8.357645833333333,8.273291666666667,66.753125,5.256916666666666,70.89979166666667,5.683083333333333,90.10833333333333,6.007708333333333,3.470833333333333,6.805354166666667,12.466458333333334,6.3069375,84.89166666666667,86.7,1013.4791666666666,1018.4375
1279,5.5101489361702125,5.499531914893617,5.080936170212766,4.8694893617021275,0.5463404255319149,0.5255106382978723,0.6637234042553192,0.6363617021276595,6.852255319148936,6.791787234042554,6.680170212765958,6.444851063829788,84.83340425531915,5.792510638297872,89.14234042553191,6.168212765957447,107.29893617021277,6.654148936170213,3.636595744680851,5.70068085106383,8.478255319148936,5.606468085106384,69.65085106382979,86.7,1017.1914893617021,1022.1276595744681
1280,4.025520833333333,4.046833333333333,3.7274375,3.448020833333333,0.5088750000000001,0.5124166666666666,0.5275625,0.5397916666666667,5.18825,5.233895833333333,5.026,4.819895833333333,192.79375000000002,7.4773125,197.45833333333334,8.531354166666667,220.5375,10.482333333333333,2.64875,4.226666666666667,6.028645833333333,5.621312499999999,64.25,86.7,1020.2708333333334,1025.3125
1281,4.594833333333333,4.4821875,4.604604166666667,4.567145833333334,0.46752083333333333,0.47556250000000005,0.49802083333333336,0.5539166666666667,5.737583333333333,5.634229166666667,5.818958333333334,5.9395625,133.638875,8.838979166666666,145.92775,6.889291666666666,163.88645833333334,8.5335625,3.407958333333333,4.663854166666667,6.213229166666667,5.004645833333334,75.52916666666667,86.7,1022.4791666666666,1027.4791666666667
1282,6.623291666666667,6.505145833333334,6.515249999999999,6.1918125,0.7025,0.6945208333333334,0.7128541666666667,0.7725,8.388854166666667,8.231791666666666,8.3355625,8.192895833333333,98.753125,6.3941875,104.61666666666667,6.738270833333334,122.53958333333333,7.048583333333333,5.034104166666666,6.8179791666666665,8.646458333333333,5.0097708333333335,66.93333333333334,86.7,1023.1875,1028.1458333333333
1283,7.897829787234042,7.749744680851064,7.747446808510638,7.376574468085106,0.6978297872340425,0.6894893617021276,0.7029574468085107,0.7620638297872341,9.605255319148936,9.449851063829788,9.518531914893616,9.276723404255318,103.52361702127659,4.995893617021276,108.12553191489361,5.2245531914893615,124.42127659574469,6.171127659574468,6.104510638297872,8.112936170212766,10.154340425531915,5.34295744680851,71.21872340425533,86.7,1021.2765957446809,1026.3191489361702
1284,9.790687499999999,9.573125,9.443041666666668,8.897083333333333,0.6437708333333333,0.6335416666666667,0.6361666666666667,0.7298958333333333,11.443791666666668,11.228812499999998,11.112541666666667,10.738395833333334,106.82916666666667,3.693270833333333,110.87083333333334,3.8768124999999998,126.05833333333334,4.690770833333334,7.832625,10.065854166666666,12.313375,6.0239375,86.35833333333333,86.7,1016.0625,1021.0833333333334
1285,8.0494375,7.870729166666667,7.918937499999999,7.586312499999999,0.599,0.5999791666666666,0.581375,0.6853750000000001,9.759666666666666,9.644708333333332,9.572208333333334,9.253270833333334,92.90625,4.5828541666666665,96.39583333333333,4.429833333333334,112.02708333333334,4.894166666666666,6.313458333333333,8.239979166666666,10.172395833333333,7.115645833333333,92.55624999999999,86.7,1012.2916666666666,1017.2916666666666
1286,4.395854166666667,4.414583333333334,3.8604374999999997,3.6643333333333334,0.3514583333333334,0.30424999999999996,0.40897916666666667,0.5085416666666667,5.294083333333334,5.2469375000000005,4.899583333333333,4.873125,59.62020833333333,4.247416666666667,60.64166666666667,4.099854166666667,76.74145833333334,6.280270833333333,2.622520833333333,4.5866875,7.374208333333333,7.1370000000000005,96.97708333333333,86.7,1016.5833333333334,1021.5208333333334
1287,4.549041666666667,4.494208333333334,4.3762083333333335,4.043541666666667,0.3734583333333334,0.34727083333333336,0.41610416666666666,0.5007083333333333,5.505208333333333,5.393083333333333,5.360333333333333,5.2284375,66.83874999999999,4.560333333333333,66.31229166666667,4.23575,79.88416666666667,5.815145833333333,2.9114375,4.766729166666667,7.162520833333333,7.9834375,94.58333333333333,86.7,1020.8125,1025.7916666666667
1288,3.696270833333333,3.636854166666667,3.8005833333333334,3.2665208333333333,0.2909583333333333,0.26987500000000003,0.30064583333333333,0.3836041666666667,4.399770833333333,4.309229166666666,4.4894375,4.145854166666667,76.82375,4.979166666666667,74.96854166666667,4.5865625,87.495,6.734479166666667,2.073541666666667,3.991729166666667,6.8155833333333335,9.827416666666666,81.91916666666667,86.7,1024.6041666666667,1029.75
1289,4.0150625,3.944354166666667,4.1291875,3.256604166666667,0.25704166666666667,0.2685625,0.27775,0.31745833333333334,4.597208333333334,4.5318125,4.768,3.9479375,175.54999999999998,4.353020833333333,179.80416666666667,4.639895833333333,190.34833333333333,6.730250000000001,2.7665,4.453125,7.9435625,14.249583333333334,56.26791666666667,86.7,1023.375,1028.5416666666667
1290,5.840934782608696,5.782347826086957,5.444239130434783,4.7037826086956525,0.5271521739130435,0.5514347826086956,0.5563260869565217,0.5850869565217391,7.100565217391304,7.095413043478261,6.684565217391304,6.0286739130434785,200.9717391304348,6.4601304347826085,205.8304347826087,6.898695652173912,227.44130434782608,8.797586956521739,4.178739130434783,6.254673913043478,8.647782608695652,16.173478260869565,49.92282608695652,86.7,1011.9130434782609,1017.0217391304348
1291,5.917958333333334,5.735229166666667,5.998166666666666,5.383895833333334,0.3892083333333333,0.3937916666666667,0.40647916666666667,0.5148333333333334,6.868083333333334,6.674229166666667,6.938104166666666,6.554916666666667,136.875,3.51975,146.069375,3.4943333333333335,162.88125,5.177229166666667,3.7096666666666667,6.228437500000001,9.0860625,11.291666666666666,69.73937500000001,86.7,1001.0208333333334,1005.9583333333334
1292,6.1879791666666675,6.042041666666667,6.1343749999999995,5.626354166666666,0.43625,0.4116458333333333,0.47008333333333335,0.6609375000000001,7.2761875,7.098166666666667,7.2691875,7.106520833333334,77.53979166666666,4.033854166666667,79.10916666666667,3.767958333333333,93.82354166666666,5.148416666666667,4.320541666666666,6.4659375,8.912083333333333,9.080416666666666,88.30062500000001,86.7,994.7291666666666,999.625
1293,5.721687500000001,5.753875,5.1283125,4.822583333333333,0.6034375,0.5380833333333334,0.5939583333333334,0.7164791666666667,7.311208333333333,7.202125,6.711333333333333,6.626666666666666,84.38250000000001,6.2084375,85.56270833333333,6.621854166666666,102.66166666666668,8.008916666666666,3.6496041666666668,5.996291666666667,9.285916666666667,8.949375,94.855,86.7,987.6875,992.4791666666666
1294,6.655729166666667,6.576416666666667,6.370104166666667,5.514458333333334,0.5655416666666667,0.5506458333333334,0.5741458333333334,0.6781458333333333,8.053541666666666,7.949041666666666,7.800249999999999,7.186916666666666,135.74333333333334,5.026208333333334,135.91416666666666,4.908125,148.85416666666666,6.63925,5.159625,7.100479166666666,9.217166666666666,9.959166666666667,84.12270833333334,86.7,991.5208333333334,996.5
1295,8.66375,8.685625,8.064895833333333,6.8046875,1.0271875,1.0014166666666666,1.0200625,1.0887291666666667,11.210541666666666,11.237104166666667,10.696583333333335,9.641,181.55208333333334,6.278645833333333,181.92083333333335,6.47225,197.57291666666666,8.664541666666667,6.511041666666666,9.369979166666667,12.314020833333332,10.441041666666667,76.13562499999999,86.7,996.7083333333334,1001.7291666666666
1296,7.000666666666667,7.008833333333333,6.837104166666666,6.167395833333334,0.6207291666666667,0.6115,0.6129166666666667,0.8279791666666667,8.590854166666666,8.543833333333334,8.4535625,8.132770833333334,238.70916666666668,5.776708333333333,238.3345833333333,5.1253125,229.85072916666664,12.288541666666667,5.405083333333334,7.4035,9.4401875,7.9400625,86.19270833333333,86.7,994.375,999.1666666666666
1297,6.419708333333333,6.424395833333333,6.2545625,5.579791666666666,0.41825,0.4126666666666667,0.43535416666666665,0.8488125000000001,7.455229166666666,7.4400625,7.2954791666666665,7.155729166666667,219.73327083333334,5.307354166666666,235.49675,4.674979166666667,222.10979166666667,11.639562499999998,4.863520833333333,6.80975,8.904708333333334,7.800333333333334,93.3,86.7,1013.2916666666666,1017.9375
1298,3.2150212765957447,3.1424042553191494,3.3708297872340425,3.367872340425532,0.3381914893617021,0.32995744680851063,0.3152127659574468,0.3698085106382979,4.0290425531914895,3.948914893617021,4.151468085106383,4.235574468085106,142.68659574468086,7.5360000000000005,146.48978723404255,7.24863829787234,157.78659574468085,7.369106382978724,2.024404255319149,3.2745957446808514,4.846893617021276,8.129829787234042,91.31553191489361,86.7,1019.7872340425532,1024.7021276595744
1299,4.648583333333334,4.4928125,4.581916666666666,4.34025,0.29091666666666666,0.34395833333333337,0.31554166666666666,0.4448125,5.328354166666666,5.2787291666666665,5.331875,5.239625,176.07916666666665,4.1496875,182.86666666666667,4.7995833333333335,206.7854166666667,6.5798125,3.0163333333333333,4.786958333333334,6.90975,9.3044375,87.45437500000001,86.7,1016.6458333333334,1021.5416666666666
1300,3.485595744680851,3.3009999999999997,3.209872340425532,2.7858085106382977,0.23685106382978724,0.25846808510638297,0.2432340425531915,0.30319148936170215,4.001319148936171,3.8689999999999998,3.761404255319149,3.4429148936170213,158.9208510638298,4.281276595744681,169.74829787234043,4.814617021276596,191.56978723404256,6.71331914893617,2.4992765957446808,3.691829787234042,5.051297872340426,11.11531914893617,84.08276595744681,86.7,1009.8297872340426,1014.7659574468086
1301,6.096520833333333,5.9820625000000005,5.948,5.335791666666666,0.40199999999999997,0.4114166666666667,0.4286041666666667,0.6438125,7.036208333333334,6.953,6.95325,6.74775,139.40710416666667,5.960708333333333,139.67620833333334,5.698229166666667,119.11658333333332,8.431708333333333,4.6840625000000005,6.416916666666666,8.191875,8.587416666666668,84.41083333333333,86.7,1006.5833333333334,1011.3333333333334
1302,7.326395833333333,7.251708333333333,7.257479166666666,6.244916666666666,0.5977083333333334,0.5856875,0.6290416666666666,1.071375,8.775020833333334,8.650958333333334,8.713791666666667,8.423125,286.7381041666667,9.776458333333332,293.6860625,8.5305,128.3483125,13.957895833333334,5.691833333333334,7.8445833333333335,10.012125,6.492791666666666,70.23375,86.7,1009.1666666666666,1013.9791666666666
1303,12.983833333333335,12.9500625,12.678375,10.449625,1.0126041666666667,1.0005833333333334,1.05775,1.8246458333333333,15.295395833333332,15.251125,15.074562499999999,14.362645833333334,335.13958333333335,6.215479166666667,333.83750000000003,5.429166666666667,309.94239583333336,18.548645833333335,9.998395833333333,14.105583333333334,18.222520833333334,5.867604166666666,77.924375,86.7,1015.1458333333334,1019.5625
1304,5.1953191489361705,5.265212765957447,5.035702127659574,4.862957446808511,0.4919574468085106,0.5126595744680851,0.49338297872340425,0.61,6.438297872340426,6.537127659574468,6.2295319148936175,6.291553191489361,262.58148936170215,6.742276595744681,260.2912765957447,6.721659574468085,257.39270212765956,10.70236170212766,3.5849574468085104,5.402638297872341,7.309106382978724,6.901255319148936,65.83106382978723,86.7,1017.5744680851063,1022.4255319148937
1305,3.765541666666667,3.7403333333333335,3.7121875,3.380333333333333,0.3893125,0.39537500000000003,0.3844375,0.4973958333333333,4.716479166666667,4.700125,4.635916666666667,4.587229166666667,172.76954166666667,7.393458333333334,157.3846875,7.679791666666667,149.91516666666666,10.1651875,2.5727708333333332,3.9908125,5.540937499999999,5.727875,76.09104166666667,86.7,1013.625,1018.4375
1306,5.375208333333333,5.3013125,5.390479166666666,5.311020833333333,0.4657708333333333,0.4680416666666667,0.4969791666666667,0.5473125,6.517333333333333,6.4629375,6.598145833333334,6.758916666666667,104.975625,5.8103541666666665,108.31583333333333,5.897833333333334,123.93541666666665,6.4976875000000005,4.049916666666667,5.4638333333333335,6.925979166666667,5.233041666666667,89.07729166666667,86.7,1007.4166666666666,1012.1666666666666
1307,11.3914375,11.21625,10.771520833333334,10.303749999999999,0.9653125,0.9014375,1.0741458333333334,1.1635208333333333,13.834770833333332,13.621729166666666,13.461729166666666,13.296770833333333,82.06645833333333,4.131479166666667,86.14895833333333,4.255041666666666,103.38687499999999,5.146895833333333,7.922999999999999,11.706395833333334,16.643729166666667,7.157666666666667,93.91250000000001,86.7,990.0208333333334,994.7916666666666
1308,10.614895833333334,10.413083333333333,10.057,8.546791666666666,0.7454375,0.6685833333333333,0.7917291666666667,1.1101458333333334,12.218583333333333,11.856958333333333,11.7611875,11.169145833333333,73.44783333333334,6.629958333333334,74.39710416666667,6.340708333333333,30.33125,8.193229166666667,8.02775,11.345104166666667,14.7163125,6.955395833333333,82.32000000000001,86.7,992.9375,997.6041666666666
1309,4.560021739130435,4.480652173913044,4.514195652173913,4.395065217391305,0.3710217391304348,0.3744130434782608,0.3682391304347826,0.47806521739130436,5.5234565217391305,5.432173913043478,5.4386086956521735,5.529065217391304,146.46841304347828,7.133130434782609,146.8159565217391,6.307978260869566,163.4613043478261,7.715021739130435,3.358891304347826,4.68604347826087,6.258608695652174,6.549130434782609,77.66152173913044,86.7,1002.7826086956521,1007.6304347826087
1310,2.4520416666666667,2.394229166666667,2.3416875,2.1798333333333333,0.2431875,0.22854166666666667,0.2587291666666667,0.34541666666666665,3.0128541666666666,2.9259166666666663,2.9496041666666666,2.9728541666666666,138.34704166666668,7.1072500000000005,146.263,7.6566875,142.4106875,12.488958333333334,1.6900625,2.5766666666666667,3.767791666666666,7.9254375,82.63250000000001,86.7,1014.5625,1019.4583333333334
1311,5.176458333333334,5.063229166666667,5.281312499999999,5.144645833333334,0.3667708333333333,0.36554166666666665,0.36754166666666666,0.42989583333333337,6.128020833333333,5.980125,6.2026875,6.1410625,158.76666666666668,4.182541666666666,164.75208333333333,4.011895833333333,186.68958333333333,5.109125,3.692375,5.2878750000000005,7.0421875,9.340562499999999,72.44333333333333,86.7,1028.2291666666667,1033.2291666666667
1312,5.353130434782608,5.273521739130435,5.671021739130436,5.270326086956522,0.3537826086956522,0.3806521739130435,0.34254347826086956,0.4292391304347826,6.191782608695652,6.148195652173913,6.442282608695653,6.184565217391304,162.02978260869565,4.729978260869565,164.42869565217393,3.716565217391304,176.99021739130436,6.045021739130435,3.825978260869565,5.6044782608695645,8.761021739130435,12.014086956521739,64.33434782608695,86.7,1030.7608695652175,1035.7173913043478
1313,3.9568958333333337,3.8718958333333333,3.8521875,3.3340416666666663,0.26489583333333333,0.2763125,0.279375,0.2946875,4.562125,4.506833333333334,4.490520833333333,4.0005625,154.32625,3.287354166666667,156.94979166666667,3.442375,179.10270833333334,4.478916666666667,2.6829375,4.223229166666667,6.2960416666666665,13.246458333333335,68.52291666666666,86.7,1026.6666666666667,1031.6666666666667
1314,5.694170212765957,5.571808510638298,5.965000000000001,5.406574468085107,0.31246808510638296,0.3315106382978723,0.34714893617021275,0.4076595744680851,6.435510638297872,6.339595744680851,6.7292978723404255,6.33831914893617,154.96595744680852,3.9578723404255323,159.8063829787234,3.7711489361702126,178.0191489361702,4.961489361702127,3.775234042553192,6.001936170212766,8.558255319148936,13.17063829787234,66.47702127659575,86.7,1019.936170212766,1024.8297872340424
1315,5.700622222222223,5.644511111111111,5.621133333333333,5.217888888888889,0.3824222222222222,0.3672,0.40484444444444445,0.5346,6.698622222222222,6.607044444444445,6.598577777777777,6.418977777777777,85.07511111111111,3.816666666666667,87.06533333333333,3.6966888888888887,102.26755555555556,4.620733333333333,4.196311111111111,5.964355555555556,7.881155555555555,9.112333333333334,87.75333333333333,86.7,1016.0,1020.7333333333333
1316,6.649166666666667,6.507666666666666,5.9615833333333335,4.706604166666667,0.3299375,0.3123958333333333,0.3769166666666666,0.7237083333333333,7.430604166666666,7.234083333333333,6.8598125,6.269145833333333,140.69608333333335,3.8218541666666668,148.07860416666668,3.919208333333333,88.71397916666666,9.937958333333333,4.973645833333333,7.220083333333334,9.546645833333333,9.790208333333334,96.06666666666666,86.7,1007.3541666666666,1012.0625
1317,2.9663617021276596,2.9357234042553193,2.835276595744681,2.4628297872340426,0.18951063829787235,0.1705531914893617,0.21012765957446808,0.34214893617021275,3.363,3.301659574468085,3.2854468085106383,3.188787234042553,118.37372340425532,3.919744680851064,127.06572340425532,4.041595744680851,96.79244680851063,7.143127659574468,2.0803617021276595,3.1690212765957444,4.368489361702127,9.773191489361702,97.78510638297871,86.7,1000.8297872340426,1005.5957446808511
1318,3.5099361702127663,3.4081063829787235,3.5558510638297873,3.4153829787234042,0.3129787234042553,0.321468085106383,0.32676595744680853,0.3712127659574468,4.254893617021277,4.180042553191489,4.332553191489362,4.267170212765957,157.21425531914892,5.150765957446809,159.83297872340424,5.7455319148936175,165.91255319148937,6.980085106382979,2.299106382978723,3.6160851063829784,5.170702127659575,10.453191489361702,90.47063829787234,86.7,1003.0,1007.9148936170212
1319,3.036744680851064,2.9118085106382976,2.8719574468085107,2.6395531914893615,0.23985106382978721,0.26776595744680853,0.2691063829787234,0.31563829787234043,3.5954680851063827,3.506617021276596,3.4826170212765954,3.3718085106382976,159.2812340425532,6.668659574468085,159.25657446808512,6.944787234042552,160.65059574468083,7.10095744680851,2.127531914893617,3.168340425531915,4.518659574468085,10.010404255319148,95.69574468085106,86.7,1006.2765957446809,1011.1914893617021
1320,4.128,4.054659574468085,3.953808510638298,3.5777446808510636,0.3681702127659574,0.37619148936170216,0.37731914893617025,0.4568723404255319,5.003553191489361,4.9569148936170215,4.81968085106383,4.662446808510638,173.93604255319147,5.9323404255319145,167.82861702127659,5.657872340425532,148.49570212765957,7.116787234042553,3.030063829787234,4.364085106382978,5.848893617021277,10.468723404255318,89.06319148936171,86.7,1010.5744680851063,1015.3404255319149
1321,7.334872340425531,7.305574468085107,7.181510638297873,7.110212765957447,0.7912765957446808,0.8811489361702128,0.7711702127659574,0.8123617021276596,9.265617021276595,9.411553191489363,9.121808510638298,9.249042553191488,249.98936170212767,6.473936170212766,249.52340425531915,6.676489361702128,265.331914893617,8.777063829787235,5.376808510638298,7.53468085106383,9.751425531914894,12.282510638297873,56.20765957446808,86.7,1009.6808510638298,1014.531914893617
1322,8.976934782608696,8.626652173913044,8.792630434782609,8.621326086956522,0.789608695652174,0.9270217391304348,0.8101086956521739,0.8526739130434783,10.86986956521739,10.837934782608697,10.726173913043478,10.739108695652174,238.81739130434784,5.005347826086957,239.14347826086959,5.339195652173913,257.9065217391304,6.696152173913044,6.893391304347826,9.163869565217391,11.462391304347825,13.267826086956523,58.97782608695652,86.7,1006.9130434782609,1011.3913043478261
1323,4.245212765957447,4.173595744680851,4.2245531914893615,4.127,0.36006382978723406,0.37227659574468086,0.3738936170212766,0.43114893617021277,5.149021276595745,5.091574468085106,5.192340425531914,5.140000000000001,168.32340425531913,6.378936170212766,160.6731914893617,5.508744680851064,177.08085106382978,6.6831489361702126,3.061787234042553,4.3487446808510635,5.8584680851063835,10.949148936170213,75.39531914893617,86.7,1008.5531914893617,1013.3617021276596
1324,5.545702127659575,5.5457446808510635,5.546468085106383,5.426340425531915,0.47217021276595744,0.49434042553191493,0.4653191489361702,0.5088085106382979,6.678382978723405,6.734489361702128,6.590595744680851,6.617617021276597,211.11978723404258,6.812382978723405,209.19191489361702,6.43472340425532,222.38297872340425,7.801489361702128,4.194489361702128,5.7131914893617015,7.473212765957446,11.981489361702128,83.96957446808511,86.7,1008.7872340425532,1013.6595744680851
1325,10.93027659574468,11.093255319148938,10.661957446808511,10.354382978723404,1.008340425531915,1.021808510638298,0.9778085106382979,0.9972978723404254,13.551914893617022,13.707021276595745,13.106808510638297,12.987808510638299,243.05106382978724,4.499468085106383,243.4936170212766,4.584446808510638,260.14255319148936,6.8812127659574465,8.55404255319149,11.320978723404256,14.104255319148935,14.616382978723404,78.14617021276595,86.7,999.9574468085107,1004.6595744680851
1326,7.360833333333333,7.2285,7.20775,6.893625,0.6572291666666666,0.7000208333333333,0.6776041666666667,0.8201875,8.9941875,8.922458333333333,8.892354166666665,8.883354166666667,187.78666666666666,5.852875,189.55625,5.796666666666667,183.62260416666666,8.960979166666666,5.464770833333334,7.618354166666666,9.882666666666667,9.884520833333333,81.26958333333333,86.7,999.375,1004.0416666666666
1327,4.655979166666667,4.614791666666666,4.542041666666667,3.931395833333333,0.342875,0.32108333333333333,0.36395833333333333,0.6068958333333333,5.4701458333333335,5.379791666666667,5.4266875,5.226500000000001,160.3123125,5.9636458333333335,161.067375,6.253041666666667,116.55260416666665,10.082604166666666,3.3856249999999997,4.987333333333333,6.714104166666666,8.572687499999999,86.66041666666666,86.7,1006.375,1011.0833333333334
1328,6.392458333333334,6.4118125,6.127270833333333,5.521,0.7459791666666667,0.7341458333333333,0.7409374999999999,0.8247708333333333,8.304499999999999,8.270416666666668,8.060145833333333,7.6209375,197.21875,8.0728125,197.91875000000002,8.222520833333332,217.29999999999998,9.709520833333334,4.814125,6.776104166666666,8.831249999999999,11.255083333333333,76.17708333333333,86.7,1007.2708333333334,1012.2083333333334
1329,12.621021276595744,12.206468085106382,12.350468085106382,11.833851063829789,1.047127659574468,1.1727021276595744,1.0452765957446808,1.0819787234042553,15.262553191489362,15.159787234042552,14.980851063829787,14.615744680851062,229.1595744680851,4.078829787234043,230.41702127659576,4.458382978723405,251.65531914893614,5.566978723404256,10.278085106382978,12.978680851063832,15.683617021276596,16.225744680851065,82.82255319148936,86.7,1006.0212765957447,1010.5957446808511
1330,9.622063829787233,9.53263829787234,9.351382978723404,8.815063829787233,0.8813617021276595,0.9438297872340425,0.8618085106382979,0.8731702127659575,11.799787234042554,11.780234042553193,11.474106382978723,11.062553191489362,224.2808510638298,4.3924468085106385,225.72127659574468,4.707659574468085,246.7851063829787,5.636382978723405,7.795297872340426,9.987127659574467,12.18863829787234,15.52531914893617,83.5631914893617,86.7,1010.4042553191489,1015.063829787234
1331,5.565772727272727,5.423477272727273,5.490795454545455,4.954772727272727,0.5049318181818182,0.5504545454545454,0.50325,0.4976590909090909,6.864249999999999,6.825772727272727,6.6878863636363635,6.19865909090909,195.68681818181815,4.902181818181818,198.3084090909091,4.924159090909091,218.97727272727272,6.105272727272728,4.192977272727273,5.883227272727273,7.769568181818181,14.969090909090909,80.26295454545455,86.7,1009.75,1014.5909090909091
1332,8.796833333333334,8.7575,8.397041666666667,7.367125000000001,0.9261666666666667,0.9398124999999999,0.9335833333333333,0.9548958333333334,11.1066875,11.0833125,10.720958333333334,9.760833333333332,197.24791666666667,6.1498124999999995,196.83124999999998,6.526270833333334,219.41666666666666,9.961520833333333,6.9919375,9.3799375,12.23825,17.246458333333333,74.20875,86.7,997.25,1002.0833333333334
1333,11.476374999999999,10.974583333333333,11.2216875,10.765749999999999,1.0608958333333334,1.2276458333333333,1.0559375,1.1076041666666667,14.074729166666666,13.866666666666667,13.824458333333332,13.633875000000002,229.26458333333335,5.0040625,230.33124999999998,5.2749375,250.64374999999998,6.6617500000000005,9.195708333333334,11.787583333333332,14.396520833333334,13.465625000000001,63.16916666666666,86.7,999.2708333333334,1003.8333333333334
1334,5.918787234042553,5.846127659574467,5.721659574468085,5.179702127659574,0.5362127659574468,0.5261063829787234,0.5455744680851063,0.6112553191489362,7.3486170212765956,7.255446808510639,7.137212765957447,6.678936170212767,138.94659574468085,6.426446808510638,139.95468085106384,6.480744680851063,156.00425531914894,7.45168085106383,4.4045106382978725,6.2233829787234045,8.264872340425532,11.719148936170212,80.45063829787233,86.7,998.9148936170212,1003.7021276595744
1335,7.093812499999999,7.099895833333334,6.819145833333334,6.064166666666666,0.6343125,0.6376458333333334,0.6509791666666667,0.7645624999999999,8.581375,8.639333333333333,8.383604166666666,7.867999999999999,197.67708333333334,5.174166666666667,198.45624999999998,5.6096875,217.28125,7.411375,5.654062499999999,7.532916666666666,9.443416666666666,12.577708333333334,79.03354166666666,86.7,995.6458333333334,1000.4791666666666
1336,5.112936170212766,5.029382978723405,4.9220212765957445,4.547212765957447,0.6326170212765958,0.6726808510638298,0.6451276595744682,0.6549787234042553,6.605744680851064,6.615468085106383,6.386914893617021,6.033340425531915,215.08936170212766,5.992872340425532,215.39999999999998,6.1888297872340425,234.0468085106383,8.010787234042553,3.9285957446808513,5.347787234042554,6.8203191489361705,13.14340425531915,68.4104255319149,86.7,1000.5957446808511,1005.2765957446809
1337,5.823787234042554,5.746021276595744,5.3508297872340425,4.895340425531915,0.5395319148936171,0.49576595744680846,0.5487446808510639,0.6518297872340425,7.243255319148936,7.087106382978723,6.786957446808511,6.431829787234042,112.02468085106382,4.750553191489362,115.86617021276597,5.489425531914893,133.44765957446808,6.221148936170213,3.918382978723404,6.138617021276596,9.253808510638297,11.810425531914895,84.59042553191489,86.7,1000.2978723404256,1005.0
1338,7.550808510638297,7.498872340425532,7.114297872340426,6.448531914893618,0.7098723404255318,0.6721276595744681,0.7008510638297872,0.8713191489361701,9.133127659574468,9.009978723404256,8.805212765957448,8.461042553191488,224.80878723404254,5.154531914893617,231.22978723404253,5.078021276595745,237.2994680851064,11.507787234042553,5.590106382978724,7.966148936170213,10.509255319148936,11.219574468085108,91.76425531914894,86.7,998.3617021276596,1003.3617021276596
1339,7.543833333333334,7.3349761904761905,7.3578809523809525,7.103047619047619,0.7672380952380952,0.8355952380952381,0.7689047619047619,0.8052619047619047,9.41547619047619,9.407428571428571,9.242285714285714,9.099238095238096,227.53809523809525,5.5965952380952375,228.92619047619047,6.095309523809523,249.9142857142857,7.240690476190475,5.805095238095238,7.7512857142857134,9.712595238095238,13.47642857142857,63.788333333333334,86.7,1009.952380952381,1014.6904761904761
1340,5.595863636363636,5.4412045454545455,5.291,4.499431818181818,0.35827272727272724,0.36,0.40850000000000003,0.5363409090909091,6.460999999999999,6.338340909090909,6.218659090909091,5.727318181818182,123.88786363636363,6.4200681818181815,134.17131818181818,7.887022727272727,101.21006818181819,10.786386363636364,4.399272727272727,5.9664090909090906,7.896022727272728,11.472272727272726,86.54522727272727,86.7,1012.2272727272727,1016.9318181818181
1341,14.098936170212765,13.721063829787234,13.652340425531914,11.300212765957447,0.9641702127659575,0.9297659574468085,1.0532127659574468,1.3625744680851064,16.029148936170213,15.578936170212767,15.822765957446808,14.385106382978725,40.01461702127659,5.5719361702127665,40.652148936170214,5.846829787234042,25.659702127659575,7.934234042553191,11.400851063829787,15.168510638297871,18.939148936170213,10.596382978723403,84.47510638297872,86.7,1012.4042553191489,1016.5744680851063
1342,12.3275,12.0723125,11.511354166666665,9.258229166666666,0.7646875,0.7479375,0.8437083333333333,1.4538125,14.048916666666665,13.755749999999999,13.459458333333332,12.277500000000002,193.2101875,6.232875,192.955375,5.598520833333333,66.08589583333334,13.2113125,9.677312500000001,13.351750000000001,17.048958333333335,10.76375,99.28125,86.7,1004.0625,1008.8333333333334
1343,8.985125,8.856645833333333,8.497145833333333,7.3027291666666665,0.6977708333333333,0.6879375,0.7276666666666666,1.0949166666666665,10.604583333333332,10.494458333333332,10.267895833333332,9.67125,171.79664583333332,5.869395833333333,171.76839583333333,5.741791666666667,163.99127083333335,14.198500000000001,6.600208333333334,9.566958333333334,12.599729166666668,9.333625,98.675,86.7,996.0208333333334,1001.0208333333334
1344,4.830425531914893,4.799191489361703,4.641744680851064,4.171808510638297,0.5077234042553191,0.5092553191489362,0.5138297872340425,0.5581914893617022,6.057872340425531,6.036553191489362,5.8810851063829785,5.555702127659575,174.60212765957445,6.28495744680851,175.51063829787233,6.375553191489362,190.91702127659576,8.28036170212766,3.6478297872340426,5.110489361702128,6.6312127659574465,11.885319148936171,83.47425531914894,86.7,1000.1063829787234,1004.936170212766
1345,4.863466666666667,4.8362,4.670133333333333,4.213355555555555,0.6568666666666667,0.6460222222222222,0.6494888888888889,0.6940666666666667,6.538066666666667,6.480133333333333,6.3186888888888895,5.932244444444445,183.19111111111113,8.962955555555556,182.80666666666664,8.505022222222221,197.2577777777778,9.600177777777777,3.4910888888888887,5.157088888888889,6.937288888888888,13.478444444444444,81.25466666666667,86.7,1002.7777777777778,1007.7777777777778
1346,7.273854166666666,7.299125,6.905666666666666,6.123166666666666,0.7995416666666667,0.7948124999999999,0.8175416666666666,0.9021458333333333,9.316604166666666,9.33675,8.977291666666668,8.386458333333334,202.225,6.492854166666667,203.29166666666666,6.991604166666666,222.76874999999998,8.8630625,5.565895833333333,7.734749999999999,9.949958333333333,13.58,78.04,86.7,1004.2708333333334,1009.25
1347,9.505979166666666,9.473458333333333,9.187645833333333,8.460104166666666,0.9997291666666667,1.0158541666666667,0.9736250000000001,1.0286666666666666,12.089062499999999,12.09525,11.691062500000001,11.180875,214.48541666666665,5.6624375,215.5979166666667,6.015854166666667,235.70000000000002,7.4344166666666665,7.516375,9.970041666666667,12.446416666666666,14.989583333333334,73.58979166666667,86.7,1004.6041666666666,1009.5416666666666
1348,6.760106382978724,6.620893617021277,6.532787234042553,6.148063829787234,0.5835531914893617,0.6397021276595745,0.5865957446808511,0.6215744680851063,8.099553191489361,8.056531914893617,7.921936170212766,7.7431063829787234,220.28297872340423,5.297808510638299,218.63829787234042,5.188000000000001,237.65106382978723,6.706808510638298,5.471063829787234,7.006234042553191,8.644617021276597,15.249148936170213,66.34829787234042,86.7,1004.7659574468086,1009.7234042553191
1349,3.779,3.6529148936170217,3.715276595744681,3.258021276595745,0.29625531914893616,0.33065957446808514,0.30351063829787234,0.4207659574468085,4.488191489361702,4.436702127659575,4.428234042553192,4.195489361702127,217.4751063829787,5.589191489361702,217.99923404255318,6.314510638297872,188.06821276595744,9.641085106382977,2.7857659574468085,4.016617021276596,5.3877021276595745,12.719148936170212,85.5763829787234,86.7,1000.7446808510638,1005.7021276595744
1350,7.903369565217392,7.7405,7.727326086956522,7.557130434782608,0.7349565217391304,0.8361304347826087,0.7225,0.7565,9.707804347826087,9.709608695652173,9.54358695652174,9.465847826086955,233.30652173913043,5.572717391304349,234.40434782608696,5.808869565217391,253.66739130434783,7.105521739130435,6.096673913043478,8.097826086956522,10.117934782608696,13.364347826086956,69.28652173913044,86.7,1001.7391304347826,1006.5434782608696
1351,5.888085106382979,5.941148936170213,5.711148936170212,5.558446808510639,0.5905957446808511,0.6338936170212766,0.6052978723404255,0.6233617021276596,7.340829787234043,7.475,7.159340425531914,7.070659574468086,249.06382978723406,5.793553191489362,248.76382978723404,5.812744680851064,264.9340425531915,7.18631914893617,4.475659574468085,6.088021276595745,7.724255319148937,13.702765957446807,64.42106382978723,86.7,1009.9787234042553,1014.9787234042553
1352,4.7515833333333335,4.657979166666666,4.906645833333333,4.723520833333333,0.3309583333333333,0.33058333333333334,0.333375,0.3958541666666667,5.5860625,5.476458333333333,5.679666666666667,5.634104166666667,141.11583333333334,4.8726875000000005,143.26500000000001,4.4033541666666665,161.81979166666667,4.9232708333333335,3.3530208333333333,4.87725,6.5346875,13.230208333333332,77.05166666666666,86.7,1014.3541666666666,1019.2708333333334
1353,5.4485,5.297934782608696,4.978630434782609,4.349282608695653,0.4205,0.37632608695652175,0.42363043478260864,0.5389565217391304,6.498717391304348,6.314652173913044,6.012543478260869,5.689108695652174,100.08217391304348,6.488521739130435,101.7304347826087,5.9052173913043475,118.11043478260869,7.165478260869565,3.6592826086956523,5.761086956521739,8.236108695652174,13.295652173913044,86.49891304347825,86.7,1014.0,1018.9782608695652
1354,5.331382978723404,5.299234042553191,4.742297872340425,3.6519787234042553,0.3934468085106383,0.38061702127659575,0.4095744680851064,0.5920212765957447,6.200468085106383,6.129851063829787,5.6857021276595745,4.977957446808511,220.0431489361702,6.572212765957447,217.88355319148937,6.187808510638297,148.0214680851064,11.682255319148936,3.7770638297872337,5.885212765957447,8.172829787234042,13.194893617021275,99.95744680851064,86.7,1010.5957446808511,1015.3404255319149
1355,9.539333333333333,9.43825,9.140854166666667,6.767666666666667,0.5664166666666667,0.5552291666666667,0.6207916666666666,1.3786874999999998,10.769625,10.656708333333333,10.507125,9.577583333333333,344.6125,3.6958333333333333,344.14375,3.593875,223.33779166666667,16.639583333333334,7.434562499999999,10.652979166666666,13.877291666666666,11.902708333333335,99.98125,86.7,1015.7916666666666,1020.8958333333334
1356,6.042333333333333,5.839583333333334,5.938041666666667,5.203791666666667,0.4098333333333333,0.3943541666666666,0.4366041666666667,0.7291875,6.939979166666666,6.694416666666666,6.917166666666667,6.688020833333333,200.00279166666667,8.508166666666666,199.44674999999998,7.855625,42.02322916666667,11.0699375,4.845041666666667,6.393916666666667,8.006,11.107083333333334,90.49166666666667,86.7,1024.3125,1029.3541666666667
1357,3.5063829787234044,3.4003617021276598,3.414659574468085,3.4521489361702127,0.2663191489361702,0.2571276595744681,0.3339148936170213,0.3609361702127659,4.146872340425531,4.011872340425532,4.202914893617021,4.287085106382978,128.24674468085107,5.386127659574468,133.33089361702127,6.822893617021276,145.38382978723405,7.034106382978724,2.2142978723404254,3.5332765957446806,5.270255319148936,12.319999999999999,86.69297872340425,86.7,1025.2340425531916,1030.127659574468
1358,6.175208333333334,6.025958333333333,6.341020833333334,6.134458333333334,0.43645833333333334,0.42789583333333336,0.46812499999999996,0.5982916666666667,7.276604166666666,7.124833333333334,7.501874999999999,7.525645833333333,97.75520833333333,5.676645833333333,100.91479166666666,5.904625,116.16250000000001,6.8923125,4.446395833333333,6.310395833333334,8.241916666666667,12.818125,89.10645833333332,86.7,1019.1458333333334,1024.125
1359,5.0474000000000006,4.866,5.217422222222222,4.8815333333333335,0.4451333333333333,0.4810888888888889,0.4457333333333333,0.5223333333333333,6.106222222222222,6.025644444444445,6.280155555555555,6.006577777777777,174.83333333333334,6.314688888888889,176.34,6.1664,194.59777777777776,7.402755555555556,3.6332444444444447,5.256888888888889,7.778355555555556,17.400666666666666,85.28866666666666,86.7,1007.3777777777777,1012.3111111111111
1360,11.378510638297872,10.655425531914894,11.119489361702128,10.723382978723405,1.0360425531914894,1.2779148936170213,1.0438297872340425,1.0871063829787235,13.95368085106383,13.709765957446809,13.720702127659575,13.612744680851064,235.59148936170212,4.556106382978723,236.74680851063832,4.896234042553191,257.55744680851063,6.370638297872341,9.112191489361702,11.628744680851065,14.149574468085106,17.213404255319148,74.1,86.7,1002.7234042553191,1007.4042553191489
1361,8.769425531914894,8.585893617021277,8.591191489361702,8.398063829787235,0.917191489361702,1.0243404255319148,0.8877021276595745,0.9066595744680851,11.152276595744683,11.156978723404256,10.845638297872341,10.672787234042552,232.82829787234044,8.359957446808512,227.97489361702128,8.121148936170213,243.86085106382976,9.158191489361702,6.699659574468085,9.024914893617021,11.492,15.197872340425532,74.96,86.7,1008.4468085106383,1013.2127659574468
1362,5.277382978723405,5.272957446808511,5.2305744680851065,5.1241276595744685,0.5000212765957447,0.5279148936170213,0.4767446808510638,0.5069148936170212,6.501234042553191,6.533617021276595,6.403148936170212,6.427191489361703,197.13787234042553,6.5078297872340425,198.841914893617,6.3910638297872335,213.7859574468085,8.13036170212766,3.6510000000000002,5.442489361702128,7.532446808510638,13.963191489361702,71.63191489361702,86.7,1017.1702127659574,1021.9574468085107
1363,4.4525,4.383354166666667,4.508166666666667,4.161625,0.31945833333333334,0.32166666666666666,0.3293333333333333,0.44925,5.223166666666667,5.1503958333333335,5.3305,5.1316041666666665,186.98041666666666,4.777083333333334,187.38770833333334,4.504625,188.05802083333333,8.978520833333333,3.0350208333333337,4.6645625,6.6855625,13.707291666666668,76.36125,86.7,1020.4583333333334,1025.2291666666667
1364,6.720404255319148,6.715999999999999,6.498489361702127,6.2521489361702125,0.635,0.6793617021276596,0.6367659574468085,0.6437659574468085,8.26276595744681,8.354765957446808,8.064765957446808,7.883404255319149,248.7063829787234,5.830319148936169,250.42978723404258,6.355085106382979,269.48936170212767,8.128382978723405,5.096680851063829,6.976276595744681,8.944553191489362,15.921914893617021,73.2576595744681,86.7,1015.6170212765958,1020.3829787234042
1365,6.1957708333333334,6.088479166666667,6.0939375,5.930312499999999,0.7040625,0.7872499999999999,0.6934999999999999,0.717625,8.008770833333333,8.079895833333333,7.792166666666667,7.802625,241.17333333333332,8.71425,233.62843750000002,7.751124999999999,249.57041666666666,8.75425,4.692895833333333,6.401708333333333,8.307791666666667,16.541666666666668,75.28937499999999,86.7,1009.375,1014.0625
1366,5.350958333333334,5.319958333333333,5.050208333333333,4.3986875,0.45616666666666666,0.439,0.4824375,0.6139791666666666,6.452520833333334,6.367229166666667,6.205145833333333,5.896583333333333,111.30377083333333,5.472708333333333,112.18635416666666,5.744375000000001,113.26941666666666,9.305083333333334,3.9627083333333335,5.712708333333333,7.535708333333333,13.875416666666666,73.72812499999999,86.7,1006.6041666666666,1011.2291666666666
1367,3.8909583333333333,3.8349583333333332,3.684791666666667,3.2477291666666663,0.2884791666666667,0.27547916666666666,0.32577083333333334,0.5613541666666667,4.632708333333333,4.5391875,4.470104166666666,4.4638333333333335,140.91377083333333,5.513041666666666,141.36808333333332,5.990333333333333,150.67810416666666,12.745958333333334,2.7820416666666667,4.117625,5.506104166666667,12.379583333333334,77.37916666666666,86.7,1011.4791666666666,1016.1458333333334
1368,3.7636041666666666,3.7147291666666664,3.8067499999999996,3.7566875,0.27108333333333334,0.2637083333333333,0.2896458333333333,0.35237500000000005,4.429083333333334,4.3624583333333335,4.513270833333333,4.568208333333334,137.3575,4.991854166666667,137.06375,4.75325,153.47,6.5172083333333335,2.6903333333333332,3.8398125000000003,5.181979166666667,12.925624999999998,77.52312500000001,86.7,1014.8333333333334,1019.4375
1369,5.626085106382979,5.622553191489361,5.493085106382979,5.227382978723404,0.4719574468085106,0.483531914893617,0.4663617021276596,0.5175531914893617,6.799723404255319,6.844787234042553,6.657468085106383,6.471468085106383,218.24893617021277,4.855829787234042,219.95531914893616,5.188617021276596,241.74255319148935,6.458489361702127,4.439042553191489,5.841914893617021,7.2546808510638305,14.79531914893617,89.02148936170214,86.7,1012.7021276595744,1017.3191489361702
1370,6.34631914893617,6.251765957446809,6.171276595744681,5.731000000000001,0.4784255319148936,0.5386170212765957,0.48485106382978727,0.5188936170212766,7.496851063829786,7.512787234042553,7.332297872340425,6.969957446808511,226.32127659574468,4.136808510638298,227.3340425531915,4.522531914893617,248.34680851063828,5.038063829787234,5.2897234042553185,6.623297872340426,7.961085106382979,17.589148936170215,81.31851063829787,86.7,1008.3404255319149,1013.0
1371,6.297979166666667,6.176312500000001,6.082229166666667,5.718062499999999,0.5498958333333334,0.6465208333333333,0.5560208333333333,0.5821041666666666,7.589645833333333,7.644479166666667,7.433958333333333,7.1578124999999995,231.59583333333333,4.464604166666667,232.8083333333333,4.808833333333333,252.82083333333333,5.660374999999999,5.000854166666667,6.550958333333334,8.111729166666667,17.802083333333332,78.76625,86.7,1002.8541666666666,1007.625
1372,4.56408695652174,4.455391304347827,4.308326086956521,3.692369565217391,0.35845652173913045,0.3832608695652174,0.35897826086956525,0.451695652173913,5.423956521739131,5.396369565217391,5.203978260869564,4.7781521739130435,226.85628260869564,6.561521739130434,233.54560869565216,6.4291086956521735,209.86047826086957,10.164978260869566,3.654130434782609,4.8896304347826085,6.175695652173913,14.935434782608695,90.29739130434783,86.7,1007.6304347826087,1012.2391304347826
1373,4.163104166666667,4.175145833333334,3.9918541666666667,3.591041666666667,0.31277083333333333,0.2872291666666667,0.3303125,0.5191875,4.9013333333333335,4.838145833333333,4.783083333333333,4.7225624999999996,187.75679166666666,4.770520833333333,189.341875,4.5385625,146.324375,9.6885,3.0976250000000003,4.426729166666667,5.920729166666667,14.095625,94.41875,86.7,1015.3541666666666,1020.1875
1374,4.066375,4.041875,3.9016458333333333,3.419166666666667,0.3031875,0.2788333333333333,0.33466666666666667,0.5505833333333333,4.789229166666667,4.710145833333333,4.680958333333334,4.6209375,145.0403125,5.5315208333333326,151.76370833333334,5.833708333333334,143.26833333333335,10.866854166666668,2.9505208333333335,4.339729166666666,5.877354166666667,13.906875,88.89583333333333,86.7,1018.1666666666666,1022.75
1375,4.046708333333333,3.9209791666666667,4.092770833333334,4.0058541666666665,0.30902083333333336,0.322,0.32616666666666666,0.38604166666666667,4.8025625,4.6965208333333335,4.877083333333333,4.896833333333333,137.45604166666666,6.528208333333333,139.836875,5.551312500000001,157.22458333333333,7.194375,2.8174166666666665,4.125770833333333,5.649458333333333,14.559583333333334,86.19729166666667,86.7,1015.0625,1019.8125
1376,5.769666666666667,5.737749999999999,5.4872708333333335,5.129958333333334,0.48370833333333335,0.5162083333333333,0.48774999999999996,0.48452083333333335,6.869104166666666,6.943208333333334,6.6476875,6.296645833333333,236.70416666666665,6.036770833333333,231.66708333333335,6.557645833333333,247.96416666666667,7.96875,4.484541666666667,6.021416666666667,7.68975,18.327291666666667,71.14687500000001,86.7,1010.4375,1015.125
1377,7.2400416666666665,7.194729166666666,6.968833333333333,6.395499999999999,0.6456875,0.6722291666666668,0.6517083333333333,0.7099791666666667,8.909791666666667,8.877208333333334,8.610895833333332,8.159916666666666,215.80208333333334,4.812437500000001,217.26250000000002,5.163145833333333,238.9125,6.601041666666667,5.7538124999999996,7.595041666666667,9.450708333333333,17.584583333333335,71.40083333333334,86.7,1004.3958333333334,1008.9375
1378,8.84936170212766,8.617127659574468,8.66768085106383,8.338468085106383,0.8567021276595744,0.9574042553191489,0.8656382978723405,0.9597659574468086,11.009574468085107,10.960042553191489,10.776978723404255,10.70672340425532,234.13617021276596,5.529702127659575,235.16808510638296,5.681872340425532,253.24893617021277,7.459170212765958,6.983531914893617,9.122893617021276,11.27195744680851,16.790851063829788,71.64978723404255,86.7,999.4468085106383,1004.0
1379,6.810678571428572,6.810178571428572,6.508857142857143,5.744714285714286,0.6867142857142857,0.6838928571428572,0.7256071428571429,0.8301428571428572,8.545214285714286,8.526142857142856,8.254071428571429,7.7633214285714285,198.33214285714286,5.433285714285715,198.79642857142858,5.991321428571429,217.40357142857144,8.207071428571428,5.230785714285714,7.247392857142857,9.312,15.826785714285714,78.3307142857143,86.7,1001.5714285714286,1006.0714285714286
